-- при генерации и выполнении скрипта пришлось соблюдать последовтаельность заполнения таблиц
-- открыть и запустить не работает, т.к. есть зависисмости таблиц

#
# TABLE STRUCTURE FOR: cities
#

DROP TABLE IF EXISTS `cities`;

CREATE TABLE `cities` (
  `id` int(10) unsigned NOT NULL AUTO_INCREMENT COMMENT 'Код города',
  `country_id` int(10) unsigned NOT NULL COMMENT 'Ссылка на страну',
  `name` varchar(150) COLLATE utf8mb4_unicode_ci NOT NULL COMMENT 'Название Города',
  `created_at` datetime DEFAULT current_timestamp() COMMENT 'Время создания строки',
  `updated_at` datetime DEFAULT current_timestamp() ON UPDATE current_timestamp() COMMENT 'Время обновления строки',
  PRIMARY KEY (`id`),
  UNIQUE KEY `name` (`name`),
  KEY `country_id` (`country_id`),
  CONSTRAINT `cities_ibfk_1` FOREIGN KEY (`country_id`) REFERENCES `countries` (`id`)
) ENGINE=InnoDB AUTO_INCREMENT=51 DEFAULT CHARSET=utf8mb4 COLLATE=utf8mb4_unicode_ci COMMENT='Список выбора городов';

INSERT INTO `cities` (`id`, `country_id`, `name`, `created_at`, `updated_at`) VALUES (1, 1, 'aliquid', '1975-02-12 16:50:52', '2017-02-07 15:48:40');
INSERT INTO `cities` (`id`, `country_id`, `name`, `created_at`, `updated_at`) VALUES (2, 2, 'omnis', '1977-07-17 02:15:44', '2011-05-22 10:18:30');
INSERT INTO `cities` (`id`, `country_id`, `name`, `created_at`, `updated_at`) VALUES (3, 3, 'deleniti', '1977-01-06 14:42:31', '1976-08-10 05:04:27');
INSERT INTO `cities` (`id`, `country_id`, `name`, `created_at`, `updated_at`) VALUES (4, 4, 'eos', '1978-02-24 09:01:32', '2010-05-26 02:08:21');
INSERT INTO `cities` (`id`, `country_id`, `name`, `created_at`, `updated_at`) VALUES (5, 5, 'earum', '1978-08-11 13:48:31', '2004-06-19 08:26:24');
INSERT INTO `cities` (`id`, `country_id`, `name`, `created_at`, `updated_at`) VALUES (6, 6, 'dolorem', '2019-04-17 02:39:48', '1988-10-09 06:03:57');
INSERT INTO `cities` (`id`, `country_id`, `name`, `created_at`, `updated_at`) VALUES (7, 7, 'aut', '1973-12-11 22:03:52', '1987-12-25 19:52:05');
INSERT INTO `cities` (`id`, `country_id`, `name`, `created_at`, `updated_at`) VALUES (8, 8, 'temporibus', '1980-12-06 21:46:19', '1972-04-30 16:16:36');
INSERT INTO `cities` (`id`, `country_id`, `name`, `created_at`, `updated_at`) VALUES (9, 9, 'quibusdam', '1970-08-05 07:19:23', '2012-10-13 19:36:45');
INSERT INTO `cities` (`id`, `country_id`, `name`, `created_at`, `updated_at`) VALUES (10, 10, 'ut', '1971-09-06 06:32:20', '2015-02-02 17:40:27');
INSERT INTO `cities` (`id`, `country_id`, `name`, `created_at`, `updated_at`) VALUES (11, 11, 'architecto', '2011-05-29 04:46:45', '1972-05-26 20:58:28');
INSERT INTO `cities` (`id`, `country_id`, `name`, `created_at`, `updated_at`) VALUES (12, 12, 'quis', '2010-06-01 13:28:20', '1982-10-18 01:18:08');
INSERT INTO `cities` (`id`, `country_id`, `name`, `created_at`, `updated_at`) VALUES (13, 13, 'et', '2013-08-20 23:25:23', '1991-02-05 06:59:44');
INSERT INTO `cities` (`id`, `country_id`, `name`, `created_at`, `updated_at`) VALUES (14, 14, 'qui', '2003-02-11 00:11:10', '2011-11-14 03:18:51');
INSERT INTO `cities` (`id`, `country_id`, `name`, `created_at`, `updated_at`) VALUES (15, 15, 'quos', '2021-03-25 04:36:53', '1978-12-12 22:44:35');
INSERT INTO `cities` (`id`, `country_id`, `name`, `created_at`, `updated_at`) VALUES (16, 16, 'error', '1975-05-17 01:43:33', '1979-11-13 17:33:00');
INSERT INTO `cities` (`id`, `country_id`, `name`, `created_at`, `updated_at`) VALUES (17, 17, 'assumenda', '2000-02-17 13:14:07', '1975-11-23 17:39:46');
INSERT INTO `cities` (`id`, `country_id`, `name`, `created_at`, `updated_at`) VALUES (18, 18, 'sequi', '1974-10-26 09:29:32', '1989-02-22 18:01:38');
INSERT INTO `cities` (`id`, `country_id`, `name`, `created_at`, `updated_at`) VALUES (19, 19, 'magni', '2015-08-10 21:35:39', '2013-08-10 14:02:53');
INSERT INTO `cities` (`id`, `country_id`, `name`, `created_at`, `updated_at`) VALUES (20, 20, 'id', '2009-03-09 21:52:10', '1983-07-03 17:22:00');
INSERT INTO `cities` (`id`, `country_id`, `name`, `created_at`, `updated_at`) VALUES (21, 21, 'sint', '1990-10-01 18:38:21', '1972-07-03 20:13:10');
INSERT INTO `cities` (`id`, `country_id`, `name`, `created_at`, `updated_at`) VALUES (22, 22, 'reiciendis', '1980-07-19 08:59:24', '2011-09-23 23:36:32');
INSERT INTO `cities` (`id`, `country_id`, `name`, `created_at`, `updated_at`) VALUES (23, 23, 'quia', '2009-04-11 22:31:12', '1990-07-25 06:28:49');
INSERT INTO `cities` (`id`, `country_id`, `name`, `created_at`, `updated_at`) VALUES (24, 24, 'dolor', '2020-04-19 00:35:05', '2002-05-29 08:19:38');
INSERT INTO `cities` (`id`, `country_id`, `name`, `created_at`, `updated_at`) VALUES (25, 25, 'ea', '1989-11-16 02:19:10', '1974-06-21 04:15:08');
INSERT INTO `cities` (`id`, `country_id`, `name`, `created_at`, `updated_at`) VALUES (26, 1, 'odio', '1987-04-16 00:48:54', '2011-02-08 01:51:10');
INSERT INTO `cities` (`id`, `country_id`, `name`, `created_at`, `updated_at`) VALUES (27, 2, 'veritatis', '1993-10-28 01:11:37', '1999-10-25 15:48:59');
INSERT INTO `cities` (`id`, `country_id`, `name`, `created_at`, `updated_at`) VALUES (28, 3, 'quaerat', '1988-01-09 01:07:19', '2008-08-28 04:33:54');
INSERT INTO `cities` (`id`, `country_id`, `name`, `created_at`, `updated_at`) VALUES (29, 4, 'itaque', '1973-10-09 06:11:58', '1998-06-07 14:44:24');
INSERT INTO `cities` (`id`, `country_id`, `name`, `created_at`, `updated_at`) VALUES (30, 5, 'optio', '1999-12-19 20:54:25', '2020-05-27 06:36:32');
INSERT INTO `cities` (`id`, `country_id`, `name`, `created_at`, `updated_at`) VALUES (31, 6, 'perspiciatis', '2011-08-03 18:20:16', '2005-12-07 18:47:38');
INSERT INTO `cities` (`id`, `country_id`, `name`, `created_at`, `updated_at`) VALUES (32, 7, 'sunt', '1983-10-25 23:03:20', '1997-12-29 13:45:06');
INSERT INTO `cities` (`id`, `country_id`, `name`, `created_at`, `updated_at`) VALUES (33, 8, 'dolore', '2008-05-10 18:21:48', '1970-11-18 03:55:34');
INSERT INTO `cities` (`id`, `country_id`, `name`, `created_at`, `updated_at`) VALUES (34, 9, 'ab', '1991-05-07 08:37:19', '2001-03-19 15:55:51');
INSERT INTO `cities` (`id`, `country_id`, `name`, `created_at`, `updated_at`) VALUES (35, 10, 'ullam', '1984-02-23 17:51:41', '2008-11-08 18:14:00');
INSERT INTO `cities` (`id`, `country_id`, `name`, `created_at`, `updated_at`) VALUES (36, 11, 'quas', '2008-11-22 19:17:16', '2013-08-29 17:00:59');
INSERT INTO `cities` (`id`, `country_id`, `name`, `created_at`, `updated_at`) VALUES (37, 12, 'possimus', '1977-02-03 17:54:11', '2010-03-07 16:41:09');
INSERT INTO `cities` (`id`, `country_id`, `name`, `created_at`, `updated_at`) VALUES (38, 13, 'saepe', '1978-09-03 23:37:03', '2012-06-08 16:11:57');
INSERT INTO `cities` (`id`, `country_id`, `name`, `created_at`, `updated_at`) VALUES (39, 14, 'dolorum', '1992-02-05 13:51:55', '1978-12-17 20:14:47');
INSERT INTO `cities` (`id`, `country_id`, `name`, `created_at`, `updated_at`) VALUES (40, 15, 'fugit', '2014-07-14 12:34:53', '1997-06-05 14:08:03');
INSERT INTO `cities` (`id`, `country_id`, `name`, `created_at`, `updated_at`) VALUES (41, 16, 'sed', '2018-09-12 09:51:54', '2016-03-27 15:22:08');
INSERT INTO `cities` (`id`, `country_id`, `name`, `created_at`, `updated_at`) VALUES (42, 17, 'mollitia', '2003-01-07 00:49:22', '1999-09-29 14:38:24');
INSERT INTO `cities` (`id`, `country_id`, `name`, `created_at`, `updated_at`) VALUES (43, 18, 'iste', '2013-08-06 13:26:15', '1990-06-23 00:20:55');
INSERT INTO `cities` (`id`, `country_id`, `name`, `created_at`, `updated_at`) VALUES (44, 19, 'ex', '1970-02-16 08:00:15', '2017-12-13 02:28:12');
INSERT INTO `cities` (`id`, `country_id`, `name`, `created_at`, `updated_at`) VALUES (45, 20, 'labore', '1972-04-19 06:43:01', '1989-11-15 09:20:27');
INSERT INTO `cities` (`id`, `country_id`, `name`, `created_at`, `updated_at`) VALUES (46, 21, 'enim', '1982-10-07 18:27:03', '2015-11-19 03:02:14');
INSERT INTO `cities` (`id`, `country_id`, `name`, `created_at`, `updated_at`) VALUES (47, 22, 'voluptatum', '1993-06-26 17:31:25', '2011-05-30 03:32:32');
INSERT INTO `cities` (`id`, `country_id`, `name`, `created_at`, `updated_at`) VALUES (48, 23, 'vitae', '1975-11-06 06:10:41', '1979-11-01 17:13:49');
INSERT INTO `cities` (`id`, `country_id`, `name`, `created_at`, `updated_at`) VALUES (49, 24, 'nostrum', '1975-10-12 23:12:37', '1998-05-09 20:33:43');
INSERT INTO `cities` (`id`, `country_id`, `name`, `created_at`, `updated_at`) VALUES (50, 25, 'velit', '1972-07-29 00:56:26', '1971-12-20 07:21:41');


#
# TABLE STRUCTURE FOR: communities
#

DROP TABLE IF EXISTS `communities`;

CREATE TABLE `communities` (
  `id` int(10) unsigned NOT NULL AUTO_INCREMENT COMMENT 'Идентификатор сроки',
  `name` varchar(150) COLLATE utf8mb4_unicode_ci NOT NULL COMMENT 'Название группы',
  `created_at` datetime DEFAULT current_timestamp() COMMENT 'Время создания строки',
  `updated_at` datetime DEFAULT current_timestamp() ON UPDATE current_timestamp() COMMENT 'Время обновления строки',
  PRIMARY KEY (`id`),
  UNIQUE KEY `name` (`name`)
) ENGINE=InnoDB AUTO_INCREMENT=51 DEFAULT CHARSET=utf8mb4 COLLATE=utf8mb4_unicode_ci COMMENT='Группы';

INSERT INTO `communities` (`id`, `name`, `created_at`, `updated_at`) VALUES (1, 'vero', '1987-09-09 01:13:12', '2006-06-11 03:58:22');
INSERT INTO `communities` (`id`, `name`, `created_at`, `updated_at`) VALUES (2, 'id', '1975-01-24 11:14:28', '2021-03-04 16:51:30');
INSERT INTO `communities` (`id`, `name`, `created_at`, `updated_at`) VALUES (3, 'aut', '2006-06-15 09:22:06', '2004-10-23 14:08:59');
INSERT INTO `communities` (`id`, `name`, `created_at`, `updated_at`) VALUES (4, 'accusantium', '2014-11-27 11:56:50', '1974-01-13 02:27:57');
INSERT INTO `communities` (`id`, `name`, `created_at`, `updated_at`) VALUES (5, 'qui', '2019-03-31 12:12:34', '2001-07-15 21:35:27');
INSERT INTO `communities` (`id`, `name`, `created_at`, `updated_at`) VALUES (6, 'omnis', '1996-10-21 08:44:51', '2003-01-22 13:30:08');
INSERT INTO `communities` (`id`, `name`, `created_at`, `updated_at`) VALUES (7, 'voluptate', '1979-01-12 07:04:03', '2017-09-02 14:25:02');
INSERT INTO `communities` (`id`, `name`, `created_at`, `updated_at`) VALUES (8, 'earum', '2007-04-14 16:49:24', '2002-08-10 05:27:42');
INSERT INTO `communities` (`id`, `name`, `created_at`, `updated_at`) VALUES (9, 'non', '1982-11-30 18:18:36', '1987-10-09 05:43:08');
INSERT INTO `communities` (`id`, `name`, `created_at`, `updated_at`) VALUES (10, 'magni', '2014-03-24 09:38:28', '2013-08-06 10:26:22');
INSERT INTO `communities` (`id`, `name`, `created_at`, `updated_at`) VALUES (11, 'sint', '2017-12-10 10:29:30', '1980-03-20 12:40:08');
INSERT INTO `communities` (`id`, `name`, `created_at`, `updated_at`) VALUES (12, 'numquam', '2018-08-07 04:50:03', '1977-01-17 13:41:06');
INSERT INTO `communities` (`id`, `name`, `created_at`, `updated_at`) VALUES (13, 'possimus', '1989-06-01 07:49:06', '2003-10-23 00:23:30');
INSERT INTO `communities` (`id`, `name`, `created_at`, `updated_at`) VALUES (14, 'ab', '1976-01-05 14:33:17', '1977-05-04 05:59:13');
INSERT INTO `communities` (`id`, `name`, `created_at`, `updated_at`) VALUES (15, 'aspernatur', '2009-04-24 05:20:35', '1980-12-08 08:49:13');
INSERT INTO `communities` (`id`, `name`, `created_at`, `updated_at`) VALUES (16, 'nostrum', '1980-07-04 06:50:12', '2018-02-01 18:27:26');
INSERT INTO `communities` (`id`, `name`, `created_at`, `updated_at`) VALUES (17, 'provident', '1993-07-16 20:21:54', '2014-03-28 20:18:39');
INSERT INTO `communities` (`id`, `name`, `created_at`, `updated_at`) VALUES (18, 'animi', '1988-02-28 10:39:05', '1991-01-28 18:54:07');
INSERT INTO `communities` (`id`, `name`, `created_at`, `updated_at`) VALUES (19, 'velit', '2017-01-30 18:20:04', '1985-06-18 18:57:02');
INSERT INTO `communities` (`id`, `name`, `created_at`, `updated_at`) VALUES (20, 'ea', '1998-01-15 16:34:21', '1989-06-21 02:49:34');
INSERT INTO `communities` (`id`, `name`, `created_at`, `updated_at`) VALUES (21, 'voluptas', '1985-06-03 08:05:57', '2010-07-15 02:45:25');
INSERT INTO `communities` (`id`, `name`, `created_at`, `updated_at`) VALUES (22, 'est', '1982-07-12 02:41:57', '1993-01-25 01:49:39');
INSERT INTO `communities` (`id`, `name`, `created_at`, `updated_at`) VALUES (23, 'nemo', '1983-01-03 08:37:17', '1990-11-07 05:57:40');
INSERT INTO `communities` (`id`, `name`, `created_at`, `updated_at`) VALUES (24, 'doloremque', '1997-05-27 13:16:11', '1995-06-20 07:34:50');
INSERT INTO `communities` (`id`, `name`, `created_at`, `updated_at`) VALUES (25, 'dolores', '1989-12-31 03:41:06', '2006-04-08 19:45:17');
INSERT INTO `communities` (`id`, `name`, `created_at`, `updated_at`) VALUES (26, 'eius', '1970-10-06 18:33:58', '1973-05-07 19:30:21');
INSERT INTO `communities` (`id`, `name`, `created_at`, `updated_at`) VALUES (27, 'consequatur', '1987-10-13 05:07:23', '1978-12-03 16:43:22');
INSERT INTO `communities` (`id`, `name`, `created_at`, `updated_at`) VALUES (28, 'dolor', '1980-08-21 05:37:53', '2001-02-10 03:34:07');
INSERT INTO `communities` (`id`, `name`, `created_at`, `updated_at`) VALUES (29, 'dolorem', '1992-10-25 02:21:38', '1992-05-29 22:26:38');
INSERT INTO `communities` (`id`, `name`, `created_at`, `updated_at`) VALUES (30, 'ullam', '2008-08-24 13:55:19', '2004-08-09 23:57:23');
INSERT INTO `communities` (`id`, `name`, `created_at`, `updated_at`) VALUES (31, 'tempore', '2019-01-30 15:20:30', '1988-03-15 07:08:04');
INSERT INTO `communities` (`id`, `name`, `created_at`, `updated_at`) VALUES (32, 'odit', '1986-02-16 00:26:40', '1970-06-29 21:47:21');
INSERT INTO `communities` (`id`, `name`, `created_at`, `updated_at`) VALUES (33, 'ut', '2000-08-04 08:04:34', '1990-04-26 07:52:41');
INSERT INTO `communities` (`id`, `name`, `created_at`, `updated_at`) VALUES (34, 'vel', '1991-09-12 12:38:51', '1993-09-30 19:58:51');
INSERT INTO `communities` (`id`, `name`, `created_at`, `updated_at`) VALUES (35, 'eum', '1993-01-11 02:13:56', '1992-12-24 22:24:43');
INSERT INTO `communities` (`id`, `name`, `created_at`, `updated_at`) VALUES (36, 'quo', '1976-09-05 21:32:15', '1989-07-01 14:43:56');
INSERT INTO `communities` (`id`, `name`, `created_at`, `updated_at`) VALUES (37, 'enim', '1984-04-03 13:17:08', '1999-09-02 07:47:47');
INSERT INTO `communities` (`id`, `name`, `created_at`, `updated_at`) VALUES (38, 'rerum', '2000-04-08 23:47:27', '1997-05-20 07:21:16');
INSERT INTO `communities` (`id`, `name`, `created_at`, `updated_at`) VALUES (39, 'culpa', '1996-04-30 17:06:33', '1994-12-31 06:12:42');
INSERT INTO `communities` (`id`, `name`, `created_at`, `updated_at`) VALUES (40, 'sed', '2000-07-05 08:02:21', '1976-11-01 00:42:06');
INSERT INTO `communities` (`id`, `name`, `created_at`, `updated_at`) VALUES (41, 'deserunt', '1983-01-02 21:55:26', '2001-09-19 21:19:01');
INSERT INTO `communities` (`id`, `name`, `created_at`, `updated_at`) VALUES (42, 'corporis', '2016-07-15 14:29:56', '2008-12-08 22:38:37');
INSERT INTO `communities` (`id`, `name`, `created_at`, `updated_at`) VALUES (43, 'mollitia', '2016-10-29 13:24:42', '2018-07-17 22:11:01');
INSERT INTO `communities` (`id`, `name`, `created_at`, `updated_at`) VALUES (44, 'alias', '1991-09-03 14:44:24', '2011-09-19 23:06:01');
INSERT INTO `communities` (`id`, `name`, `created_at`, `updated_at`) VALUES (45, 'aperiam', '1971-03-07 21:19:58', '2016-10-17 08:02:52');
INSERT INTO `communities` (`id`, `name`, `created_at`, `updated_at`) VALUES (46, 'incidunt', '2012-05-08 10:08:24', '1992-01-13 23:07:34');
INSERT INTO `communities` (`id`, `name`, `created_at`, `updated_at`) VALUES (47, 'impedit', '2005-02-27 08:50:32', '2008-11-26 07:48:32');
INSERT INTO `communities` (`id`, `name`, `created_at`, `updated_at`) VALUES (48, 'assumenda', '2002-07-29 01:29:38', '1991-06-20 00:34:01');
INSERT INTO `communities` (`id`, `name`, `created_at`, `updated_at`) VALUES (49, 'dolore', '2021-04-12 17:25:47', '1987-08-29 03:02:04');
INSERT INTO `communities` (`id`, `name`, `created_at`, `updated_at`) VALUES (50, 'dolorum', '2010-06-03 23:01:09', '1970-07-28 12:47:37');


#
# TABLE STRUCTURE FOR: communities_users
#

DROP TABLE IF EXISTS `communities_users`;

CREATE TABLE `communities_users` (
  `community_id` int(10) unsigned NOT NULL COMMENT 'Ссылка на группу',
  `user_id` int(10) unsigned NOT NULL COMMENT 'Ссылка на пользователя',
  `created_at` datetime DEFAULT current_timestamp() COMMENT 'Время создания строки',
  PRIMARY KEY (`community_id`,`user_id`) COMMENT 'Составной первичный ключ',
  KEY `user_id` (`user_id`),
  CONSTRAINT `communities_users_ibfk_1` FOREIGN KEY (`community_id`) REFERENCES `communities` (`id`),
  CONSTRAINT `communities_users_ibfk_2` FOREIGN KEY (`user_id`) REFERENCES `users` (`id`)
) ENGINE=InnoDB DEFAULT CHARSET=utf8mb4 COLLATE=utf8mb4_unicode_ci COMMENT='Участники групп, связь между пользователями и группами';

INSERT INTO `communities_users` (`community_id`, `user_id`, `created_at`) VALUES (1, 1, '2001-12-17 05:12:44');
INSERT INTO `communities_users` (`community_id`, `user_id`, `created_at`) VALUES (1, 51, '2003-11-21 03:06:20');
INSERT INTO `communities_users` (`community_id`, `user_id`, `created_at`) VALUES (2, 2, '2020-08-28 12:10:43');
INSERT INTO `communities_users` (`community_id`, `user_id`, `created_at`) VALUES (2, 52, '1988-09-02 20:13:19');
INSERT INTO `communities_users` (`community_id`, `user_id`, `created_at`) VALUES (3, 3, '2008-05-09 04:28:05');
INSERT INTO `communities_users` (`community_id`, `user_id`, `created_at`) VALUES (3, 53, '1998-12-25 04:54:49');
INSERT INTO `communities_users` (`community_id`, `user_id`, `created_at`) VALUES (4, 4, '1999-10-07 07:34:23');
INSERT INTO `communities_users` (`community_id`, `user_id`, `created_at`) VALUES (4, 54, '1996-03-16 05:57:58');
INSERT INTO `communities_users` (`community_id`, `user_id`, `created_at`) VALUES (5, 5, '1986-09-09 20:02:07');
INSERT INTO `communities_users` (`community_id`, `user_id`, `created_at`) VALUES (5, 55, '1999-07-29 02:40:46');
INSERT INTO `communities_users` (`community_id`, `user_id`, `created_at`) VALUES (6, 6, '1977-06-08 14:12:20');
INSERT INTO `communities_users` (`community_id`, `user_id`, `created_at`) VALUES (6, 56, '1995-11-17 16:21:04');
INSERT INTO `communities_users` (`community_id`, `user_id`, `created_at`) VALUES (7, 7, '1991-10-07 00:00:22');
INSERT INTO `communities_users` (`community_id`, `user_id`, `created_at`) VALUES (7, 57, '1999-12-20 08:56:10');
INSERT INTO `communities_users` (`community_id`, `user_id`, `created_at`) VALUES (8, 8, '1975-10-15 05:48:32');
INSERT INTO `communities_users` (`community_id`, `user_id`, `created_at`) VALUES (8, 58, '2015-01-24 14:38:29');
INSERT INTO `communities_users` (`community_id`, `user_id`, `created_at`) VALUES (9, 9, '1996-01-09 14:27:39');
INSERT INTO `communities_users` (`community_id`, `user_id`, `created_at`) VALUES (9, 59, '2007-10-14 02:30:36');
INSERT INTO `communities_users` (`community_id`, `user_id`, `created_at`) VALUES (10, 10, '2002-06-08 04:20:06');
INSERT INTO `communities_users` (`community_id`, `user_id`, `created_at`) VALUES (10, 60, '1983-08-07 11:41:27');
INSERT INTO `communities_users` (`community_id`, `user_id`, `created_at`) VALUES (11, 11, '2005-02-18 06:33:39');
INSERT INTO `communities_users` (`community_id`, `user_id`, `created_at`) VALUES (11, 61, '2007-09-21 10:44:38');
INSERT INTO `communities_users` (`community_id`, `user_id`, `created_at`) VALUES (12, 12, '2002-04-18 10:24:19');
INSERT INTO `communities_users` (`community_id`, `user_id`, `created_at`) VALUES (12, 62, '1986-09-23 14:24:37');
INSERT INTO `communities_users` (`community_id`, `user_id`, `created_at`) VALUES (13, 13, '1970-08-13 07:39:28');
INSERT INTO `communities_users` (`community_id`, `user_id`, `created_at`) VALUES (13, 63, '1977-09-25 02:16:46');
INSERT INTO `communities_users` (`community_id`, `user_id`, `created_at`) VALUES (14, 14, '2017-12-16 00:23:42');
INSERT INTO `communities_users` (`community_id`, `user_id`, `created_at`) VALUES (14, 64, '2009-09-17 08:31:19');
INSERT INTO `communities_users` (`community_id`, `user_id`, `created_at`) VALUES (15, 15, '1988-05-08 00:47:37');
INSERT INTO `communities_users` (`community_id`, `user_id`, `created_at`) VALUES (15, 65, '2016-02-06 07:58:49');
INSERT INTO `communities_users` (`community_id`, `user_id`, `created_at`) VALUES (16, 16, '2018-05-15 00:32:11');
INSERT INTO `communities_users` (`community_id`, `user_id`, `created_at`) VALUES (16, 66, '2012-06-13 19:01:31');
INSERT INTO `communities_users` (`community_id`, `user_id`, `created_at`) VALUES (17, 17, '1990-02-18 09:40:22');
INSERT INTO `communities_users` (`community_id`, `user_id`, `created_at`) VALUES (17, 67, '2005-06-11 02:12:41');
INSERT INTO `communities_users` (`community_id`, `user_id`, `created_at`) VALUES (18, 18, '2015-10-27 22:34:53');
INSERT INTO `communities_users` (`community_id`, `user_id`, `created_at`) VALUES (18, 68, '1979-10-25 12:08:06');
INSERT INTO `communities_users` (`community_id`, `user_id`, `created_at`) VALUES (19, 19, '2010-11-11 20:42:12');
INSERT INTO `communities_users` (`community_id`, `user_id`, `created_at`) VALUES (19, 69, '2007-11-17 20:39:49');
INSERT INTO `communities_users` (`community_id`, `user_id`, `created_at`) VALUES (20, 20, '2016-06-30 15:06:18');
INSERT INTO `communities_users` (`community_id`, `user_id`, `created_at`) VALUES (20, 70, '1988-09-25 10:55:28');
INSERT INTO `communities_users` (`community_id`, `user_id`, `created_at`) VALUES (21, 21, '1989-01-17 21:12:09');
INSERT INTO `communities_users` (`community_id`, `user_id`, `created_at`) VALUES (21, 71, '1970-11-23 09:33:39');
INSERT INTO `communities_users` (`community_id`, `user_id`, `created_at`) VALUES (22, 22, '1986-10-11 11:28:51');
INSERT INTO `communities_users` (`community_id`, `user_id`, `created_at`) VALUES (22, 72, '2005-09-18 16:57:13');
INSERT INTO `communities_users` (`community_id`, `user_id`, `created_at`) VALUES (23, 23, '2018-01-23 14:32:19');
INSERT INTO `communities_users` (`community_id`, `user_id`, `created_at`) VALUES (23, 73, '1980-07-28 10:50:53');
INSERT INTO `communities_users` (`community_id`, `user_id`, `created_at`) VALUES (24, 24, '2020-11-20 20:21:25');
INSERT INTO `communities_users` (`community_id`, `user_id`, `created_at`) VALUES (24, 74, '1989-08-20 00:59:06');
INSERT INTO `communities_users` (`community_id`, `user_id`, `created_at`) VALUES (25, 25, '1993-03-21 22:18:39');
INSERT INTO `communities_users` (`community_id`, `user_id`, `created_at`) VALUES (25, 75, '1988-10-09 08:14:14');
INSERT INTO `communities_users` (`community_id`, `user_id`, `created_at`) VALUES (26, 26, '1991-12-16 15:24:08');
INSERT INTO `communities_users` (`community_id`, `user_id`, `created_at`) VALUES (26, 76, '2005-09-02 18:30:17');
INSERT INTO `communities_users` (`community_id`, `user_id`, `created_at`) VALUES (27, 27, '1971-06-30 04:40:42');
INSERT INTO `communities_users` (`community_id`, `user_id`, `created_at`) VALUES (27, 77, '2005-09-02 13:48:21');
INSERT INTO `communities_users` (`community_id`, `user_id`, `created_at`) VALUES (28, 28, '2001-12-04 10:50:21');
INSERT INTO `communities_users` (`community_id`, `user_id`, `created_at`) VALUES (28, 78, '1976-12-16 13:17:29');
INSERT INTO `communities_users` (`community_id`, `user_id`, `created_at`) VALUES (29, 29, '2012-11-22 04:27:29');
INSERT INTO `communities_users` (`community_id`, `user_id`, `created_at`) VALUES (29, 79, '2007-07-26 23:43:02');
INSERT INTO `communities_users` (`community_id`, `user_id`, `created_at`) VALUES (30, 30, '1980-04-12 01:38:08');
INSERT INTO `communities_users` (`community_id`, `user_id`, `created_at`) VALUES (30, 80, '1992-09-17 10:00:06');
INSERT INTO `communities_users` (`community_id`, `user_id`, `created_at`) VALUES (31, 31, '1991-01-21 12:11:15');
INSERT INTO `communities_users` (`community_id`, `user_id`, `created_at`) VALUES (31, 81, '1984-02-15 16:07:00');
INSERT INTO `communities_users` (`community_id`, `user_id`, `created_at`) VALUES (32, 32, '1973-10-17 19:33:17');
INSERT INTO `communities_users` (`community_id`, `user_id`, `created_at`) VALUES (32, 82, '2016-09-08 04:01:15');
INSERT INTO `communities_users` (`community_id`, `user_id`, `created_at`) VALUES (33, 33, '1990-07-08 18:04:42');
INSERT INTO `communities_users` (`community_id`, `user_id`, `created_at`) VALUES (33, 83, '2008-04-29 23:10:43');
INSERT INTO `communities_users` (`community_id`, `user_id`, `created_at`) VALUES (34, 34, '2002-10-28 04:38:16');
INSERT INTO `communities_users` (`community_id`, `user_id`, `created_at`) VALUES (34, 84, '1973-07-25 08:22:52');
INSERT INTO `communities_users` (`community_id`, `user_id`, `created_at`) VALUES (35, 35, '2010-08-17 05:00:35');
INSERT INTO `communities_users` (`community_id`, `user_id`, `created_at`) VALUES (35, 85, '2015-08-19 14:47:34');
INSERT INTO `communities_users` (`community_id`, `user_id`, `created_at`) VALUES (36, 36, '1988-08-26 02:24:44');
INSERT INTO `communities_users` (`community_id`, `user_id`, `created_at`) VALUES (36, 86, '1994-08-09 21:41:37');
INSERT INTO `communities_users` (`community_id`, `user_id`, `created_at`) VALUES (37, 37, '2004-09-06 23:30:42');
INSERT INTO `communities_users` (`community_id`, `user_id`, `created_at`) VALUES (37, 87, '2018-08-29 20:53:36');
INSERT INTO `communities_users` (`community_id`, `user_id`, `created_at`) VALUES (38, 38, '2000-12-06 20:28:48');
INSERT INTO `communities_users` (`community_id`, `user_id`, `created_at`) VALUES (38, 88, '1972-06-12 11:35:08');
INSERT INTO `communities_users` (`community_id`, `user_id`, `created_at`) VALUES (39, 39, '1992-04-16 21:34:54');
INSERT INTO `communities_users` (`community_id`, `user_id`, `created_at`) VALUES (39, 89, '1985-07-15 10:31:17');
INSERT INTO `communities_users` (`community_id`, `user_id`, `created_at`) VALUES (40, 40, '2007-12-07 22:41:43');
INSERT INTO `communities_users` (`community_id`, `user_id`, `created_at`) VALUES (40, 90, '2007-02-09 23:37:00');
INSERT INTO `communities_users` (`community_id`, `user_id`, `created_at`) VALUES (41, 41, '1974-12-19 20:04:10');
INSERT INTO `communities_users` (`community_id`, `user_id`, `created_at`) VALUES (41, 91, '1970-10-14 22:27:17');
INSERT INTO `communities_users` (`community_id`, `user_id`, `created_at`) VALUES (42, 42, '2010-08-08 02:21:55');
INSERT INTO `communities_users` (`community_id`, `user_id`, `created_at`) VALUES (42, 92, '1989-02-18 16:15:47');
INSERT INTO `communities_users` (`community_id`, `user_id`, `created_at`) VALUES (43, 43, '2000-01-01 14:07:30');
INSERT INTO `communities_users` (`community_id`, `user_id`, `created_at`) VALUES (43, 93, '2001-08-10 23:07:21');
INSERT INTO `communities_users` (`community_id`, `user_id`, `created_at`) VALUES (44, 44, '1977-01-25 02:57:37');
INSERT INTO `communities_users` (`community_id`, `user_id`, `created_at`) VALUES (44, 94, '1979-06-01 13:47:08');
INSERT INTO `communities_users` (`community_id`, `user_id`, `created_at`) VALUES (45, 45, '2002-07-13 23:18:34');
INSERT INTO `communities_users` (`community_id`, `user_id`, `created_at`) VALUES (45, 95, '1981-12-20 12:03:05');
INSERT INTO `communities_users` (`community_id`, `user_id`, `created_at`) VALUES (46, 46, '2007-02-09 06:37:37');
INSERT INTO `communities_users` (`community_id`, `user_id`, `created_at`) VALUES (46, 96, '2017-06-17 07:31:50');
INSERT INTO `communities_users` (`community_id`, `user_id`, `created_at`) VALUES (47, 47, '2020-09-24 16:25:24');
INSERT INTO `communities_users` (`community_id`, `user_id`, `created_at`) VALUES (47, 97, '1985-07-21 13:54:10');
INSERT INTO `communities_users` (`community_id`, `user_id`, `created_at`) VALUES (48, 48, '1978-03-19 20:51:15');
INSERT INTO `communities_users` (`community_id`, `user_id`, `created_at`) VALUES (48, 98, '1997-10-18 00:37:23');
INSERT INTO `communities_users` (`community_id`, `user_id`, `created_at`) VALUES (49, 49, '1990-08-03 03:52:39');
INSERT INTO `communities_users` (`community_id`, `user_id`, `created_at`) VALUES (49, 99, '1978-08-04 05:06:27');
INSERT INTO `communities_users` (`community_id`, `user_id`, `created_at`) VALUES (50, 50, '2009-12-27 22:38:46');
INSERT INTO `communities_users` (`community_id`, `user_id`, `created_at`) VALUES (50, 100, '1996-07-04 12:58:49');


#
# TABLE STRUCTURE FOR: countries
#

DROP TABLE IF EXISTS `countries`;

CREATE TABLE `countries` (
  `id` int(10) unsigned NOT NULL AUTO_INCREMENT COMMENT 'Код страны',
  `name` varchar(150) COLLATE utf8mb4_unicode_ci NOT NULL COMMENT 'Название Страны',
  `created_at` datetime DEFAULT current_timestamp() COMMENT 'Время создания строки',
  `updated_at` datetime DEFAULT current_timestamp() ON UPDATE current_timestamp() COMMENT 'Время обновления строки',
  PRIMARY KEY (`id`),
  UNIQUE KEY `name` (`name`)
) ENGINE=InnoDB AUTO_INCREMENT=26 DEFAULT CHARSET=utf8mb4 COLLATE=utf8mb4_unicode_ci COMMENT='Список выбора стран';

INSERT INTO `countries` (`id`, `name`, `created_at`, `updated_at`) VALUES (1, 'voluptas', '2011-06-27 18:24:56', '1986-08-30 07:01:26');
INSERT INTO `countries` (`id`, `name`, `created_at`, `updated_at`) VALUES (2, 'est', '1986-08-21 18:10:01', '2010-01-04 16:05:45');
INSERT INTO `countries` (`id`, `name`, `created_at`, `updated_at`) VALUES (3, 'nam', '2005-01-31 01:41:24', '2017-03-12 07:55:44');
INSERT INTO `countries` (`id`, `name`, `created_at`, `updated_at`) VALUES (4, 'itaque', '1977-02-03 04:52:56', '1975-02-23 21:31:39');
INSERT INTO `countries` (`id`, `name`, `created_at`, `updated_at`) VALUES (5, 'sed', '1976-01-14 19:01:36', '2005-01-30 13:40:58');
INSERT INTO `countries` (`id`, `name`, `created_at`, `updated_at`) VALUES (6, 'eum', '1986-03-06 21:39:22', '1995-04-22 10:20:23');
INSERT INTO `countries` (`id`, `name`, `created_at`, `updated_at`) VALUES (7, 'facilis', '1985-09-25 02:05:55', '1978-08-21 01:07:49');
INSERT INTO `countries` (`id`, `name`, `created_at`, `updated_at`) VALUES (8, 'inventore', '1982-09-12 00:17:59', '1997-08-04 14:06:16');
INSERT INTO `countries` (`id`, `name`, `created_at`, `updated_at`) VALUES (9, 'optio', '2018-10-14 08:49:48', '1985-12-15 03:54:18');
INSERT INTO `countries` (`id`, `name`, `created_at`, `updated_at`) VALUES (10, 'provident', '2013-06-10 15:44:44', '2010-04-13 11:58:02');
INSERT INTO `countries` (`id`, `name`, `created_at`, `updated_at`) VALUES (11, 'sapiente', '1983-03-07 01:17:06', '2016-05-01 04:48:38');
INSERT INTO `countries` (`id`, `name`, `created_at`, `updated_at`) VALUES (12, 'voluptatem', '2007-06-21 09:54:11', '1983-05-06 00:46:14');
INSERT INTO `countries` (`id`, `name`, `created_at`, `updated_at`) VALUES (13, 'facere', '2005-04-09 23:45:53', '1999-09-10 07:30:16');
INSERT INTO `countries` (`id`, `name`, `created_at`, `updated_at`) VALUES (14, 'laborum', '1986-05-19 17:32:57', '1976-07-19 08:28:38');
INSERT INTO `countries` (`id`, `name`, `created_at`, `updated_at`) VALUES (15, 'perspiciatis', '1982-05-23 15:39:46', '1989-12-16 07:54:16');
INSERT INTO `countries` (`id`, `name`, `created_at`, `updated_at`) VALUES (16, 'id', '2016-04-11 06:30:21', '1995-06-06 03:13:57');
INSERT INTO `countries` (`id`, `name`, `created_at`, `updated_at`) VALUES (17, 'quod', '2007-12-25 08:09:55', '2008-12-24 20:37:28');
INSERT INTO `countries` (`id`, `name`, `created_at`, `updated_at`) VALUES (18, 'illum', '2010-10-21 10:09:52', '1998-08-05 19:11:49');
INSERT INTO `countries` (`id`, `name`, `created_at`, `updated_at`) VALUES (19, 'ipsum', '1989-07-12 12:36:22', '2012-02-29 00:04:53');
INSERT INTO `countries` (`id`, `name`, `created_at`, `updated_at`) VALUES (20, 'impedit', '2017-09-01 12:30:02', '1996-07-07 02:18:19');
INSERT INTO `countries` (`id`, `name`, `created_at`, `updated_at`) VALUES (21, 'cum', '1983-08-12 21:25:29', '2001-11-01 23:16:35');
INSERT INTO `countries` (`id`, `name`, `created_at`, `updated_at`) VALUES (22, 'perferendis', '1997-12-18 08:50:55', '2009-01-30 11:07:00');
INSERT INTO `countries` (`id`, `name`, `created_at`, `updated_at`) VALUES (23, 'aut', '1993-05-12 21:12:27', '1989-12-04 23:09:19');
INSERT INTO `countries` (`id`, `name`, `created_at`, `updated_at`) VALUES (24, 'recusandae', '2012-04-22 01:38:14', '1977-11-22 23:53:37');
INSERT INTO `countries` (`id`, `name`, `created_at`, `updated_at`) VALUES (25, 'totam', '2005-08-14 00:42:02', '2006-02-10 20:14:51');


#
# TABLE STRUCTURE FOR: friendship
#

DROP TABLE IF EXISTS `friendship`;

CREATE TABLE `friendship` (
  `user_id` int(10) unsigned NOT NULL COMMENT 'Ссылка на инициатора дружеских отношений',
  `friend_id` int(10) unsigned NOT NULL COMMENT 'Ссылка на получателя приглашения дружить',
  `status_id` int(10) unsigned NOT NULL COMMENT 'Ссылка на статус (текущее состояние) отношений',
  `requested_at` datetime DEFAULT current_timestamp() COMMENT 'Время отправления приглашения дружить',
  `confirmed_at` datetime DEFAULT NULL COMMENT 'Время подтверждения приглашения',
  `created_at` datetime DEFAULT current_timestamp() COMMENT 'Время создания строки',
  `updated_at` datetime DEFAULT current_timestamp() ON UPDATE current_timestamp() COMMENT 'Время обновления строки',
  PRIMARY KEY (`user_id`,`friend_id`) COMMENT 'Составной первичный ключ',
  KEY `friend_id` (`friend_id`),
  KEY `status_id` (`status_id`),
  CONSTRAINT `friendship_ibfk_1` FOREIGN KEY (`user_id`) REFERENCES `users` (`id`),
  CONSTRAINT `friendship_ibfk_2` FOREIGN KEY (`friend_id`) REFERENCES `users` (`id`),
  CONSTRAINT `friendship_ibfk_3` FOREIGN KEY (`status_id`) REFERENCES `friendship_statuses` (`id`)
) ENGINE=InnoDB DEFAULT CHARSET=utf8mb4 COLLATE=utf8mb4_unicode_ci COMMENT='Таблица дружбы';

INSERT INTO `friendship` (`user_id`, `friend_id`, `status_id`, `requested_at`, `confirmed_at`, `created_at`, `updated_at`) VALUES (1, 1, 1, '2019-08-22 09:00:04', '2014-01-31 18:42:26', '1985-05-07 17:38:28', '1989-10-22 07:16:53');
INSERT INTO `friendship` (`user_id`, `friend_id`, `status_id`, `requested_at`, `confirmed_at`, `created_at`, `updated_at`) VALUES (2, 2, 2, '1993-07-13 03:43:07', '1989-05-27 19:55:15', '1992-05-17 14:13:35', '1975-07-29 03:30:59');
INSERT INTO `friendship` (`user_id`, `friend_id`, `status_id`, `requested_at`, `confirmed_at`, `created_at`, `updated_at`) VALUES (3, 3, 3, '2005-02-01 00:19:12', '1988-07-30 15:01:01', '1998-10-06 09:28:49', '2012-06-05 07:43:26');
INSERT INTO `friendship` (`user_id`, `friend_id`, `status_id`, `requested_at`, `confirmed_at`, `created_at`, `updated_at`) VALUES (4, 4, 4, '1995-01-28 19:24:48', '2005-10-25 20:59:57', '1990-09-27 15:56:49', '1995-01-27 20:52:18');
INSERT INTO `friendship` (`user_id`, `friend_id`, `status_id`, `requested_at`, `confirmed_at`, `created_at`, `updated_at`) VALUES (5, 5, 5, '1998-03-07 00:20:54', '2013-08-28 08:06:21', '2016-06-18 02:11:56', '1971-09-23 21:24:58');
INSERT INTO `friendship` (`user_id`, `friend_id`, `status_id`, `requested_at`, `confirmed_at`, `created_at`, `updated_at`) VALUES (6, 6, 6, '1988-07-26 13:45:58', '2016-05-07 01:51:18', '1996-06-17 06:27:35', '2015-12-02 12:54:03');
INSERT INTO `friendship` (`user_id`, `friend_id`, `status_id`, `requested_at`, `confirmed_at`, `created_at`, `updated_at`) VALUES (7, 7, 7, '1983-09-17 05:41:10', '1986-10-16 01:19:27', '2008-04-23 07:06:44', '1992-02-17 06:06:09');
INSERT INTO `friendship` (`user_id`, `friend_id`, `status_id`, `requested_at`, `confirmed_at`, `created_at`, `updated_at`) VALUES (8, 8, 8, '2015-02-05 05:18:52', '1973-04-24 07:57:29', '2019-07-05 08:55:22', '1974-05-03 10:59:08');
INSERT INTO `friendship` (`user_id`, `friend_id`, `status_id`, `requested_at`, `confirmed_at`, `created_at`, `updated_at`) VALUES (9, 9, 9, '2004-04-06 20:41:57', '1972-06-03 14:51:39', '2019-08-09 18:28:34', '2006-06-11 20:04:39');
INSERT INTO `friendship` (`user_id`, `friend_id`, `status_id`, `requested_at`, `confirmed_at`, `created_at`, `updated_at`) VALUES (10, 10, 10, '1971-10-21 14:04:53', '2009-08-16 02:16:34', '1994-05-28 23:10:56', '1973-09-18 21:15:52');
INSERT INTO `friendship` (`user_id`, `friend_id`, `status_id`, `requested_at`, `confirmed_at`, `created_at`, `updated_at`) VALUES (11, 11, 11, '1973-05-26 02:51:00', '2019-12-17 08:51:00', '2013-12-21 06:26:07', '2007-09-28 08:31:21');
INSERT INTO `friendship` (`user_id`, `friend_id`, `status_id`, `requested_at`, `confirmed_at`, `created_at`, `updated_at`) VALUES (12, 12, 12, '2006-08-16 17:32:36', '1979-08-05 04:21:25', '1989-12-24 20:59:59', '2002-08-13 16:28:01');
INSERT INTO `friendship` (`user_id`, `friend_id`, `status_id`, `requested_at`, `confirmed_at`, `created_at`, `updated_at`) VALUES (13, 13, 13, '2011-04-22 20:05:56', '1975-06-27 08:06:07', '1990-06-10 01:22:55', '2005-12-02 10:59:43');
INSERT INTO `friendship` (`user_id`, `friend_id`, `status_id`, `requested_at`, `confirmed_at`, `created_at`, `updated_at`) VALUES (14, 14, 14, '1987-02-18 06:51:10', '1995-06-22 07:51:46', '2010-10-09 01:41:33', '2008-01-01 17:47:50');
INSERT INTO `friendship` (`user_id`, `friend_id`, `status_id`, `requested_at`, `confirmed_at`, `created_at`, `updated_at`) VALUES (15, 15, 15, '1978-08-06 22:03:01', '1974-08-04 10:04:12', '2013-01-10 13:22:35', '1992-02-09 06:12:59');
INSERT INTO `friendship` (`user_id`, `friend_id`, `status_id`, `requested_at`, `confirmed_at`, `created_at`, `updated_at`) VALUES (16, 16, 16, '1981-07-04 14:56:39', '2019-11-11 20:02:40', '1975-01-07 22:00:38', '1970-10-29 15:18:13');
INSERT INTO `friendship` (`user_id`, `friend_id`, `status_id`, `requested_at`, `confirmed_at`, `created_at`, `updated_at`) VALUES (17, 17, 17, '1976-12-31 18:43:06', '1972-06-13 07:45:30', '2000-11-27 16:39:16', '2004-04-24 15:34:12');
INSERT INTO `friendship` (`user_id`, `friend_id`, `status_id`, `requested_at`, `confirmed_at`, `created_at`, `updated_at`) VALUES (18, 18, 18, '2018-04-24 05:03:15', '2014-07-29 17:40:00', '2009-03-02 20:22:56', '1976-01-24 14:05:56');
INSERT INTO `friendship` (`user_id`, `friend_id`, `status_id`, `requested_at`, `confirmed_at`, `created_at`, `updated_at`) VALUES (19, 19, 19, '1988-01-26 07:33:05', '1993-11-08 18:24:12', '2011-09-22 17:16:28', '2015-06-19 18:22:18');
INSERT INTO `friendship` (`user_id`, `friend_id`, `status_id`, `requested_at`, `confirmed_at`, `created_at`, `updated_at`) VALUES (20, 20, 20, '2019-06-05 03:55:34', '2002-04-17 07:09:29', '2012-02-09 08:55:20', '1970-12-06 17:16:52');
INSERT INTO `friendship` (`user_id`, `friend_id`, `status_id`, `requested_at`, `confirmed_at`, `created_at`, `updated_at`) VALUES (21, 21, 21, '2005-02-15 10:11:00', '1981-08-23 12:11:09', '1983-08-07 12:36:38', '1985-04-21 18:19:37');
INSERT INTO `friendship` (`user_id`, `friend_id`, `status_id`, `requested_at`, `confirmed_at`, `created_at`, `updated_at`) VALUES (22, 22, 22, '2019-02-28 11:12:49', '1981-07-30 17:49:13', '2020-08-18 22:02:31', '1978-02-11 07:24:08');
INSERT INTO `friendship` (`user_id`, `friend_id`, `status_id`, `requested_at`, `confirmed_at`, `created_at`, `updated_at`) VALUES (23, 23, 23, '1987-11-19 08:41:55', '1984-04-16 23:06:35', '2000-01-09 19:17:03', '1982-04-22 16:12:27');
INSERT INTO `friendship` (`user_id`, `friend_id`, `status_id`, `requested_at`, `confirmed_at`, `created_at`, `updated_at`) VALUES (24, 24, 24, '2000-05-13 03:31:13', '2007-04-04 20:50:40', '2002-07-29 15:15:10', '1970-12-16 02:23:26');
INSERT INTO `friendship` (`user_id`, `friend_id`, `status_id`, `requested_at`, `confirmed_at`, `created_at`, `updated_at`) VALUES (25, 25, 25, '1998-08-04 19:47:21', '1978-06-19 22:18:50', '2001-04-10 05:32:59', '2000-11-13 10:21:26');
INSERT INTO `friendship` (`user_id`, `friend_id`, `status_id`, `requested_at`, `confirmed_at`, `created_at`, `updated_at`) VALUES (26, 26, 1, '2015-03-01 04:34:42', '1972-04-21 15:20:19', '1975-07-03 18:04:13', '2020-04-25 17:41:52');
INSERT INTO `friendship` (`user_id`, `friend_id`, `status_id`, `requested_at`, `confirmed_at`, `created_at`, `updated_at`) VALUES (27, 27, 2, '1996-08-11 11:33:48', '1974-02-22 00:06:22', '1977-05-17 12:24:45', '1973-12-25 02:49:05');
INSERT INTO `friendship` (`user_id`, `friend_id`, `status_id`, `requested_at`, `confirmed_at`, `created_at`, `updated_at`) VALUES (28, 28, 3, '1992-07-15 22:56:55', '2000-10-19 11:26:27', '2005-11-11 11:01:58', '1972-02-04 02:35:25');
INSERT INTO `friendship` (`user_id`, `friend_id`, `status_id`, `requested_at`, `confirmed_at`, `created_at`, `updated_at`) VALUES (29, 29, 4, '1981-03-31 23:52:38', '1972-07-14 22:26:58', '1971-11-29 12:47:32', '1987-09-16 11:02:50');
INSERT INTO `friendship` (`user_id`, `friend_id`, `status_id`, `requested_at`, `confirmed_at`, `created_at`, `updated_at`) VALUES (30, 30, 5, '2014-02-13 16:22:59', '1983-01-01 20:07:37', '1993-06-22 08:46:45', '2009-12-16 17:15:57');
INSERT INTO `friendship` (`user_id`, `friend_id`, `status_id`, `requested_at`, `confirmed_at`, `created_at`, `updated_at`) VALUES (31, 31, 6, '2019-05-18 08:43:40', '1984-07-22 09:32:01', '1975-02-05 02:57:22', '1990-07-22 21:34:27');
INSERT INTO `friendship` (`user_id`, `friend_id`, `status_id`, `requested_at`, `confirmed_at`, `created_at`, `updated_at`) VALUES (32, 32, 7, '2005-12-14 19:30:14', '1979-10-09 06:04:50', '1978-01-02 15:32:19', '1974-01-10 22:11:04');
INSERT INTO `friendship` (`user_id`, `friend_id`, `status_id`, `requested_at`, `confirmed_at`, `created_at`, `updated_at`) VALUES (33, 33, 8, '1984-05-18 08:44:12', '1991-01-24 19:48:14', '1993-09-15 14:00:46', '1987-12-13 11:01:07');
INSERT INTO `friendship` (`user_id`, `friend_id`, `status_id`, `requested_at`, `confirmed_at`, `created_at`, `updated_at`) VALUES (34, 34, 9, '2009-11-04 10:49:07', '2005-10-23 13:36:58', '2002-09-22 15:14:56', '1970-01-30 06:59:01');
INSERT INTO `friendship` (`user_id`, `friend_id`, `status_id`, `requested_at`, `confirmed_at`, `created_at`, `updated_at`) VALUES (35, 35, 10, '2014-12-13 00:56:14', '2020-05-20 23:45:55', '1974-12-26 05:51:26', '1983-12-20 03:45:29');
INSERT INTO `friendship` (`user_id`, `friend_id`, `status_id`, `requested_at`, `confirmed_at`, `created_at`, `updated_at`) VALUES (36, 36, 11, '2010-09-12 00:45:52', '1973-02-02 12:23:37', '1987-11-07 05:43:27', '2019-08-29 12:01:03');
INSERT INTO `friendship` (`user_id`, `friend_id`, `status_id`, `requested_at`, `confirmed_at`, `created_at`, `updated_at`) VALUES (37, 37, 12, '2008-09-21 18:31:48', '2018-12-03 04:19:05', '1992-05-08 16:50:39', '1979-01-11 02:20:49');
INSERT INTO `friendship` (`user_id`, `friend_id`, `status_id`, `requested_at`, `confirmed_at`, `created_at`, `updated_at`) VALUES (38, 38, 13, '2005-10-29 14:23:45', '2017-08-23 22:39:23', '1994-07-21 20:37:09', '1985-10-28 08:22:23');
INSERT INTO `friendship` (`user_id`, `friend_id`, `status_id`, `requested_at`, `confirmed_at`, `created_at`, `updated_at`) VALUES (39, 39, 14, '1999-03-06 14:00:10', '1982-04-06 00:30:44', '1974-04-25 21:36:24', '2015-07-27 11:22:44');
INSERT INTO `friendship` (`user_id`, `friend_id`, `status_id`, `requested_at`, `confirmed_at`, `created_at`, `updated_at`) VALUES (40, 40, 15, '2001-07-27 04:50:51', '1998-08-16 19:51:09', '1985-03-14 04:53:12', '1984-09-03 18:41:06');
INSERT INTO `friendship` (`user_id`, `friend_id`, `status_id`, `requested_at`, `confirmed_at`, `created_at`, `updated_at`) VALUES (41, 41, 16, '1987-08-17 01:17:25', '1997-06-24 16:47:17', '2006-04-07 01:33:37', '1970-10-02 06:47:14');
INSERT INTO `friendship` (`user_id`, `friend_id`, `status_id`, `requested_at`, `confirmed_at`, `created_at`, `updated_at`) VALUES (42, 42, 17, '1998-11-20 14:46:28', '1974-08-10 21:54:08', '2002-09-24 04:31:57', '1983-04-16 04:15:38');
INSERT INTO `friendship` (`user_id`, `friend_id`, `status_id`, `requested_at`, `confirmed_at`, `created_at`, `updated_at`) VALUES (43, 43, 18, '1974-07-18 16:55:58', '1977-02-09 20:46:11', '1981-08-12 06:58:09', '2008-07-11 03:53:50');
INSERT INTO `friendship` (`user_id`, `friend_id`, `status_id`, `requested_at`, `confirmed_at`, `created_at`, `updated_at`) VALUES (44, 44, 19, '1971-10-27 08:37:29', '2000-01-10 08:10:03', '2003-07-16 03:48:57', '1997-12-29 05:25:54');
INSERT INTO `friendship` (`user_id`, `friend_id`, `status_id`, `requested_at`, `confirmed_at`, `created_at`, `updated_at`) VALUES (45, 45, 20, '1992-09-13 11:19:22', '2002-11-21 18:23:25', '2009-01-24 10:01:26', '1997-02-15 12:35:33');
INSERT INTO `friendship` (`user_id`, `friend_id`, `status_id`, `requested_at`, `confirmed_at`, `created_at`, `updated_at`) VALUES (46, 46, 21, '2003-05-10 03:36:13', '2016-06-01 03:46:47', '2004-01-08 23:17:25', '2000-08-06 06:49:03');
INSERT INTO `friendship` (`user_id`, `friend_id`, `status_id`, `requested_at`, `confirmed_at`, `created_at`, `updated_at`) VALUES (47, 47, 22, '2009-01-22 00:18:48', '1997-11-03 10:45:08', '1972-01-08 01:30:56', '1970-04-18 04:29:36');
INSERT INTO `friendship` (`user_id`, `friend_id`, `status_id`, `requested_at`, `confirmed_at`, `created_at`, `updated_at`) VALUES (48, 48, 23, '2016-12-11 15:09:23', '1993-07-03 02:47:12', '1984-06-17 21:40:51', '1988-12-22 19:08:56');
INSERT INTO `friendship` (`user_id`, `friend_id`, `status_id`, `requested_at`, `confirmed_at`, `created_at`, `updated_at`) VALUES (49, 49, 24, '1979-11-18 17:15:44', '1983-06-21 14:29:36', '2000-04-15 06:33:00', '1983-05-05 19:20:53');
INSERT INTO `friendship` (`user_id`, `friend_id`, `status_id`, `requested_at`, `confirmed_at`, `created_at`, `updated_at`) VALUES (50, 50, 25, '2004-04-22 07:06:37', '2005-07-29 07:24:27', '2001-06-16 07:23:21', '2002-02-15 13:19:03');
INSERT INTO `friendship` (`user_id`, `friend_id`, `status_id`, `requested_at`, `confirmed_at`, `created_at`, `updated_at`) VALUES (51, 51, 1, '2002-09-10 06:52:32', '2009-03-03 10:44:23', '1998-06-27 14:34:51', '1995-09-10 11:49:31');
INSERT INTO `friendship` (`user_id`, `friend_id`, `status_id`, `requested_at`, `confirmed_at`, `created_at`, `updated_at`) VALUES (52, 52, 2, '1987-11-28 18:39:36', '1990-09-02 10:05:44', '1979-02-16 11:03:31', '1974-11-19 13:56:46');
INSERT INTO `friendship` (`user_id`, `friend_id`, `status_id`, `requested_at`, `confirmed_at`, `created_at`, `updated_at`) VALUES (53, 53, 3, '1986-06-21 06:22:30', '1980-03-14 22:17:10', '1994-06-22 13:37:16', '1977-02-01 13:15:18');
INSERT INTO `friendship` (`user_id`, `friend_id`, `status_id`, `requested_at`, `confirmed_at`, `created_at`, `updated_at`) VALUES (54, 54, 4, '1970-11-26 06:18:05', '1985-11-02 06:43:00', '2003-04-26 17:32:20', '1992-11-20 18:59:48');
INSERT INTO `friendship` (`user_id`, `friend_id`, `status_id`, `requested_at`, `confirmed_at`, `created_at`, `updated_at`) VALUES (55, 55, 5, '1979-01-23 23:02:42', '2011-06-24 01:29:33', '1990-03-24 15:58:17', '2005-04-05 12:03:48');
INSERT INTO `friendship` (`user_id`, `friend_id`, `status_id`, `requested_at`, `confirmed_at`, `created_at`, `updated_at`) VALUES (56, 56, 6, '1987-02-10 01:30:36', '1999-08-21 22:54:36', '1971-01-05 16:18:07', '1988-10-22 12:27:57');
INSERT INTO `friendship` (`user_id`, `friend_id`, `status_id`, `requested_at`, `confirmed_at`, `created_at`, `updated_at`) VALUES (57, 57, 7, '2014-04-10 20:04:50', '2005-03-18 19:48:32', '2004-09-18 18:02:39', '1985-02-23 10:55:14');
INSERT INTO `friendship` (`user_id`, `friend_id`, `status_id`, `requested_at`, `confirmed_at`, `created_at`, `updated_at`) VALUES (58, 58, 8, '1983-02-03 05:17:33', '2008-08-06 08:12:58', '1986-02-09 04:32:48', '2012-01-10 23:31:13');
INSERT INTO `friendship` (`user_id`, `friend_id`, `status_id`, `requested_at`, `confirmed_at`, `created_at`, `updated_at`) VALUES (59, 59, 9, '2020-02-01 20:38:03', '1972-05-10 10:55:25', '1988-11-24 12:47:08', '1998-06-29 20:25:41');
INSERT INTO `friendship` (`user_id`, `friend_id`, `status_id`, `requested_at`, `confirmed_at`, `created_at`, `updated_at`) VALUES (60, 60, 10, '1979-03-22 17:26:13', '1982-07-17 07:40:07', '2000-10-24 00:38:32', '1993-07-29 11:26:44');
INSERT INTO `friendship` (`user_id`, `friend_id`, `status_id`, `requested_at`, `confirmed_at`, `created_at`, `updated_at`) VALUES (61, 61, 11, '1987-03-02 23:36:52', '1993-09-23 20:22:21', '2009-03-08 16:34:41', '2014-02-08 17:46:45');
INSERT INTO `friendship` (`user_id`, `friend_id`, `status_id`, `requested_at`, `confirmed_at`, `created_at`, `updated_at`) VALUES (62, 62, 12, '2006-05-12 10:18:56', '1970-05-18 03:35:59', '2006-10-09 16:32:20', '2004-06-01 17:40:54');
INSERT INTO `friendship` (`user_id`, `friend_id`, `status_id`, `requested_at`, `confirmed_at`, `created_at`, `updated_at`) VALUES (63, 63, 13, '1999-10-23 03:46:14', '1979-03-31 10:02:48', '2019-01-12 07:39:04', '1999-07-31 13:46:16');
INSERT INTO `friendship` (`user_id`, `friend_id`, `status_id`, `requested_at`, `confirmed_at`, `created_at`, `updated_at`) VALUES (64, 64, 14, '2010-07-29 00:49:19', '1978-03-05 17:37:59', '1988-05-10 02:53:03', '1978-04-29 18:04:55');
INSERT INTO `friendship` (`user_id`, `friend_id`, `status_id`, `requested_at`, `confirmed_at`, `created_at`, `updated_at`) VALUES (65, 65, 15, '2001-07-04 15:19:01', '2013-02-13 10:48:40', '1997-09-06 08:17:24', '1990-07-12 04:40:55');
INSERT INTO `friendship` (`user_id`, `friend_id`, `status_id`, `requested_at`, `confirmed_at`, `created_at`, `updated_at`) VALUES (66, 66, 16, '1977-10-29 00:52:09', '2004-11-24 21:04:25', '2013-12-20 17:57:28', '1983-05-06 18:54:25');
INSERT INTO `friendship` (`user_id`, `friend_id`, `status_id`, `requested_at`, `confirmed_at`, `created_at`, `updated_at`) VALUES (67, 67, 17, '1971-09-24 17:32:51', '1996-04-01 03:01:47', '1991-05-05 20:44:57', '2015-01-04 01:01:24');
INSERT INTO `friendship` (`user_id`, `friend_id`, `status_id`, `requested_at`, `confirmed_at`, `created_at`, `updated_at`) VALUES (68, 68, 18, '1973-03-09 15:10:03', '1977-09-23 05:26:47', '1982-03-13 05:55:25', '2013-11-21 12:02:43');
INSERT INTO `friendship` (`user_id`, `friend_id`, `status_id`, `requested_at`, `confirmed_at`, `created_at`, `updated_at`) VALUES (69, 69, 19, '1981-11-20 15:30:01', '2008-10-20 20:10:34', '1996-01-30 07:40:01', '2001-01-08 12:16:29');
INSERT INTO `friendship` (`user_id`, `friend_id`, `status_id`, `requested_at`, `confirmed_at`, `created_at`, `updated_at`) VALUES (70, 70, 20, '1976-01-21 20:59:15', '2020-08-24 16:02:43', '1971-03-30 03:56:42', '1975-10-24 14:40:17');
INSERT INTO `friendship` (`user_id`, `friend_id`, `status_id`, `requested_at`, `confirmed_at`, `created_at`, `updated_at`) VALUES (71, 71, 21, '2000-09-08 06:49:46', '2011-05-30 12:38:20', '1997-03-09 07:43:37', '1972-04-03 04:19:59');
INSERT INTO `friendship` (`user_id`, `friend_id`, `status_id`, `requested_at`, `confirmed_at`, `created_at`, `updated_at`) VALUES (72, 72, 22, '1990-01-22 01:37:56', '2015-10-19 19:06:55', '1988-09-17 21:52:12', '1989-05-26 15:32:53');
INSERT INTO `friendship` (`user_id`, `friend_id`, `status_id`, `requested_at`, `confirmed_at`, `created_at`, `updated_at`) VALUES (73, 73, 23, '2021-05-01 19:32:19', '1987-03-26 17:49:19', '1998-05-23 10:39:44', '1997-03-10 13:15:28');
INSERT INTO `friendship` (`user_id`, `friend_id`, `status_id`, `requested_at`, `confirmed_at`, `created_at`, `updated_at`) VALUES (74, 74, 24, '1983-05-29 03:53:27', '1987-07-22 19:33:56', '1986-08-23 22:26:39', '2001-07-05 16:33:27');
INSERT INTO `friendship` (`user_id`, `friend_id`, `status_id`, `requested_at`, `confirmed_at`, `created_at`, `updated_at`) VALUES (75, 75, 25, '1975-12-26 02:10:35', '2021-03-01 09:08:25', '1971-07-30 06:08:59', '2002-07-02 03:08:09');
INSERT INTO `friendship` (`user_id`, `friend_id`, `status_id`, `requested_at`, `confirmed_at`, `created_at`, `updated_at`) VALUES (76, 76, 1, '1974-12-26 16:04:45', '1977-12-13 19:45:20', '1972-07-13 22:05:57', '2005-09-06 09:42:09');
INSERT INTO `friendship` (`user_id`, `friend_id`, `status_id`, `requested_at`, `confirmed_at`, `created_at`, `updated_at`) VALUES (77, 77, 2, '1988-12-24 19:01:30', '2004-05-21 11:18:27', '1973-05-21 21:39:17', '2000-04-29 18:18:03');
INSERT INTO `friendship` (`user_id`, `friend_id`, `status_id`, `requested_at`, `confirmed_at`, `created_at`, `updated_at`) VALUES (78, 78, 3, '1980-02-23 21:39:17', '1989-10-06 02:18:45', '1976-06-21 07:40:58', '2006-08-18 13:29:07');
INSERT INTO `friendship` (`user_id`, `friend_id`, `status_id`, `requested_at`, `confirmed_at`, `created_at`, `updated_at`) VALUES (79, 79, 4, '2010-08-14 14:37:44', '1979-08-17 08:05:16', '1972-09-28 17:35:04', '1993-12-18 23:56:11');
INSERT INTO `friendship` (`user_id`, `friend_id`, `status_id`, `requested_at`, `confirmed_at`, `created_at`, `updated_at`) VALUES (80, 80, 5, '2003-05-21 08:31:46', '1989-04-02 05:16:41', '1989-03-19 16:36:55', '2018-08-10 21:32:08');
INSERT INTO `friendship` (`user_id`, `friend_id`, `status_id`, `requested_at`, `confirmed_at`, `created_at`, `updated_at`) VALUES (81, 81, 6, '2014-01-31 14:24:41', '1998-12-03 12:03:34', '2018-05-10 20:37:14', '1997-10-15 08:19:37');
INSERT INTO `friendship` (`user_id`, `friend_id`, `status_id`, `requested_at`, `confirmed_at`, `created_at`, `updated_at`) VALUES (82, 82, 7, '2000-06-01 04:53:26', '2011-07-09 03:10:03', '1992-08-19 20:12:54', '2002-03-08 01:27:41');
INSERT INTO `friendship` (`user_id`, `friend_id`, `status_id`, `requested_at`, `confirmed_at`, `created_at`, `updated_at`) VALUES (83, 83, 8, '2017-06-15 04:13:25', '2021-02-05 12:19:23', '2017-07-13 07:44:10', '1980-07-29 22:07:36');
INSERT INTO `friendship` (`user_id`, `friend_id`, `status_id`, `requested_at`, `confirmed_at`, `created_at`, `updated_at`) VALUES (84, 84, 9, '1994-11-28 18:52:43', '2014-05-14 10:52:39', '1995-02-10 10:41:52', '2002-09-06 00:52:05');
INSERT INTO `friendship` (`user_id`, `friend_id`, `status_id`, `requested_at`, `confirmed_at`, `created_at`, `updated_at`) VALUES (85, 85, 10, '1976-06-09 18:54:12', '1972-07-13 10:02:31', '1973-03-15 06:40:20', '2017-01-22 07:32:23');
INSERT INTO `friendship` (`user_id`, `friend_id`, `status_id`, `requested_at`, `confirmed_at`, `created_at`, `updated_at`) VALUES (86, 86, 11, '1993-10-18 07:38:31', '1982-01-28 03:40:44', '1995-12-22 22:21:16', '1976-01-17 16:53:42');
INSERT INTO `friendship` (`user_id`, `friend_id`, `status_id`, `requested_at`, `confirmed_at`, `created_at`, `updated_at`) VALUES (87, 87, 12, '1976-01-01 01:34:28', '1984-10-10 09:39:12', '1985-09-02 01:43:36', '2014-08-01 10:18:24');
INSERT INTO `friendship` (`user_id`, `friend_id`, `status_id`, `requested_at`, `confirmed_at`, `created_at`, `updated_at`) VALUES (88, 88, 13, '1970-03-31 08:25:52', '2015-06-23 00:31:46', '1997-01-05 16:42:12', '1973-03-28 22:37:07');
INSERT INTO `friendship` (`user_id`, `friend_id`, `status_id`, `requested_at`, `confirmed_at`, `created_at`, `updated_at`) VALUES (89, 89, 14, '2013-06-05 09:06:58', '2006-11-09 09:58:07', '1995-08-23 18:38:11', '2017-03-03 16:35:11');
INSERT INTO `friendship` (`user_id`, `friend_id`, `status_id`, `requested_at`, `confirmed_at`, `created_at`, `updated_at`) VALUES (90, 90, 15, '1998-08-12 20:49:01', '1977-05-30 10:46:54', '1982-08-21 19:48:05', '1990-12-04 11:18:21');
INSERT INTO `friendship` (`user_id`, `friend_id`, `status_id`, `requested_at`, `confirmed_at`, `created_at`, `updated_at`) VALUES (91, 91, 16, '1977-09-19 21:31:37', '1994-04-11 07:21:30', '2015-07-21 14:12:30', '1977-08-11 15:12:35');
INSERT INTO `friendship` (`user_id`, `friend_id`, `status_id`, `requested_at`, `confirmed_at`, `created_at`, `updated_at`) VALUES (92, 92, 17, '1975-02-08 05:28:22', '2015-08-28 12:39:38', '1984-11-13 02:54:44', '1971-01-19 00:13:31');
INSERT INTO `friendship` (`user_id`, `friend_id`, `status_id`, `requested_at`, `confirmed_at`, `created_at`, `updated_at`) VALUES (93, 93, 18, '1974-05-31 19:25:21', '1999-08-03 01:39:49', '1996-08-14 20:11:11', '2017-12-06 00:18:12');
INSERT INTO `friendship` (`user_id`, `friend_id`, `status_id`, `requested_at`, `confirmed_at`, `created_at`, `updated_at`) VALUES (94, 94, 19, '2006-06-27 09:44:45', '2013-04-10 07:46:29', '2013-12-02 00:24:05', '1973-02-24 04:49:53');
INSERT INTO `friendship` (`user_id`, `friend_id`, `status_id`, `requested_at`, `confirmed_at`, `created_at`, `updated_at`) VALUES (95, 95, 20, '1985-12-21 09:49:28', '2019-06-08 15:31:58', '1982-09-13 21:13:01', '2020-03-02 09:27:41');
INSERT INTO `friendship` (`user_id`, `friend_id`, `status_id`, `requested_at`, `confirmed_at`, `created_at`, `updated_at`) VALUES (96, 96, 21, '1992-10-28 10:38:04', '1981-01-10 04:44:05', '1993-07-06 03:47:18', '2008-10-26 17:07:19');
INSERT INTO `friendship` (`user_id`, `friend_id`, `status_id`, `requested_at`, `confirmed_at`, `created_at`, `updated_at`) VALUES (97, 97, 22, '1988-11-13 13:02:30', '1977-06-05 08:56:49', '2008-09-29 18:15:03', '2010-05-19 05:15:10');
INSERT INTO `friendship` (`user_id`, `friend_id`, `status_id`, `requested_at`, `confirmed_at`, `created_at`, `updated_at`) VALUES (98, 98, 23, '1995-05-24 03:46:23', '1971-10-19 04:47:10', '2019-07-11 14:11:28', '1991-07-15 07:35:53');
INSERT INTO `friendship` (`user_id`, `friend_id`, `status_id`, `requested_at`, `confirmed_at`, `created_at`, `updated_at`) VALUES (99, 99, 24, '1987-06-20 01:07:45', '1986-06-08 12:09:00', '2006-10-31 19:08:02', '1972-07-09 15:12:36');
INSERT INTO `friendship` (`user_id`, `friend_id`, `status_id`, `requested_at`, `confirmed_at`, `created_at`, `updated_at`) VALUES (100, 100, 25, '2016-03-26 18:49:36', '1976-01-17 10:48:35', '2020-12-24 00:28:27', '1981-11-11 23:49:46');


#
# TABLE STRUCTURE FOR: friendship_statuses
#

DROP TABLE IF EXISTS `friendship_statuses`;

CREATE TABLE `friendship_statuses` (
  `id` int(10) unsigned NOT NULL AUTO_INCREMENT COMMENT 'Идентификатор строки',
  `name` varchar(150) COLLATE utf8mb4_unicode_ci NOT NULL COMMENT 'Название статуса',
  `created_at` datetime DEFAULT current_timestamp() COMMENT 'Время создания строки',
  `updated_at` datetime DEFAULT current_timestamp() ON UPDATE current_timestamp() COMMENT 'Время обновления строки',
  PRIMARY KEY (`id`),
  UNIQUE KEY `name` (`name`)
) ENGINE=InnoDB AUTO_INCREMENT=26 DEFAULT CHARSET=utf8mb4 COLLATE=utf8mb4_unicode_ci COMMENT='Статусы дружбы';

INSERT INTO `friendship_statuses` (`id`, `name`, `created_at`, `updated_at`) VALUES (1, 'dolorem', '1999-06-18 21:09:57', '2013-07-27 14:35:46');
INSERT INTO `friendship_statuses` (`id`, `name`, `created_at`, `updated_at`) VALUES (2, 'cupiditate', '1972-05-06 16:18:39', '2018-01-08 21:09:35');
INSERT INTO `friendship_statuses` (`id`, `name`, `created_at`, `updated_at`) VALUES (3, 'enim', '1990-09-04 13:38:16', '1988-10-24 01:04:43');
INSERT INTO `friendship_statuses` (`id`, `name`, `created_at`, `updated_at`) VALUES (4, 'possimus', '1981-03-31 18:04:50', '1999-01-27 14:06:04');
INSERT INTO `friendship_statuses` (`id`, `name`, `created_at`, `updated_at`) VALUES (5, 'alias', '2004-10-26 17:32:10', '1981-04-17 06:03:50');
INSERT INTO `friendship_statuses` (`id`, `name`, `created_at`, `updated_at`) VALUES (6, 'magnam', '1976-04-22 03:45:26', '1971-04-11 02:18:56');
INSERT INTO `friendship_statuses` (`id`, `name`, `created_at`, `updated_at`) VALUES (7, 'ut', '2018-01-08 18:44:02', '1991-02-11 17:10:27');
INSERT INTO `friendship_statuses` (`id`, `name`, `created_at`, `updated_at`) VALUES (8, 'quam', '2007-03-10 10:18:01', '1975-06-04 19:31:04');
INSERT INTO `friendship_statuses` (`id`, `name`, `created_at`, `updated_at`) VALUES (9, 'praesentium', '1977-04-11 01:52:23', '2013-01-06 15:54:27');
INSERT INTO `friendship_statuses` (`id`, `name`, `created_at`, `updated_at`) VALUES (10, 'numquam', '1988-01-08 23:30:27', '2001-03-05 15:15:31');
INSERT INTO `friendship_statuses` (`id`, `name`, `created_at`, `updated_at`) VALUES (11, 'nobis', '2012-12-20 16:14:28', '2013-08-02 18:33:17');
INSERT INTO `friendship_statuses` (`id`, `name`, `created_at`, `updated_at`) VALUES (12, 'eveniet', '1972-04-27 19:08:16', '1991-04-04 21:46:23');
INSERT INTO `friendship_statuses` (`id`, `name`, `created_at`, `updated_at`) VALUES (13, 'maxime', '2005-09-13 06:25:20', '1988-11-25 04:04:35');
INSERT INTO `friendship_statuses` (`id`, `name`, `created_at`, `updated_at`) VALUES (14, 'eius', '1988-09-11 04:20:35', '2002-10-13 16:18:13');
INSERT INTO `friendship_statuses` (`id`, `name`, `created_at`, `updated_at`) VALUES (15, 'natus', '1997-12-14 18:08:15', '1997-05-04 12:08:40');
INSERT INTO `friendship_statuses` (`id`, `name`, `created_at`, `updated_at`) VALUES (16, 'qui', '1990-11-22 13:22:34', '2010-03-09 14:19:58');
INSERT INTO `friendship_statuses` (`id`, `name`, `created_at`, `updated_at`) VALUES (17, 'atque', '1997-01-27 12:30:09', '1996-09-27 22:55:38');
INSERT INTO `friendship_statuses` (`id`, `name`, `created_at`, `updated_at`) VALUES (18, 'voluptatibus', '1985-03-27 05:06:06', '1996-07-27 14:46:24');
INSERT INTO `friendship_statuses` (`id`, `name`, `created_at`, `updated_at`) VALUES (19, 'neque', '1992-11-22 22:45:56', '1973-03-11 22:45:18');
INSERT INTO `friendship_statuses` (`id`, `name`, `created_at`, `updated_at`) VALUES (20, 'rerum', '1992-03-27 09:54:56', '1975-10-23 05:58:32');
INSERT INTO `friendship_statuses` (`id`, `name`, `created_at`, `updated_at`) VALUES (21, 'et', '1972-12-27 07:01:39', '2000-12-19 17:54:42');
INSERT INTO `friendship_statuses` (`id`, `name`, `created_at`, `updated_at`) VALUES (22, 'fugiat', '2013-03-15 01:07:33', '1987-05-05 19:38:12');
INSERT INTO `friendship_statuses` (`id`, `name`, `created_at`, `updated_at`) VALUES (23, 'aspernatur', '1998-03-09 08:22:47', '1991-06-14 20:23:59');
INSERT INTO `friendship_statuses` (`id`, `name`, `created_at`, `updated_at`) VALUES (24, 'eligendi', '1991-01-05 07:38:41', '2006-05-14 18:49:10');
INSERT INTO `friendship_statuses` (`id`, `name`, `created_at`, `updated_at`) VALUES (25, 'ex', '2004-03-26 04:36:02', '1994-09-13 06:18:33');


#
# TABLE STRUCTURE FOR: like_table
#

DROP TABLE IF EXISTS `like_table`;

CREATE TABLE `like_table` (
  `id` int(10) unsigned NOT NULL AUTO_INCREMENT COMMENT 'Идентификатор строки',
  `user_id` int(10) unsigned NOT NULL COMMENT 'Ссылка на пользователя, который поставил отметку',
  `media_type_id` int(10) unsigned NOT NULL COMMENT 'Ссылка на тип контента',
  `created_at` datetime DEFAULT current_timestamp() COMMENT 'Время создания строки',
  `updated_at` datetime DEFAULT current_timestamp() ON UPDATE current_timestamp() COMMENT 'Время обновления строки',
  PRIMARY KEY (`id`),
  KEY `user_id` (`user_id`),
  KEY `media_type_id` (`media_type_id`),
  CONSTRAINT `like_table_ibfk_1` FOREIGN KEY (`user_id`) REFERENCES `users` (`id`),
  CONSTRAINT `like_table_ibfk_2` FOREIGN KEY (`media_type_id`) REFERENCES `media_types` (`id`)
) ENGINE=InnoDB AUTO_INCREMENT=301 DEFAULT CHARSET=utf8mb4 COLLATE=utf8mb4_unicode_ci COMMENT='Отметка понравилось';

INSERT INTO `like_table` (`id`, `user_id`, `media_type_id`, `created_at`, `updated_at`) VALUES (1, 1, 1, '1973-09-02 20:04:45', '1988-01-29 13:55:01');
INSERT INTO `like_table` (`id`, `user_id`, `media_type_id`, `created_at`, `updated_at`) VALUES (2, 2, 2, '2012-01-18 23:50:44', '1984-12-26 06:52:12');
INSERT INTO `like_table` (`id`, `user_id`, `media_type_id`, `created_at`, `updated_at`) VALUES (3, 3, 3, '1981-11-28 15:43:47', '2002-02-25 16:59:13');
INSERT INTO `like_table` (`id`, `user_id`, `media_type_id`, `created_at`, `updated_at`) VALUES (4, 4, 4, '2017-09-27 17:13:11', '1976-11-18 02:09:27');
INSERT INTO `like_table` (`id`, `user_id`, `media_type_id`, `created_at`, `updated_at`) VALUES (5, 5, 5, '2021-03-15 02:49:33', '2001-08-04 02:55:14');
INSERT INTO `like_table` (`id`, `user_id`, `media_type_id`, `created_at`, `updated_at`) VALUES (6, 6, 6, '1975-05-14 20:32:37', '1974-01-23 14:06:28');
INSERT INTO `like_table` (`id`, `user_id`, `media_type_id`, `created_at`, `updated_at`) VALUES (7, 7, 7, '1996-06-12 03:25:31', '2000-02-17 04:15:59');
INSERT INTO `like_table` (`id`, `user_id`, `media_type_id`, `created_at`, `updated_at`) VALUES (8, 8, 8, '1978-01-03 20:34:31', '2008-02-26 10:49:29');
INSERT INTO `like_table` (`id`, `user_id`, `media_type_id`, `created_at`, `updated_at`) VALUES (9, 9, 9, '2005-04-17 09:57:18', '1995-06-22 07:56:38');
INSERT INTO `like_table` (`id`, `user_id`, `media_type_id`, `created_at`, `updated_at`) VALUES (10, 10, 10, '2008-10-31 14:40:48', '1974-08-30 07:13:56');
INSERT INTO `like_table` (`id`, `user_id`, `media_type_id`, `created_at`, `updated_at`) VALUES (11, 11, 11, '2007-10-02 09:26:54', '2012-03-14 00:33:19');
INSERT INTO `like_table` (`id`, `user_id`, `media_type_id`, `created_at`, `updated_at`) VALUES (12, 12, 12, '1996-12-21 14:09:42', '2007-07-16 00:47:12');
INSERT INTO `like_table` (`id`, `user_id`, `media_type_id`, `created_at`, `updated_at`) VALUES (13, 13, 13, '1972-03-23 08:31:27', '2001-02-10 06:34:49');
INSERT INTO `like_table` (`id`, `user_id`, `media_type_id`, `created_at`, `updated_at`) VALUES (14, 14, 14, '2019-06-06 02:28:34', '2017-02-19 20:17:29');
INSERT INTO `like_table` (`id`, `user_id`, `media_type_id`, `created_at`, `updated_at`) VALUES (15, 15, 15, '2012-05-15 06:32:49', '2000-10-19 22:41:54');
INSERT INTO `like_table` (`id`, `user_id`, `media_type_id`, `created_at`, `updated_at`) VALUES (16, 16, 16, '2005-12-08 18:51:47', '1989-10-02 13:42:01');
INSERT INTO `like_table` (`id`, `user_id`, `media_type_id`, `created_at`, `updated_at`) VALUES (17, 17, 17, '1970-02-11 16:18:24', '1998-04-20 12:49:32');
INSERT INTO `like_table` (`id`, `user_id`, `media_type_id`, `created_at`, `updated_at`) VALUES (18, 18, 18, '1980-08-31 15:50:09', '1993-05-01 03:07:43');
INSERT INTO `like_table` (`id`, `user_id`, `media_type_id`, `created_at`, `updated_at`) VALUES (19, 19, 19, '1994-01-03 04:55:49', '2011-09-28 05:55:08');
INSERT INTO `like_table` (`id`, `user_id`, `media_type_id`, `created_at`, `updated_at`) VALUES (20, 20, 20, '2004-11-12 22:11:08', '1992-12-14 06:50:00');
INSERT INTO `like_table` (`id`, `user_id`, `media_type_id`, `created_at`, `updated_at`) VALUES (21, 21, 1, '1992-02-08 08:17:44', '1999-10-06 16:59:25');
INSERT INTO `like_table` (`id`, `user_id`, `media_type_id`, `created_at`, `updated_at`) VALUES (22, 22, 2, '1998-03-22 03:52:27', '2002-11-21 14:06:01');
INSERT INTO `like_table` (`id`, `user_id`, `media_type_id`, `created_at`, `updated_at`) VALUES (23, 23, 3, '1987-10-07 14:14:16', '2014-11-12 11:25:29');
INSERT INTO `like_table` (`id`, `user_id`, `media_type_id`, `created_at`, `updated_at`) VALUES (24, 24, 4, '2015-10-29 01:59:51', '2002-06-17 07:59:11');
INSERT INTO `like_table` (`id`, `user_id`, `media_type_id`, `created_at`, `updated_at`) VALUES (25, 25, 5, '2012-12-26 19:32:29', '2009-12-16 20:24:22');
INSERT INTO `like_table` (`id`, `user_id`, `media_type_id`, `created_at`, `updated_at`) VALUES (26, 26, 6, '2013-05-09 15:20:44', '2017-04-12 09:38:48');
INSERT INTO `like_table` (`id`, `user_id`, `media_type_id`, `created_at`, `updated_at`) VALUES (27, 27, 7, '1977-01-21 10:47:12', '1971-06-09 10:35:16');
INSERT INTO `like_table` (`id`, `user_id`, `media_type_id`, `created_at`, `updated_at`) VALUES (28, 28, 8, '2017-09-11 02:43:30', '1989-07-04 01:24:55');
INSERT INTO `like_table` (`id`, `user_id`, `media_type_id`, `created_at`, `updated_at`) VALUES (29, 29, 9, '2017-04-08 16:19:30', '2005-06-06 23:15:52');
INSERT INTO `like_table` (`id`, `user_id`, `media_type_id`, `created_at`, `updated_at`) VALUES (30, 30, 10, '1985-08-08 04:02:03', '1997-10-16 21:32:44');
INSERT INTO `like_table` (`id`, `user_id`, `media_type_id`, `created_at`, `updated_at`) VALUES (31, 31, 11, '1989-07-20 15:55:36', '2004-11-04 00:27:27');
INSERT INTO `like_table` (`id`, `user_id`, `media_type_id`, `created_at`, `updated_at`) VALUES (32, 32, 12, '2013-02-27 20:01:59', '2018-01-08 14:17:12');
INSERT INTO `like_table` (`id`, `user_id`, `media_type_id`, `created_at`, `updated_at`) VALUES (33, 33, 13, '2018-01-02 14:34:24', '1978-06-08 03:21:37');
INSERT INTO `like_table` (`id`, `user_id`, `media_type_id`, `created_at`, `updated_at`) VALUES (34, 34, 14, '1979-12-13 15:29:16', '1997-01-07 21:53:03');
INSERT INTO `like_table` (`id`, `user_id`, `media_type_id`, `created_at`, `updated_at`) VALUES (35, 35, 15, '2009-08-10 17:16:58', '1975-08-25 04:17:45');
INSERT INTO `like_table` (`id`, `user_id`, `media_type_id`, `created_at`, `updated_at`) VALUES (36, 36, 16, '1975-05-14 03:57:59', '1983-08-20 00:09:51');
INSERT INTO `like_table` (`id`, `user_id`, `media_type_id`, `created_at`, `updated_at`) VALUES (37, 37, 17, '1996-09-18 13:14:21', '1978-10-06 02:11:18');
INSERT INTO `like_table` (`id`, `user_id`, `media_type_id`, `created_at`, `updated_at`) VALUES (38, 38, 18, '2001-06-29 06:54:56', '2021-02-06 21:48:11');
INSERT INTO `like_table` (`id`, `user_id`, `media_type_id`, `created_at`, `updated_at`) VALUES (39, 39, 19, '1981-06-27 13:19:14', '2011-05-09 18:47:49');
INSERT INTO `like_table` (`id`, `user_id`, `media_type_id`, `created_at`, `updated_at`) VALUES (40, 40, 20, '2009-03-26 21:18:52', '1999-12-24 02:25:25');
INSERT INTO `like_table` (`id`, `user_id`, `media_type_id`, `created_at`, `updated_at`) VALUES (41, 41, 1, '1979-10-29 01:40:53', '2017-03-04 03:46:47');
INSERT INTO `like_table` (`id`, `user_id`, `media_type_id`, `created_at`, `updated_at`) VALUES (42, 42, 2, '2013-10-07 04:51:00', '2014-03-13 12:12:48');
INSERT INTO `like_table` (`id`, `user_id`, `media_type_id`, `created_at`, `updated_at`) VALUES (43, 43, 3, '2011-08-25 09:53:50', '1994-07-14 07:14:55');
INSERT INTO `like_table` (`id`, `user_id`, `media_type_id`, `created_at`, `updated_at`) VALUES (44, 44, 4, '1988-11-13 20:40:22', '1973-02-17 11:50:29');
INSERT INTO `like_table` (`id`, `user_id`, `media_type_id`, `created_at`, `updated_at`) VALUES (45, 45, 5, '2020-04-05 02:52:54', '1975-10-04 14:18:56');
INSERT INTO `like_table` (`id`, `user_id`, `media_type_id`, `created_at`, `updated_at`) VALUES (46, 46, 6, '1988-02-18 00:24:02', '1973-04-06 00:04:07');
INSERT INTO `like_table` (`id`, `user_id`, `media_type_id`, `created_at`, `updated_at`) VALUES (47, 47, 7, '1976-02-13 13:47:59', '2018-01-26 03:28:37');
INSERT INTO `like_table` (`id`, `user_id`, `media_type_id`, `created_at`, `updated_at`) VALUES (48, 48, 8, '1975-10-16 17:03:32', '1975-09-14 00:31:29');
INSERT INTO `like_table` (`id`, `user_id`, `media_type_id`, `created_at`, `updated_at`) VALUES (49, 49, 9, '1988-05-12 05:12:39', '1989-02-10 16:10:21');
INSERT INTO `like_table` (`id`, `user_id`, `media_type_id`, `created_at`, `updated_at`) VALUES (50, 50, 10, '2016-05-22 19:27:13', '1998-04-25 19:20:07');
INSERT INTO `like_table` (`id`, `user_id`, `media_type_id`, `created_at`, `updated_at`) VALUES (51, 51, 11, '2009-01-22 07:07:18', '2011-09-01 05:09:44');
INSERT INTO `like_table` (`id`, `user_id`, `media_type_id`, `created_at`, `updated_at`) VALUES (52, 52, 12, '2009-09-17 06:56:31', '2017-10-18 04:38:04');
INSERT INTO `like_table` (`id`, `user_id`, `media_type_id`, `created_at`, `updated_at`) VALUES (53, 53, 13, '1990-04-12 11:53:00', '1995-08-06 13:34:03');
INSERT INTO `like_table` (`id`, `user_id`, `media_type_id`, `created_at`, `updated_at`) VALUES (54, 54, 14, '1972-03-15 16:48:26', '1974-08-15 07:09:39');
INSERT INTO `like_table` (`id`, `user_id`, `media_type_id`, `created_at`, `updated_at`) VALUES (55, 55, 15, '1994-12-27 00:02:53', '1994-04-20 23:18:14');
INSERT INTO `like_table` (`id`, `user_id`, `media_type_id`, `created_at`, `updated_at`) VALUES (56, 56, 16, '2013-03-13 09:00:44', '1981-09-17 12:43:06');
INSERT INTO `like_table` (`id`, `user_id`, `media_type_id`, `created_at`, `updated_at`) VALUES (57, 57, 17, '1998-05-29 15:06:14', '1993-07-20 22:25:41');
INSERT INTO `like_table` (`id`, `user_id`, `media_type_id`, `created_at`, `updated_at`) VALUES (58, 58, 18, '2003-03-19 06:29:13', '2007-06-22 09:12:23');
INSERT INTO `like_table` (`id`, `user_id`, `media_type_id`, `created_at`, `updated_at`) VALUES (59, 59, 19, '2008-01-17 05:28:19', '2006-04-19 19:02:16');
INSERT INTO `like_table` (`id`, `user_id`, `media_type_id`, `created_at`, `updated_at`) VALUES (60, 60, 20, '1998-11-18 15:11:33', '2005-07-20 07:14:17');
INSERT INTO `like_table` (`id`, `user_id`, `media_type_id`, `created_at`, `updated_at`) VALUES (61, 61, 1, '2020-11-02 12:22:21', '2008-06-14 12:15:18');
INSERT INTO `like_table` (`id`, `user_id`, `media_type_id`, `created_at`, `updated_at`) VALUES (62, 62, 2, '1993-04-28 13:52:02', '1985-03-12 09:54:17');
INSERT INTO `like_table` (`id`, `user_id`, `media_type_id`, `created_at`, `updated_at`) VALUES (63, 63, 3, '1984-05-02 09:32:35', '1978-11-13 19:55:17');
INSERT INTO `like_table` (`id`, `user_id`, `media_type_id`, `created_at`, `updated_at`) VALUES (64, 64, 4, '1983-01-02 18:02:13', '1991-04-24 00:21:18');
INSERT INTO `like_table` (`id`, `user_id`, `media_type_id`, `created_at`, `updated_at`) VALUES (65, 65, 5, '1996-12-08 13:30:03', '1997-12-22 05:19:33');
INSERT INTO `like_table` (`id`, `user_id`, `media_type_id`, `created_at`, `updated_at`) VALUES (66, 66, 6, '2017-03-10 10:52:42', '1993-10-09 12:18:58');
INSERT INTO `like_table` (`id`, `user_id`, `media_type_id`, `created_at`, `updated_at`) VALUES (67, 67, 7, '1982-03-11 19:45:19', '2004-06-23 01:36:22');
INSERT INTO `like_table` (`id`, `user_id`, `media_type_id`, `created_at`, `updated_at`) VALUES (68, 68, 8, '1970-05-23 05:33:24', '1987-05-06 10:07:20');
INSERT INTO `like_table` (`id`, `user_id`, `media_type_id`, `created_at`, `updated_at`) VALUES (69, 69, 9, '1972-04-29 13:37:39', '1996-01-09 07:04:07');
INSERT INTO `like_table` (`id`, `user_id`, `media_type_id`, `created_at`, `updated_at`) VALUES (70, 70, 10, '2011-11-14 20:45:44', '1990-11-16 21:35:10');
INSERT INTO `like_table` (`id`, `user_id`, `media_type_id`, `created_at`, `updated_at`) VALUES (71, 71, 11, '2020-08-08 09:24:44', '1973-09-03 05:48:11');
INSERT INTO `like_table` (`id`, `user_id`, `media_type_id`, `created_at`, `updated_at`) VALUES (72, 72, 12, '2016-11-05 22:26:19', '1976-10-28 07:47:03');
INSERT INTO `like_table` (`id`, `user_id`, `media_type_id`, `created_at`, `updated_at`) VALUES (73, 73, 13, '1978-11-08 01:50:59', '1989-05-22 05:18:57');
INSERT INTO `like_table` (`id`, `user_id`, `media_type_id`, `created_at`, `updated_at`) VALUES (74, 74, 14, '1995-04-22 15:59:27', '2013-06-28 07:42:47');
INSERT INTO `like_table` (`id`, `user_id`, `media_type_id`, `created_at`, `updated_at`) VALUES (75, 75, 15, '1978-11-10 10:02:22', '1976-03-25 02:45:00');
INSERT INTO `like_table` (`id`, `user_id`, `media_type_id`, `created_at`, `updated_at`) VALUES (76, 76, 16, '1985-10-30 03:09:28', '2013-07-29 16:59:27');
INSERT INTO `like_table` (`id`, `user_id`, `media_type_id`, `created_at`, `updated_at`) VALUES (77, 77, 17, '1992-05-02 11:30:34', '1985-09-03 22:46:38');
INSERT INTO `like_table` (`id`, `user_id`, `media_type_id`, `created_at`, `updated_at`) VALUES (78, 78, 18, '2002-09-06 05:31:38', '1989-12-08 14:26:51');
INSERT INTO `like_table` (`id`, `user_id`, `media_type_id`, `created_at`, `updated_at`) VALUES (79, 79, 19, '2000-03-06 21:57:29', '1987-09-13 09:21:03');
INSERT INTO `like_table` (`id`, `user_id`, `media_type_id`, `created_at`, `updated_at`) VALUES (80, 80, 20, '1981-03-26 06:59:16', '1995-08-06 10:47:32');
INSERT INTO `like_table` (`id`, `user_id`, `media_type_id`, `created_at`, `updated_at`) VALUES (81, 81, 1, '1994-08-29 22:06:41', '1999-11-05 18:40:34');
INSERT INTO `like_table` (`id`, `user_id`, `media_type_id`, `created_at`, `updated_at`) VALUES (82, 82, 2, '1987-05-08 22:28:52', '1984-05-29 09:07:11');
INSERT INTO `like_table` (`id`, `user_id`, `media_type_id`, `created_at`, `updated_at`) VALUES (83, 83, 3, '1986-02-14 16:06:34', '1975-01-31 01:05:38');
INSERT INTO `like_table` (`id`, `user_id`, `media_type_id`, `created_at`, `updated_at`) VALUES (84, 84, 4, '2006-04-08 14:04:13', '2005-05-23 01:12:56');
INSERT INTO `like_table` (`id`, `user_id`, `media_type_id`, `created_at`, `updated_at`) VALUES (85, 85, 5, '2016-06-27 00:13:01', '1981-05-30 07:19:58');
INSERT INTO `like_table` (`id`, `user_id`, `media_type_id`, `created_at`, `updated_at`) VALUES (86, 86, 6, '1986-04-25 06:19:46', '1994-09-06 19:19:29');
INSERT INTO `like_table` (`id`, `user_id`, `media_type_id`, `created_at`, `updated_at`) VALUES (87, 87, 7, '1971-06-27 13:01:23', '1977-05-08 07:21:56');
INSERT INTO `like_table` (`id`, `user_id`, `media_type_id`, `created_at`, `updated_at`) VALUES (88, 88, 8, '1986-06-23 11:45:40', '2002-03-10 20:37:38');
INSERT INTO `like_table` (`id`, `user_id`, `media_type_id`, `created_at`, `updated_at`) VALUES (89, 89, 9, '1980-02-25 08:21:51', '2001-12-28 14:51:43');
INSERT INTO `like_table` (`id`, `user_id`, `media_type_id`, `created_at`, `updated_at`) VALUES (90, 90, 10, '2001-02-25 19:12:29', '1994-06-26 06:39:17');
INSERT INTO `like_table` (`id`, `user_id`, `media_type_id`, `created_at`, `updated_at`) VALUES (91, 91, 11, '1996-04-30 04:07:15', '1970-07-25 11:41:01');
INSERT INTO `like_table` (`id`, `user_id`, `media_type_id`, `created_at`, `updated_at`) VALUES (92, 92, 12, '1970-09-23 22:15:45', '1978-02-19 15:51:02');
INSERT INTO `like_table` (`id`, `user_id`, `media_type_id`, `created_at`, `updated_at`) VALUES (93, 93, 13, '1970-06-23 08:01:58', '1995-08-21 14:29:36');
INSERT INTO `like_table` (`id`, `user_id`, `media_type_id`, `created_at`, `updated_at`) VALUES (94, 94, 14, '2000-04-09 02:24:47', '1982-07-16 01:23:18');
INSERT INTO `like_table` (`id`, `user_id`, `media_type_id`, `created_at`, `updated_at`) VALUES (95, 95, 15, '2002-02-28 11:39:05', '2015-08-26 23:45:50');
INSERT INTO `like_table` (`id`, `user_id`, `media_type_id`, `created_at`, `updated_at`) VALUES (96, 96, 16, '2009-09-03 16:20:23', '2018-07-27 09:47:27');
INSERT INTO `like_table` (`id`, `user_id`, `media_type_id`, `created_at`, `updated_at`) VALUES (97, 97, 17, '2011-10-23 04:49:13', '2018-01-19 18:09:59');
INSERT INTO `like_table` (`id`, `user_id`, `media_type_id`, `created_at`, `updated_at`) VALUES (98, 98, 18, '1991-01-14 22:18:24', '1987-02-12 08:59:00');
INSERT INTO `like_table` (`id`, `user_id`, `media_type_id`, `created_at`, `updated_at`) VALUES (99, 99, 19, '1994-10-17 05:25:13', '1990-01-18 23:10:46');
INSERT INTO `like_table` (`id`, `user_id`, `media_type_id`, `created_at`, `updated_at`) VALUES (100, 100, 20, '1973-07-28 13:58:31', '2010-03-07 01:09:53');
INSERT INTO `like_table` (`id`, `user_id`, `media_type_id`, `created_at`, `updated_at`) VALUES (101, 1, 1, '1989-01-27 21:38:14', '1991-05-12 15:22:13');
INSERT INTO `like_table` (`id`, `user_id`, `media_type_id`, `created_at`, `updated_at`) VALUES (102, 2, 2, '2011-07-22 02:24:16', '2006-12-28 12:02:43');
INSERT INTO `like_table` (`id`, `user_id`, `media_type_id`, `created_at`, `updated_at`) VALUES (103, 3, 3, '2005-03-23 17:23:56', '1979-05-28 08:25:21');
INSERT INTO `like_table` (`id`, `user_id`, `media_type_id`, `created_at`, `updated_at`) VALUES (104, 4, 4, '1985-11-05 03:58:58', '1980-05-28 10:58:29');
INSERT INTO `like_table` (`id`, `user_id`, `media_type_id`, `created_at`, `updated_at`) VALUES (105, 5, 5, '1995-01-05 15:22:08', '1997-05-16 02:27:27');
INSERT INTO `like_table` (`id`, `user_id`, `media_type_id`, `created_at`, `updated_at`) VALUES (106, 6, 6, '2000-11-21 20:14:10', '1997-06-14 12:26:45');
INSERT INTO `like_table` (`id`, `user_id`, `media_type_id`, `created_at`, `updated_at`) VALUES (107, 7, 7, '1986-11-13 01:45:17', '2010-05-15 05:04:00');
INSERT INTO `like_table` (`id`, `user_id`, `media_type_id`, `created_at`, `updated_at`) VALUES (108, 8, 8, '1998-04-21 16:41:34', '2000-11-08 01:37:43');
INSERT INTO `like_table` (`id`, `user_id`, `media_type_id`, `created_at`, `updated_at`) VALUES (109, 9, 9, '2015-07-24 00:31:40', '1998-12-17 18:47:18');
INSERT INTO `like_table` (`id`, `user_id`, `media_type_id`, `created_at`, `updated_at`) VALUES (110, 10, 10, '2016-01-06 14:01:20', '2006-02-21 16:23:18');
INSERT INTO `like_table` (`id`, `user_id`, `media_type_id`, `created_at`, `updated_at`) VALUES (111, 11, 11, '2008-05-09 22:33:08', '2017-02-13 16:37:17');
INSERT INTO `like_table` (`id`, `user_id`, `media_type_id`, `created_at`, `updated_at`) VALUES (112, 12, 12, '1998-05-24 08:23:12', '1990-10-03 18:36:55');
INSERT INTO `like_table` (`id`, `user_id`, `media_type_id`, `created_at`, `updated_at`) VALUES (113, 13, 13, '2018-07-04 16:24:50', '1975-06-02 20:07:54');
INSERT INTO `like_table` (`id`, `user_id`, `media_type_id`, `created_at`, `updated_at`) VALUES (114, 14, 14, '2017-11-02 07:36:04', '1989-01-24 17:17:14');
INSERT INTO `like_table` (`id`, `user_id`, `media_type_id`, `created_at`, `updated_at`) VALUES (115, 15, 15, '1995-02-06 17:32:12', '1998-05-22 23:42:30');
INSERT INTO `like_table` (`id`, `user_id`, `media_type_id`, `created_at`, `updated_at`) VALUES (116, 16, 16, '1986-05-17 10:17:33', '2020-03-30 01:02:34');
INSERT INTO `like_table` (`id`, `user_id`, `media_type_id`, `created_at`, `updated_at`) VALUES (117, 17, 17, '1993-10-02 10:53:59', '1996-10-22 08:01:43');
INSERT INTO `like_table` (`id`, `user_id`, `media_type_id`, `created_at`, `updated_at`) VALUES (118, 18, 18, '1991-09-05 15:15:03', '1981-10-30 23:07:58');
INSERT INTO `like_table` (`id`, `user_id`, `media_type_id`, `created_at`, `updated_at`) VALUES (119, 19, 19, '1984-06-30 08:05:46', '1995-06-06 15:08:08');
INSERT INTO `like_table` (`id`, `user_id`, `media_type_id`, `created_at`, `updated_at`) VALUES (120, 20, 20, '1975-06-21 11:38:12', '2020-12-19 10:56:53');
INSERT INTO `like_table` (`id`, `user_id`, `media_type_id`, `created_at`, `updated_at`) VALUES (121, 21, 1, '2005-06-02 03:59:47', '1971-12-13 14:36:09');
INSERT INTO `like_table` (`id`, `user_id`, `media_type_id`, `created_at`, `updated_at`) VALUES (122, 22, 2, '1993-09-20 14:34:37', '1986-05-18 14:53:52');
INSERT INTO `like_table` (`id`, `user_id`, `media_type_id`, `created_at`, `updated_at`) VALUES (123, 23, 3, '1997-02-16 12:16:04', '1976-09-19 11:22:15');
INSERT INTO `like_table` (`id`, `user_id`, `media_type_id`, `created_at`, `updated_at`) VALUES (124, 24, 4, '2018-01-02 15:04:40', '2011-10-15 21:17:18');
INSERT INTO `like_table` (`id`, `user_id`, `media_type_id`, `created_at`, `updated_at`) VALUES (125, 25, 5, '2010-02-18 02:07:48', '2020-12-06 15:49:27');
INSERT INTO `like_table` (`id`, `user_id`, `media_type_id`, `created_at`, `updated_at`) VALUES (126, 26, 6, '1979-10-31 17:36:26', '2003-08-10 21:08:01');
INSERT INTO `like_table` (`id`, `user_id`, `media_type_id`, `created_at`, `updated_at`) VALUES (127, 27, 7, '2007-10-17 05:28:55', '2013-08-26 04:37:02');
INSERT INTO `like_table` (`id`, `user_id`, `media_type_id`, `created_at`, `updated_at`) VALUES (128, 28, 8, '1998-02-18 22:11:09', '1987-01-23 17:44:28');
INSERT INTO `like_table` (`id`, `user_id`, `media_type_id`, `created_at`, `updated_at`) VALUES (129, 29, 9, '1994-07-05 11:09:42', '1990-10-12 15:22:51');
INSERT INTO `like_table` (`id`, `user_id`, `media_type_id`, `created_at`, `updated_at`) VALUES (130, 30, 10, '1985-08-17 16:33:08', '1994-01-02 12:29:08');
INSERT INTO `like_table` (`id`, `user_id`, `media_type_id`, `created_at`, `updated_at`) VALUES (131, 31, 11, '1995-09-27 05:10:42', '1988-03-27 00:19:00');
INSERT INTO `like_table` (`id`, `user_id`, `media_type_id`, `created_at`, `updated_at`) VALUES (132, 32, 12, '2013-02-05 02:40:16', '1974-08-12 21:44:02');
INSERT INTO `like_table` (`id`, `user_id`, `media_type_id`, `created_at`, `updated_at`) VALUES (133, 33, 13, '1977-08-08 16:00:42', '2005-02-06 10:51:55');
INSERT INTO `like_table` (`id`, `user_id`, `media_type_id`, `created_at`, `updated_at`) VALUES (134, 34, 14, '2002-07-09 03:09:29', '1978-03-14 09:27:59');
INSERT INTO `like_table` (`id`, `user_id`, `media_type_id`, `created_at`, `updated_at`) VALUES (135, 35, 15, '2005-01-28 09:46:16', '1978-12-09 18:00:30');
INSERT INTO `like_table` (`id`, `user_id`, `media_type_id`, `created_at`, `updated_at`) VALUES (136, 36, 16, '2001-12-15 04:26:25', '1979-09-24 04:15:26');
INSERT INTO `like_table` (`id`, `user_id`, `media_type_id`, `created_at`, `updated_at`) VALUES (137, 37, 17, '1988-12-15 09:18:37', '2012-04-30 01:42:30');
INSERT INTO `like_table` (`id`, `user_id`, `media_type_id`, `created_at`, `updated_at`) VALUES (138, 38, 18, '1981-10-18 23:10:13', '1994-03-18 21:50:14');
INSERT INTO `like_table` (`id`, `user_id`, `media_type_id`, `created_at`, `updated_at`) VALUES (139, 39, 19, '1989-11-28 01:53:08', '2003-08-12 22:30:28');
INSERT INTO `like_table` (`id`, `user_id`, `media_type_id`, `created_at`, `updated_at`) VALUES (140, 40, 20, '1981-11-06 04:55:01', '2006-10-15 22:41:42');
INSERT INTO `like_table` (`id`, `user_id`, `media_type_id`, `created_at`, `updated_at`) VALUES (141, 41, 1, '1983-01-16 16:02:56', '2004-08-15 21:06:46');
INSERT INTO `like_table` (`id`, `user_id`, `media_type_id`, `created_at`, `updated_at`) VALUES (142, 42, 2, '2001-03-04 03:50:06', '2003-11-14 04:39:43');
INSERT INTO `like_table` (`id`, `user_id`, `media_type_id`, `created_at`, `updated_at`) VALUES (143, 43, 3, '1972-04-22 18:09:21', '2020-11-29 00:26:25');
INSERT INTO `like_table` (`id`, `user_id`, `media_type_id`, `created_at`, `updated_at`) VALUES (144, 44, 4, '2000-10-08 08:54:36', '1970-05-29 16:49:30');
INSERT INTO `like_table` (`id`, `user_id`, `media_type_id`, `created_at`, `updated_at`) VALUES (145, 45, 5, '1999-10-11 18:43:14', '1989-10-31 17:48:01');
INSERT INTO `like_table` (`id`, `user_id`, `media_type_id`, `created_at`, `updated_at`) VALUES (146, 46, 6, '2004-01-27 05:19:48', '2009-01-29 08:02:22');
INSERT INTO `like_table` (`id`, `user_id`, `media_type_id`, `created_at`, `updated_at`) VALUES (147, 47, 7, '1987-04-13 07:05:10', '2018-02-20 12:48:12');
INSERT INTO `like_table` (`id`, `user_id`, `media_type_id`, `created_at`, `updated_at`) VALUES (148, 48, 8, '2010-01-03 05:57:49', '2017-01-24 10:57:55');
INSERT INTO `like_table` (`id`, `user_id`, `media_type_id`, `created_at`, `updated_at`) VALUES (149, 49, 9, '2012-06-27 17:39:10', '1977-04-01 05:33:34');
INSERT INTO `like_table` (`id`, `user_id`, `media_type_id`, `created_at`, `updated_at`) VALUES (150, 50, 10, '1971-02-17 14:37:03', '2013-06-25 16:03:46');
INSERT INTO `like_table` (`id`, `user_id`, `media_type_id`, `created_at`, `updated_at`) VALUES (151, 51, 11, '1973-02-01 22:17:33', '1984-01-06 16:49:02');
INSERT INTO `like_table` (`id`, `user_id`, `media_type_id`, `created_at`, `updated_at`) VALUES (152, 52, 12, '2016-06-23 09:00:57', '1971-02-09 07:26:14');
INSERT INTO `like_table` (`id`, `user_id`, `media_type_id`, `created_at`, `updated_at`) VALUES (153, 53, 13, '2004-07-13 06:31:53', '1986-04-03 09:27:39');
INSERT INTO `like_table` (`id`, `user_id`, `media_type_id`, `created_at`, `updated_at`) VALUES (154, 54, 14, '1979-05-09 00:04:38', '2012-07-15 03:29:57');
INSERT INTO `like_table` (`id`, `user_id`, `media_type_id`, `created_at`, `updated_at`) VALUES (155, 55, 15, '2005-04-28 11:56:57', '1982-04-06 07:38:12');
INSERT INTO `like_table` (`id`, `user_id`, `media_type_id`, `created_at`, `updated_at`) VALUES (156, 56, 16, '1995-12-20 10:38:33', '1970-08-27 13:34:04');
INSERT INTO `like_table` (`id`, `user_id`, `media_type_id`, `created_at`, `updated_at`) VALUES (157, 57, 17, '1973-04-27 17:18:07', '1992-08-03 21:32:50');
INSERT INTO `like_table` (`id`, `user_id`, `media_type_id`, `created_at`, `updated_at`) VALUES (158, 58, 18, '2008-11-19 23:55:33', '2010-09-08 09:01:07');
INSERT INTO `like_table` (`id`, `user_id`, `media_type_id`, `created_at`, `updated_at`) VALUES (159, 59, 19, '1981-01-01 09:37:53', '2012-11-28 21:58:19');
INSERT INTO `like_table` (`id`, `user_id`, `media_type_id`, `created_at`, `updated_at`) VALUES (160, 60, 20, '1992-08-01 06:53:19', '1982-08-29 05:54:35');
INSERT INTO `like_table` (`id`, `user_id`, `media_type_id`, `created_at`, `updated_at`) VALUES (161, 61, 1, '2007-01-09 20:22:59', '1992-10-19 07:56:56');
INSERT INTO `like_table` (`id`, `user_id`, `media_type_id`, `created_at`, `updated_at`) VALUES (162, 62, 2, '2002-12-18 05:15:19', '1997-11-15 05:32:32');
INSERT INTO `like_table` (`id`, `user_id`, `media_type_id`, `created_at`, `updated_at`) VALUES (163, 63, 3, '2009-04-11 23:36:09', '1971-05-02 16:53:58');
INSERT INTO `like_table` (`id`, `user_id`, `media_type_id`, `created_at`, `updated_at`) VALUES (164, 64, 4, '2011-05-31 06:04:31', '2021-02-26 08:46:47');
INSERT INTO `like_table` (`id`, `user_id`, `media_type_id`, `created_at`, `updated_at`) VALUES (165, 65, 5, '1982-08-14 15:12:28', '2001-01-29 18:36:50');
INSERT INTO `like_table` (`id`, `user_id`, `media_type_id`, `created_at`, `updated_at`) VALUES (166, 66, 6, '1994-04-27 20:33:40', '1998-07-01 15:13:46');
INSERT INTO `like_table` (`id`, `user_id`, `media_type_id`, `created_at`, `updated_at`) VALUES (167, 67, 7, '1995-04-06 09:03:16', '1971-01-16 06:36:03');
INSERT INTO `like_table` (`id`, `user_id`, `media_type_id`, `created_at`, `updated_at`) VALUES (168, 68, 8, '1996-03-07 10:29:39', '1984-10-30 14:35:27');
INSERT INTO `like_table` (`id`, `user_id`, `media_type_id`, `created_at`, `updated_at`) VALUES (169, 69, 9, '1980-07-09 00:04:38', '2011-09-15 02:17:30');
INSERT INTO `like_table` (`id`, `user_id`, `media_type_id`, `created_at`, `updated_at`) VALUES (170, 70, 10, '2010-12-11 17:41:03', '1970-02-26 08:37:20');
INSERT INTO `like_table` (`id`, `user_id`, `media_type_id`, `created_at`, `updated_at`) VALUES (171, 71, 11, '2012-10-27 00:33:09', '2003-09-22 06:16:14');
INSERT INTO `like_table` (`id`, `user_id`, `media_type_id`, `created_at`, `updated_at`) VALUES (172, 72, 12, '2012-05-02 22:19:26', '2013-11-04 14:42:40');
INSERT INTO `like_table` (`id`, `user_id`, `media_type_id`, `created_at`, `updated_at`) VALUES (173, 73, 13, '2001-01-18 09:02:19', '2012-05-26 00:56:00');
INSERT INTO `like_table` (`id`, `user_id`, `media_type_id`, `created_at`, `updated_at`) VALUES (174, 74, 14, '2011-01-05 18:11:00', '1985-10-20 21:23:17');
INSERT INTO `like_table` (`id`, `user_id`, `media_type_id`, `created_at`, `updated_at`) VALUES (175, 75, 15, '1987-11-16 00:59:57', '1996-02-10 05:23:20');
INSERT INTO `like_table` (`id`, `user_id`, `media_type_id`, `created_at`, `updated_at`) VALUES (176, 76, 16, '1979-05-21 03:47:09', '1990-08-19 02:28:18');
INSERT INTO `like_table` (`id`, `user_id`, `media_type_id`, `created_at`, `updated_at`) VALUES (177, 77, 17, '1991-10-25 09:38:13', '1975-05-02 10:06:23');
INSERT INTO `like_table` (`id`, `user_id`, `media_type_id`, `created_at`, `updated_at`) VALUES (178, 78, 18, '2017-02-28 12:12:38', '1980-09-01 00:08:03');
INSERT INTO `like_table` (`id`, `user_id`, `media_type_id`, `created_at`, `updated_at`) VALUES (179, 79, 19, '2004-11-19 07:11:45', '2014-01-22 01:39:23');
INSERT INTO `like_table` (`id`, `user_id`, `media_type_id`, `created_at`, `updated_at`) VALUES (180, 80, 20, '1992-08-17 12:17:23', '1998-04-13 10:11:21');
INSERT INTO `like_table` (`id`, `user_id`, `media_type_id`, `created_at`, `updated_at`) VALUES (181, 81, 1, '1972-12-27 17:19:30', '1994-11-13 01:17:31');
INSERT INTO `like_table` (`id`, `user_id`, `media_type_id`, `created_at`, `updated_at`) VALUES (182, 82, 2, '1973-10-19 00:04:26', '1977-03-21 21:00:03');
INSERT INTO `like_table` (`id`, `user_id`, `media_type_id`, `created_at`, `updated_at`) VALUES (183, 83, 3, '1981-01-08 22:04:20', '2004-09-01 20:14:18');
INSERT INTO `like_table` (`id`, `user_id`, `media_type_id`, `created_at`, `updated_at`) VALUES (184, 84, 4, '2002-02-07 22:51:57', '1986-06-02 15:40:48');
INSERT INTO `like_table` (`id`, `user_id`, `media_type_id`, `created_at`, `updated_at`) VALUES (185, 85, 5, '1992-08-23 07:56:36', '2009-06-25 01:30:27');
INSERT INTO `like_table` (`id`, `user_id`, `media_type_id`, `created_at`, `updated_at`) VALUES (186, 86, 6, '1979-05-31 17:33:03', '1984-11-23 20:36:04');
INSERT INTO `like_table` (`id`, `user_id`, `media_type_id`, `created_at`, `updated_at`) VALUES (187, 87, 7, '1983-02-13 12:12:45', '1999-05-21 08:47:01');
INSERT INTO `like_table` (`id`, `user_id`, `media_type_id`, `created_at`, `updated_at`) VALUES (188, 88, 8, '2012-09-21 10:46:34', '2020-02-19 07:46:13');
INSERT INTO `like_table` (`id`, `user_id`, `media_type_id`, `created_at`, `updated_at`) VALUES (189, 89, 9, '1991-03-24 16:35:13', '2001-08-27 11:29:51');
INSERT INTO `like_table` (`id`, `user_id`, `media_type_id`, `created_at`, `updated_at`) VALUES (190, 90, 10, '2017-10-16 08:21:08', '2006-09-19 05:51:18');
INSERT INTO `like_table` (`id`, `user_id`, `media_type_id`, `created_at`, `updated_at`) VALUES (191, 91, 11, '1998-10-27 21:55:16', '1982-06-20 08:45:06');
INSERT INTO `like_table` (`id`, `user_id`, `media_type_id`, `created_at`, `updated_at`) VALUES (192, 92, 12, '2006-05-31 22:10:52', '1993-05-16 01:34:13');
INSERT INTO `like_table` (`id`, `user_id`, `media_type_id`, `created_at`, `updated_at`) VALUES (193, 93, 13, '1978-07-08 22:45:40', '2014-02-14 11:15:10');
INSERT INTO `like_table` (`id`, `user_id`, `media_type_id`, `created_at`, `updated_at`) VALUES (194, 94, 14, '1983-08-23 12:53:45', '2007-05-27 18:25:03');
INSERT INTO `like_table` (`id`, `user_id`, `media_type_id`, `created_at`, `updated_at`) VALUES (195, 95, 15, '1989-09-27 01:17:45', '2019-12-27 15:29:53');
INSERT INTO `like_table` (`id`, `user_id`, `media_type_id`, `created_at`, `updated_at`) VALUES (196, 96, 16, '2007-09-30 10:04:43', '2011-08-14 07:08:51');
INSERT INTO `like_table` (`id`, `user_id`, `media_type_id`, `created_at`, `updated_at`) VALUES (197, 97, 17, '2014-06-10 18:19:37', '1971-01-05 02:45:11');
INSERT INTO `like_table` (`id`, `user_id`, `media_type_id`, `created_at`, `updated_at`) VALUES (198, 98, 18, '1987-04-08 19:29:16', '2006-08-21 17:47:34');
INSERT INTO `like_table` (`id`, `user_id`, `media_type_id`, `created_at`, `updated_at`) VALUES (199, 99, 19, '1975-10-12 03:32:35', '1973-11-06 00:20:33');
INSERT INTO `like_table` (`id`, `user_id`, `media_type_id`, `created_at`, `updated_at`) VALUES (200, 100, 20, '1989-01-12 01:04:25', '2003-09-09 22:29:14');
INSERT INTO `like_table` (`id`, `user_id`, `media_type_id`, `created_at`, `updated_at`) VALUES (201, 1, 1, '1980-08-05 00:23:23', '2015-08-25 10:37:16');
INSERT INTO `like_table` (`id`, `user_id`, `media_type_id`, `created_at`, `updated_at`) VALUES (202, 2, 2, '1997-08-02 06:15:53', '1989-06-07 07:40:16');
INSERT INTO `like_table` (`id`, `user_id`, `media_type_id`, `created_at`, `updated_at`) VALUES (203, 3, 3, '1993-06-25 22:08:49', '1980-07-12 17:32:45');
INSERT INTO `like_table` (`id`, `user_id`, `media_type_id`, `created_at`, `updated_at`) VALUES (204, 4, 4, '1990-05-17 08:26:39', '2007-01-15 16:05:54');
INSERT INTO `like_table` (`id`, `user_id`, `media_type_id`, `created_at`, `updated_at`) VALUES (205, 5, 5, '1981-07-20 08:23:42', '2008-02-11 19:48:07');
INSERT INTO `like_table` (`id`, `user_id`, `media_type_id`, `created_at`, `updated_at`) VALUES (206, 6, 6, '2004-11-02 20:10:44', '2005-04-15 01:55:31');
INSERT INTO `like_table` (`id`, `user_id`, `media_type_id`, `created_at`, `updated_at`) VALUES (207, 7, 7, '2010-03-26 08:21:50', '2012-10-12 07:26:52');
INSERT INTO `like_table` (`id`, `user_id`, `media_type_id`, `created_at`, `updated_at`) VALUES (208, 8, 8, '1981-04-13 15:59:43', '2020-10-11 17:39:10');
INSERT INTO `like_table` (`id`, `user_id`, `media_type_id`, `created_at`, `updated_at`) VALUES (209, 9, 9, '1974-05-14 21:13:13', '1991-11-20 13:54:58');
INSERT INTO `like_table` (`id`, `user_id`, `media_type_id`, `created_at`, `updated_at`) VALUES (210, 10, 10, '1993-01-18 13:34:43', '1972-12-20 14:06:13');
INSERT INTO `like_table` (`id`, `user_id`, `media_type_id`, `created_at`, `updated_at`) VALUES (211, 11, 11, '1974-05-21 16:52:18', '1983-12-29 01:01:26');
INSERT INTO `like_table` (`id`, `user_id`, `media_type_id`, `created_at`, `updated_at`) VALUES (212, 12, 12, '2005-08-12 20:10:22', '2015-07-12 18:07:35');
INSERT INTO `like_table` (`id`, `user_id`, `media_type_id`, `created_at`, `updated_at`) VALUES (213, 13, 13, '1975-05-07 14:20:11', '1990-11-22 16:50:15');
INSERT INTO `like_table` (`id`, `user_id`, `media_type_id`, `created_at`, `updated_at`) VALUES (214, 14, 14, '1983-08-07 10:31:16', '1984-02-26 13:31:50');
INSERT INTO `like_table` (`id`, `user_id`, `media_type_id`, `created_at`, `updated_at`) VALUES (215, 15, 15, '2019-07-01 16:16:56', '2003-10-11 17:27:18');
INSERT INTO `like_table` (`id`, `user_id`, `media_type_id`, `created_at`, `updated_at`) VALUES (216, 16, 16, '1977-08-10 03:10:57', '1989-09-08 20:06:58');
INSERT INTO `like_table` (`id`, `user_id`, `media_type_id`, `created_at`, `updated_at`) VALUES (217, 17, 17, '1976-11-04 02:49:17', '1973-01-17 17:49:36');
INSERT INTO `like_table` (`id`, `user_id`, `media_type_id`, `created_at`, `updated_at`) VALUES (218, 18, 18, '2018-03-14 23:53:46', '2007-08-24 23:23:47');
INSERT INTO `like_table` (`id`, `user_id`, `media_type_id`, `created_at`, `updated_at`) VALUES (219, 19, 19, '1991-07-09 07:17:37', '2009-11-20 04:12:30');
INSERT INTO `like_table` (`id`, `user_id`, `media_type_id`, `created_at`, `updated_at`) VALUES (220, 20, 20, '2013-09-07 12:36:16', '2004-12-29 07:31:47');
INSERT INTO `like_table` (`id`, `user_id`, `media_type_id`, `created_at`, `updated_at`) VALUES (221, 21, 1, '1995-10-17 01:00:18', '2019-07-10 06:26:38');
INSERT INTO `like_table` (`id`, `user_id`, `media_type_id`, `created_at`, `updated_at`) VALUES (222, 22, 2, '2013-03-11 23:19:05', '2002-01-04 05:07:24');
INSERT INTO `like_table` (`id`, `user_id`, `media_type_id`, `created_at`, `updated_at`) VALUES (223, 23, 3, '1984-02-12 01:57:41', '2020-08-05 03:17:46');
INSERT INTO `like_table` (`id`, `user_id`, `media_type_id`, `created_at`, `updated_at`) VALUES (224, 24, 4, '2013-10-06 05:15:45', '2004-08-08 11:21:02');
INSERT INTO `like_table` (`id`, `user_id`, `media_type_id`, `created_at`, `updated_at`) VALUES (225, 25, 5, '1981-01-19 07:08:55', '2020-09-03 04:08:13');
INSERT INTO `like_table` (`id`, `user_id`, `media_type_id`, `created_at`, `updated_at`) VALUES (226, 26, 6, '2013-12-11 01:59:03', '1989-02-28 13:49:28');
INSERT INTO `like_table` (`id`, `user_id`, `media_type_id`, `created_at`, `updated_at`) VALUES (227, 27, 7, '1981-10-29 06:51:31', '1986-07-30 02:10:12');
INSERT INTO `like_table` (`id`, `user_id`, `media_type_id`, `created_at`, `updated_at`) VALUES (228, 28, 8, '1987-10-10 20:44:15', '1985-10-12 21:50:27');
INSERT INTO `like_table` (`id`, `user_id`, `media_type_id`, `created_at`, `updated_at`) VALUES (229, 29, 9, '2002-06-11 22:29:19', '1988-04-04 12:37:41');
INSERT INTO `like_table` (`id`, `user_id`, `media_type_id`, `created_at`, `updated_at`) VALUES (230, 30, 10, '1973-05-28 07:57:59', '2012-03-23 09:30:11');
INSERT INTO `like_table` (`id`, `user_id`, `media_type_id`, `created_at`, `updated_at`) VALUES (231, 31, 11, '1998-10-16 19:27:49', '1984-01-28 01:07:36');
INSERT INTO `like_table` (`id`, `user_id`, `media_type_id`, `created_at`, `updated_at`) VALUES (232, 32, 12, '1976-08-31 04:12:17', '2011-06-25 13:17:10');
INSERT INTO `like_table` (`id`, `user_id`, `media_type_id`, `created_at`, `updated_at`) VALUES (233, 33, 13, '2011-12-28 22:48:28', '1983-01-14 18:11:37');
INSERT INTO `like_table` (`id`, `user_id`, `media_type_id`, `created_at`, `updated_at`) VALUES (234, 34, 14, '1981-01-24 16:43:28', '2013-03-19 17:19:34');
INSERT INTO `like_table` (`id`, `user_id`, `media_type_id`, `created_at`, `updated_at`) VALUES (235, 35, 15, '1998-12-13 12:33:17', '2018-11-23 11:44:36');
INSERT INTO `like_table` (`id`, `user_id`, `media_type_id`, `created_at`, `updated_at`) VALUES (236, 36, 16, '1973-05-15 09:26:02', '2011-05-27 12:41:50');
INSERT INTO `like_table` (`id`, `user_id`, `media_type_id`, `created_at`, `updated_at`) VALUES (237, 37, 17, '1988-10-22 08:47:08', '1999-10-15 11:05:10');
INSERT INTO `like_table` (`id`, `user_id`, `media_type_id`, `created_at`, `updated_at`) VALUES (238, 38, 18, '1975-05-07 07:50:26', '1975-06-06 17:56:57');
INSERT INTO `like_table` (`id`, `user_id`, `media_type_id`, `created_at`, `updated_at`) VALUES (239, 39, 19, '2000-12-17 10:08:35', '1997-02-06 19:51:55');
INSERT INTO `like_table` (`id`, `user_id`, `media_type_id`, `created_at`, `updated_at`) VALUES (240, 40, 20, '1983-09-10 14:22:59', '1978-10-16 12:42:13');
INSERT INTO `like_table` (`id`, `user_id`, `media_type_id`, `created_at`, `updated_at`) VALUES (241, 41, 1, '2001-02-18 04:49:28', '1972-12-29 05:49:47');
INSERT INTO `like_table` (`id`, `user_id`, `media_type_id`, `created_at`, `updated_at`) VALUES (242, 42, 2, '1978-10-07 19:14:09', '1975-01-19 23:53:10');
INSERT INTO `like_table` (`id`, `user_id`, `media_type_id`, `created_at`, `updated_at`) VALUES (243, 43, 3, '2017-09-01 13:15:31', '2018-04-20 03:43:15');
INSERT INTO `like_table` (`id`, `user_id`, `media_type_id`, `created_at`, `updated_at`) VALUES (244, 44, 4, '2013-05-21 07:26:43', '1985-02-14 17:38:46');
INSERT INTO `like_table` (`id`, `user_id`, `media_type_id`, `created_at`, `updated_at`) VALUES (245, 45, 5, '1979-09-23 04:42:29', '2011-12-13 01:14:36');
INSERT INTO `like_table` (`id`, `user_id`, `media_type_id`, `created_at`, `updated_at`) VALUES (246, 46, 6, '1993-05-26 16:21:21', '1992-01-21 03:35:42');
INSERT INTO `like_table` (`id`, `user_id`, `media_type_id`, `created_at`, `updated_at`) VALUES (247, 47, 7, '1983-02-13 05:04:50', '1988-03-01 13:58:55');
INSERT INTO `like_table` (`id`, `user_id`, `media_type_id`, `created_at`, `updated_at`) VALUES (248, 48, 8, '2013-06-14 08:57:27', '1998-02-23 00:58:30');
INSERT INTO `like_table` (`id`, `user_id`, `media_type_id`, `created_at`, `updated_at`) VALUES (249, 49, 9, '1973-03-05 02:44:03', '1996-08-26 07:25:23');
INSERT INTO `like_table` (`id`, `user_id`, `media_type_id`, `created_at`, `updated_at`) VALUES (250, 50, 10, '2008-07-03 16:33:45', '1973-01-28 02:31:26');
INSERT INTO `like_table` (`id`, `user_id`, `media_type_id`, `created_at`, `updated_at`) VALUES (251, 51, 11, '2012-03-23 08:44:48', '1995-12-29 19:52:16');
INSERT INTO `like_table` (`id`, `user_id`, `media_type_id`, `created_at`, `updated_at`) VALUES (252, 52, 12, '2021-02-27 07:58:24', '1970-01-12 06:02:18');
INSERT INTO `like_table` (`id`, `user_id`, `media_type_id`, `created_at`, `updated_at`) VALUES (253, 53, 13, '2020-03-14 06:17:09', '1985-08-22 11:40:54');
INSERT INTO `like_table` (`id`, `user_id`, `media_type_id`, `created_at`, `updated_at`) VALUES (254, 54, 14, '1978-06-25 23:17:54', '1978-01-13 04:35:53');
INSERT INTO `like_table` (`id`, `user_id`, `media_type_id`, `created_at`, `updated_at`) VALUES (255, 55, 15, '1996-03-24 17:40:55', '2006-09-09 03:35:44');
INSERT INTO `like_table` (`id`, `user_id`, `media_type_id`, `created_at`, `updated_at`) VALUES (256, 56, 16, '1995-09-29 21:09:44', '1987-08-05 19:57:19');
INSERT INTO `like_table` (`id`, `user_id`, `media_type_id`, `created_at`, `updated_at`) VALUES (257, 57, 17, '1986-08-07 12:30:50', '2004-09-23 10:02:37');
INSERT INTO `like_table` (`id`, `user_id`, `media_type_id`, `created_at`, `updated_at`) VALUES (258, 58, 18, '2008-07-24 07:45:43', '1977-07-08 01:35:33');
INSERT INTO `like_table` (`id`, `user_id`, `media_type_id`, `created_at`, `updated_at`) VALUES (259, 59, 19, '1989-04-26 21:35:35', '1989-11-09 13:36:51');
INSERT INTO `like_table` (`id`, `user_id`, `media_type_id`, `created_at`, `updated_at`) VALUES (260, 60, 20, '1996-09-14 11:43:42', '2016-07-28 00:06:37');
INSERT INTO `like_table` (`id`, `user_id`, `media_type_id`, `created_at`, `updated_at`) VALUES (261, 61, 1, '1976-09-09 17:16:53', '1987-09-20 08:27:25');
INSERT INTO `like_table` (`id`, `user_id`, `media_type_id`, `created_at`, `updated_at`) VALUES (262, 62, 2, '1978-04-22 17:12:13', '2004-06-07 12:56:39');
INSERT INTO `like_table` (`id`, `user_id`, `media_type_id`, `created_at`, `updated_at`) VALUES (263, 63, 3, '1980-09-17 11:14:30', '2016-10-10 02:03:10');
INSERT INTO `like_table` (`id`, `user_id`, `media_type_id`, `created_at`, `updated_at`) VALUES (264, 64, 4, '2015-11-15 00:45:04', '2018-12-22 18:53:33');
INSERT INTO `like_table` (`id`, `user_id`, `media_type_id`, `created_at`, `updated_at`) VALUES (265, 65, 5, '1973-03-24 11:13:03', '1993-02-23 01:15:22');
INSERT INTO `like_table` (`id`, `user_id`, `media_type_id`, `created_at`, `updated_at`) VALUES (266, 66, 6, '1985-09-14 02:25:36', '1983-04-02 23:04:47');
INSERT INTO `like_table` (`id`, `user_id`, `media_type_id`, `created_at`, `updated_at`) VALUES (267, 67, 7, '1987-08-03 20:59:22', '2013-11-26 14:29:45');
INSERT INTO `like_table` (`id`, `user_id`, `media_type_id`, `created_at`, `updated_at`) VALUES (268, 68, 8, '1974-12-20 07:56:58', '2018-10-03 18:53:47');
INSERT INTO `like_table` (`id`, `user_id`, `media_type_id`, `created_at`, `updated_at`) VALUES (269, 69, 9, '1989-10-11 20:03:50', '2014-05-26 13:11:36');
INSERT INTO `like_table` (`id`, `user_id`, `media_type_id`, `created_at`, `updated_at`) VALUES (270, 70, 10, '1999-07-12 02:46:06', '2021-05-03 04:10:21');
INSERT INTO `like_table` (`id`, `user_id`, `media_type_id`, `created_at`, `updated_at`) VALUES (271, 71, 11, '1990-07-15 15:22:27', '1993-03-25 04:16:32');
INSERT INTO `like_table` (`id`, `user_id`, `media_type_id`, `created_at`, `updated_at`) VALUES (272, 72, 12, '1973-01-26 05:03:46', '2000-03-29 05:12:47');
INSERT INTO `like_table` (`id`, `user_id`, `media_type_id`, `created_at`, `updated_at`) VALUES (273, 73, 13, '1971-03-13 01:08:28', '1970-11-05 05:12:10');
INSERT INTO `like_table` (`id`, `user_id`, `media_type_id`, `created_at`, `updated_at`) VALUES (274, 74, 14, '1972-08-05 13:51:40', '1989-12-27 00:38:20');
INSERT INTO `like_table` (`id`, `user_id`, `media_type_id`, `created_at`, `updated_at`) VALUES (275, 75, 15, '2020-04-03 11:17:50', '2004-08-04 22:52:34');
INSERT INTO `like_table` (`id`, `user_id`, `media_type_id`, `created_at`, `updated_at`) VALUES (276, 76, 16, '1997-12-29 02:55:33', '1973-11-21 19:08:22');
INSERT INTO `like_table` (`id`, `user_id`, `media_type_id`, `created_at`, `updated_at`) VALUES (277, 77, 17, '2008-07-28 02:45:16', '1973-02-20 22:09:32');
INSERT INTO `like_table` (`id`, `user_id`, `media_type_id`, `created_at`, `updated_at`) VALUES (278, 78, 18, '2008-03-16 05:28:52', '1970-03-12 08:04:47');
INSERT INTO `like_table` (`id`, `user_id`, `media_type_id`, `created_at`, `updated_at`) VALUES (279, 79, 19, '1987-06-18 09:49:50', '1990-12-01 11:52:42');
INSERT INTO `like_table` (`id`, `user_id`, `media_type_id`, `created_at`, `updated_at`) VALUES (280, 80, 20, '2001-06-10 02:09:47', '1978-06-26 09:26:13');
INSERT INTO `like_table` (`id`, `user_id`, `media_type_id`, `created_at`, `updated_at`) VALUES (281, 81, 1, '2009-10-14 19:07:20', '2000-01-26 04:49:45');
INSERT INTO `like_table` (`id`, `user_id`, `media_type_id`, `created_at`, `updated_at`) VALUES (282, 82, 2, '1971-04-29 07:37:56', '2005-03-09 20:04:47');
INSERT INTO `like_table` (`id`, `user_id`, `media_type_id`, `created_at`, `updated_at`) VALUES (283, 83, 3, '2020-08-28 18:53:00', '1985-01-11 09:27:16');
INSERT INTO `like_table` (`id`, `user_id`, `media_type_id`, `created_at`, `updated_at`) VALUES (284, 84, 4, '1974-10-02 18:42:31', '2010-04-20 18:13:46');
INSERT INTO `like_table` (`id`, `user_id`, `media_type_id`, `created_at`, `updated_at`) VALUES (285, 85, 5, '1973-02-04 17:08:13', '2000-08-07 13:52:31');
INSERT INTO `like_table` (`id`, `user_id`, `media_type_id`, `created_at`, `updated_at`) VALUES (286, 86, 6, '1987-02-20 18:00:31', '1995-11-26 18:17:00');
INSERT INTO `like_table` (`id`, `user_id`, `media_type_id`, `created_at`, `updated_at`) VALUES (287, 87, 7, '1995-10-27 04:24:34', '2002-09-23 14:40:49');
INSERT INTO `like_table` (`id`, `user_id`, `media_type_id`, `created_at`, `updated_at`) VALUES (288, 88, 8, '1998-07-08 18:03:52', '1991-07-06 00:15:05');
INSERT INTO `like_table` (`id`, `user_id`, `media_type_id`, `created_at`, `updated_at`) VALUES (289, 89, 9, '1974-03-30 10:20:38', '1979-10-21 15:46:07');
INSERT INTO `like_table` (`id`, `user_id`, `media_type_id`, `created_at`, `updated_at`) VALUES (290, 90, 10, '1972-02-20 13:51:42', '1976-01-10 09:44:34');
INSERT INTO `like_table` (`id`, `user_id`, `media_type_id`, `created_at`, `updated_at`) VALUES (291, 91, 11, '2008-02-18 08:05:18', '2016-03-28 16:13:57');
INSERT INTO `like_table` (`id`, `user_id`, `media_type_id`, `created_at`, `updated_at`) VALUES (292, 92, 12, '2017-01-13 08:02:29', '1982-12-23 11:48:23');
INSERT INTO `like_table` (`id`, `user_id`, `media_type_id`, `created_at`, `updated_at`) VALUES (293, 93, 13, '1993-01-11 08:21:21', '2013-07-12 03:49:58');
INSERT INTO `like_table` (`id`, `user_id`, `media_type_id`, `created_at`, `updated_at`) VALUES (294, 94, 14, '1990-10-18 08:52:05', '1985-09-26 01:51:40');
INSERT INTO `like_table` (`id`, `user_id`, `media_type_id`, `created_at`, `updated_at`) VALUES (295, 95, 15, '2009-04-29 16:24:59', '2020-05-06 06:03:44');
INSERT INTO `like_table` (`id`, `user_id`, `media_type_id`, `created_at`, `updated_at`) VALUES (296, 96, 16, '1985-12-16 19:24:38', '1991-07-01 00:12:34');
INSERT INTO `like_table` (`id`, `user_id`, `media_type_id`, `created_at`, `updated_at`) VALUES (297, 97, 17, '1982-07-11 00:28:50', '2017-03-22 19:57:16');
INSERT INTO `like_table` (`id`, `user_id`, `media_type_id`, `created_at`, `updated_at`) VALUES (298, 98, 18, '1976-11-28 17:16:12', '2014-02-20 09:55:34');
INSERT INTO `like_table` (`id`, `user_id`, `media_type_id`, `created_at`, `updated_at`) VALUES (299, 99, 19, '2012-01-24 22:43:30', '1999-10-14 02:57:41');
INSERT INTO `like_table` (`id`, `user_id`, `media_type_id`, `created_at`, `updated_at`) VALUES (300, 100, 20, '2000-03-04 01:01:20', '1977-02-26 10:16:56');


#
# TABLE STRUCTURE FOR: media
#

DROP TABLE IF EXISTS `media`;

CREATE TABLE `media` (
  `id` int(10) unsigned NOT NULL AUTO_INCREMENT COMMENT 'Идентификатор строки',
  `user_id` int(10) unsigned NOT NULL COMMENT 'Ссылка на пользователя, который загрузил файл',
  `filename` varchar(255) COLLATE utf8mb4_unicode_ci NOT NULL COMMENT 'Путь к файлу',
  `size` int(11) NOT NULL COMMENT 'Размер файла',
  `metadata` longtext CHARACTER SET utf8mb4 COLLATE utf8mb4_bin DEFAULT NULL COMMENT 'Метаданные файла' CHECK (json_valid(`metadata`)),
  `media_type_id` int(10) unsigned NOT NULL COMMENT 'Ссылка на тип контента',
  `created_at` datetime DEFAULT current_timestamp() COMMENT 'Время создания строки',
  `updated_at` datetime DEFAULT current_timestamp() ON UPDATE current_timestamp() COMMENT 'Время обновления строки',
  PRIMARY KEY (`id`),
  KEY `user_id` (`user_id`),
  KEY `media_type_id` (`media_type_id`),
  CONSTRAINT `media_ibfk_1` FOREIGN KEY (`user_id`) REFERENCES `users` (`id`),
  CONSTRAINT `media_ibfk_2` FOREIGN KEY (`media_type_id`) REFERENCES `media_types` (`id`)
) ENGINE=InnoDB AUTO_INCREMENT=201 DEFAULT CHARSET=utf8mb4 COLLATE=utf8mb4_unicode_ci COMMENT='Медиафайлы';

INSERT INTO `media` (`id`, `user_id`, `filename`, `size`, `metadata`, `media_type_id`, `created_at`, `updated_at`) VALUES (1, 1, 'maxime', 3741720, NULL, 1, '1979-09-06 06:02:33', '2013-01-16 14:32:54');
INSERT INTO `media` (`id`, `user_id`, `filename`, `size`, `metadata`, `media_type_id`, `created_at`, `updated_at`) VALUES (2, 2, 'odit', 210, NULL, 2, '1983-01-26 16:50:09', '1977-05-02 10:27:08');
INSERT INTO `media` (`id`, `user_id`, `filename`, `size`, `metadata`, `media_type_id`, `created_at`, `updated_at`) VALUES (3, 3, 'unde', 6267, NULL, 3, '1983-02-08 17:17:09', '2010-08-19 22:35:25');
INSERT INTO `media` (`id`, `user_id`, `filename`, `size`, `metadata`, `media_type_id`, `created_at`, `updated_at`) VALUES (4, 4, 'qui', 36786, NULL, 4, '2006-03-12 14:11:38', '2017-10-22 03:21:01');
INSERT INTO `media` (`id`, `user_id`, `filename`, `size`, `metadata`, `media_type_id`, `created_at`, `updated_at`) VALUES (5, 5, 'incidunt', 238175, NULL, 5, '2017-08-08 02:18:52', '2020-09-16 13:55:22');
INSERT INTO `media` (`id`, `user_id`, `filename`, `size`, `metadata`, `media_type_id`, `created_at`, `updated_at`) VALUES (6, 6, 'consequatur', 55419, NULL, 6, '1988-08-17 08:16:05', '2008-05-23 14:45:02');
INSERT INTO `media` (`id`, `user_id`, `filename`, `size`, `metadata`, `media_type_id`, `created_at`, `updated_at`) VALUES (7, 7, 'modi', 187097967, NULL, 7, '2001-05-19 07:41:42', '1976-09-10 14:40:02');
INSERT INTO `media` (`id`, `user_id`, `filename`, `size`, `metadata`, `media_type_id`, `created_at`, `updated_at`) VALUES (8, 8, 'consequatur', 1738472, NULL, 8, '1993-07-21 10:50:44', '1998-07-03 08:53:31');
INSERT INTO `media` (`id`, `user_id`, `filename`, `size`, `metadata`, `media_type_id`, `created_at`, `updated_at`) VALUES (9, 9, 'dicta', 390, NULL, 9, '2008-08-27 16:26:55', '2007-08-26 19:38:29');
INSERT INTO `media` (`id`, `user_id`, `filename`, `size`, `metadata`, `media_type_id`, `created_at`, `updated_at`) VALUES (10, 10, 'fuga', 80, NULL, 10, '1981-06-23 08:44:28', '1992-10-17 04:51:25');
INSERT INTO `media` (`id`, `user_id`, `filename`, `size`, `metadata`, `media_type_id`, `created_at`, `updated_at`) VALUES (11, 11, 'sed', 3541497, NULL, 11, '1972-09-30 03:19:32', '2013-06-21 18:48:53');
INSERT INTO `media` (`id`, `user_id`, `filename`, `size`, `metadata`, `media_type_id`, `created_at`, `updated_at`) VALUES (12, 12, 'hic', 0, NULL, 12, '2001-09-23 03:25:03', '1977-06-14 02:44:38');
INSERT INTO `media` (`id`, `user_id`, `filename`, `size`, `metadata`, `media_type_id`, `created_at`, `updated_at`) VALUES (13, 13, 'error', 4531, NULL, 13, '2016-08-10 08:15:06', '1991-06-14 05:57:43');
INSERT INTO `media` (`id`, `user_id`, `filename`, `size`, `metadata`, `media_type_id`, `created_at`, `updated_at`) VALUES (14, 14, 'repellat', 7684874, NULL, 14, '2004-04-02 04:53:03', '2009-05-27 05:20:28');
INSERT INTO `media` (`id`, `user_id`, `filename`, `size`, `metadata`, `media_type_id`, `created_at`, `updated_at`) VALUES (15, 15, 'impedit', 9844, NULL, 15, '2012-08-26 09:54:32', '2003-02-18 08:36:14');
INSERT INTO `media` (`id`, `user_id`, `filename`, `size`, `metadata`, `media_type_id`, `created_at`, `updated_at`) VALUES (16, 16, 'earum', 0, NULL, 16, '2014-03-08 10:28:05', '1998-09-11 12:42:22');
INSERT INTO `media` (`id`, `user_id`, `filename`, `size`, `metadata`, `media_type_id`, `created_at`, `updated_at`) VALUES (17, 17, 'ea', 721554076, NULL, 17, '1991-08-17 00:07:41', '1998-06-27 12:35:35');
INSERT INTO `media` (`id`, `user_id`, `filename`, `size`, `metadata`, `media_type_id`, `created_at`, `updated_at`) VALUES (18, 18, 'accusantium', 40687, NULL, 18, '2016-08-17 03:43:45', '2021-03-22 08:43:25');
INSERT INTO `media` (`id`, `user_id`, `filename`, `size`, `metadata`, `media_type_id`, `created_at`, `updated_at`) VALUES (19, 19, 'et', 41514, NULL, 19, '2001-06-14 14:41:39', '1976-03-02 08:27:30');
INSERT INTO `media` (`id`, `user_id`, `filename`, `size`, `metadata`, `media_type_id`, `created_at`, `updated_at`) VALUES (20, 20, 'et', 233036241, NULL, 20, '1998-02-09 21:11:04', '2000-01-04 03:17:10');
INSERT INTO `media` (`id`, `user_id`, `filename`, `size`, `metadata`, `media_type_id`, `created_at`, `updated_at`) VALUES (21, 21, 'a', 684823314, NULL, 1, '2005-12-17 07:02:48', '1975-12-09 16:06:52');
INSERT INTO `media` (`id`, `user_id`, `filename`, `size`, `metadata`, `media_type_id`, `created_at`, `updated_at`) VALUES (22, 22, 'non', 75439452, NULL, 2, '2016-04-28 13:39:38', '1991-05-23 04:05:38');
INSERT INTO `media` (`id`, `user_id`, `filename`, `size`, `metadata`, `media_type_id`, `created_at`, `updated_at`) VALUES (23, 23, 'maxime', 4275, NULL, 3, '2002-07-31 00:14:38', '2017-12-07 20:09:24');
INSERT INTO `media` (`id`, `user_id`, `filename`, `size`, `metadata`, `media_type_id`, `created_at`, `updated_at`) VALUES (24, 24, 'recusandae', 223, NULL, 4, '1984-03-27 21:23:38', '1997-04-07 02:49:34');
INSERT INTO `media` (`id`, `user_id`, `filename`, `size`, `metadata`, `media_type_id`, `created_at`, `updated_at`) VALUES (25, 25, 'dicta', 564181039, NULL, 5, '2019-12-23 02:15:41', '1976-02-21 06:25:21');
INSERT INTO `media` (`id`, `user_id`, `filename`, `size`, `metadata`, `media_type_id`, `created_at`, `updated_at`) VALUES (26, 26, 'molestiae', 8272, NULL, 6, '1987-04-18 07:07:11', '1996-09-02 02:52:48');
INSERT INTO `media` (`id`, `user_id`, `filename`, `size`, `metadata`, `media_type_id`, `created_at`, `updated_at`) VALUES (27, 27, 'eum', 3, NULL, 7, '2003-11-03 00:06:58', '2019-10-21 05:23:58');
INSERT INTO `media` (`id`, `user_id`, `filename`, `size`, `metadata`, `media_type_id`, `created_at`, `updated_at`) VALUES (28, 28, 'at', 302206, NULL, 8, '1982-12-05 17:18:31', '1983-06-20 10:41:31');
INSERT INTO `media` (`id`, `user_id`, `filename`, `size`, `metadata`, `media_type_id`, `created_at`, `updated_at`) VALUES (29, 29, 'facilis', 39244, NULL, 9, '1982-02-06 14:04:45', '1971-10-22 09:09:00');
INSERT INTO `media` (`id`, `user_id`, `filename`, `size`, `metadata`, `media_type_id`, `created_at`, `updated_at`) VALUES (30, 30, 'maiores', 8992282, NULL, 10, '1976-02-17 11:01:51', '1989-12-03 12:19:57');
INSERT INTO `media` (`id`, `user_id`, `filename`, `size`, `metadata`, `media_type_id`, `created_at`, `updated_at`) VALUES (31, 31, 'recusandae', 6, NULL, 11, '2021-03-05 06:20:58', '1992-10-07 23:32:02');
INSERT INTO `media` (`id`, `user_id`, `filename`, `size`, `metadata`, `media_type_id`, `created_at`, `updated_at`) VALUES (32, 32, 'earum', 710, NULL, 12, '1992-12-19 21:28:11', '1975-07-29 10:04:04');
INSERT INTO `media` (`id`, `user_id`, `filename`, `size`, `metadata`, `media_type_id`, `created_at`, `updated_at`) VALUES (33, 33, 'rem', 139707, NULL, 13, '1987-12-26 19:46:34', '1985-12-17 01:13:45');
INSERT INTO `media` (`id`, `user_id`, `filename`, `size`, `metadata`, `media_type_id`, `created_at`, `updated_at`) VALUES (34, 34, 'ratione', 0, NULL, 14, '1998-06-12 13:25:30', '2015-01-22 08:03:01');
INSERT INTO `media` (`id`, `user_id`, `filename`, `size`, `metadata`, `media_type_id`, `created_at`, `updated_at`) VALUES (35, 35, 'et', 3, NULL, 15, '1994-02-17 20:08:03', '2014-09-02 17:31:31');
INSERT INTO `media` (`id`, `user_id`, `filename`, `size`, `metadata`, `media_type_id`, `created_at`, `updated_at`) VALUES (36, 36, 'rerum', 5518705, NULL, 16, '1980-03-29 22:22:03', '2013-03-05 18:50:09');
INSERT INTO `media` (`id`, `user_id`, `filename`, `size`, `metadata`, `media_type_id`, `created_at`, `updated_at`) VALUES (37, 37, 'debitis', 199152419, NULL, 17, '2006-12-18 18:03:27', '1977-05-21 12:33:26');
INSERT INTO `media` (`id`, `user_id`, `filename`, `size`, `metadata`, `media_type_id`, `created_at`, `updated_at`) VALUES (38, 38, 'velit', 523484687, NULL, 18, '2016-10-30 19:20:43', '2004-05-03 10:39:45');
INSERT INTO `media` (`id`, `user_id`, `filename`, `size`, `metadata`, `media_type_id`, `created_at`, `updated_at`) VALUES (39, 39, 'mollitia', 56808, NULL, 19, '1999-06-30 19:33:39', '2008-04-12 15:39:52');
INSERT INTO `media` (`id`, `user_id`, `filename`, `size`, `metadata`, `media_type_id`, `created_at`, `updated_at`) VALUES (40, 40, 'maxime', 50, NULL, 20, '1992-02-11 17:43:12', '1989-08-29 01:58:43');
INSERT INTO `media` (`id`, `user_id`, `filename`, `size`, `metadata`, `media_type_id`, `created_at`, `updated_at`) VALUES (41, 41, 'in', 326, NULL, 1, '2006-09-07 02:34:02', '1997-01-15 12:06:25');
INSERT INTO `media` (`id`, `user_id`, `filename`, `size`, `metadata`, `media_type_id`, `created_at`, `updated_at`) VALUES (42, 42, 'vel', 0, NULL, 2, '2008-05-18 08:16:09', '1993-05-05 12:15:33');
INSERT INTO `media` (`id`, `user_id`, `filename`, `size`, `metadata`, `media_type_id`, `created_at`, `updated_at`) VALUES (43, 43, 'aut', 9544793, NULL, 3, '2001-02-23 04:35:56', '1983-06-11 05:34:37');
INSERT INTO `media` (`id`, `user_id`, `filename`, `size`, `metadata`, `media_type_id`, `created_at`, `updated_at`) VALUES (44, 44, 'repudiandae', 9055, NULL, 4, '2020-02-22 14:02:40', '2016-09-20 04:11:02');
INSERT INTO `media` (`id`, `user_id`, `filename`, `size`, `metadata`, `media_type_id`, `created_at`, `updated_at`) VALUES (45, 45, 'magni', 2011296, NULL, 5, '2008-09-02 02:24:13', '2005-01-10 00:17:21');
INSERT INTO `media` (`id`, `user_id`, `filename`, `size`, `metadata`, `media_type_id`, `created_at`, `updated_at`) VALUES (46, 46, 'corrupti', 4, NULL, 6, '2007-11-05 20:34:59', '1978-10-03 15:21:24');
INSERT INTO `media` (`id`, `user_id`, `filename`, `size`, `metadata`, `media_type_id`, `created_at`, `updated_at`) VALUES (47, 47, 'architecto', 24507997, NULL, 7, '2008-11-27 06:11:20', '1972-05-15 20:00:17');
INSERT INTO `media` (`id`, `user_id`, `filename`, `size`, `metadata`, `media_type_id`, `created_at`, `updated_at`) VALUES (48, 48, 'et', 798, NULL, 8, '1981-07-18 13:27:22', '1987-09-30 21:11:04');
INSERT INTO `media` (`id`, `user_id`, `filename`, `size`, `metadata`, `media_type_id`, `created_at`, `updated_at`) VALUES (49, 49, 'perferendis', 777209925, NULL, 9, '1993-06-24 16:40:02', '1972-09-10 03:54:54');
INSERT INTO `media` (`id`, `user_id`, `filename`, `size`, `metadata`, `media_type_id`, `created_at`, `updated_at`) VALUES (50, 50, 'qui', 24, NULL, 10, '2002-06-02 20:42:23', '1972-12-19 15:45:59');
INSERT INTO `media` (`id`, `user_id`, `filename`, `size`, `metadata`, `media_type_id`, `created_at`, `updated_at`) VALUES (51, 51, 'repellat', 75, NULL, 11, '1973-10-05 22:40:11', '1973-06-08 21:27:13');
INSERT INTO `media` (`id`, `user_id`, `filename`, `size`, `metadata`, `media_type_id`, `created_at`, `updated_at`) VALUES (52, 52, 'aut', 355, NULL, 12, '1994-05-18 11:10:52', '1982-06-22 03:12:06');
INSERT INTO `media` (`id`, `user_id`, `filename`, `size`, `metadata`, `media_type_id`, `created_at`, `updated_at`) VALUES (53, 53, 'dolorum', 52053, NULL, 13, '2011-12-31 12:56:53', '1982-02-02 16:24:39');
INSERT INTO `media` (`id`, `user_id`, `filename`, `size`, `metadata`, `media_type_id`, `created_at`, `updated_at`) VALUES (54, 54, 'explicabo', 415, NULL, 14, '1972-08-13 04:41:49', '2002-02-22 18:50:26');
INSERT INTO `media` (`id`, `user_id`, `filename`, `size`, `metadata`, `media_type_id`, `created_at`, `updated_at`) VALUES (55, 55, 'et', 499908, NULL, 15, '1975-12-19 08:17:57', '1994-03-16 08:15:28');
INSERT INTO `media` (`id`, `user_id`, `filename`, `size`, `metadata`, `media_type_id`, `created_at`, `updated_at`) VALUES (56, 56, 'quo', 161159, NULL, 16, '1970-12-30 12:55:14', '2020-12-09 00:17:34');
INSERT INTO `media` (`id`, `user_id`, `filename`, `size`, `metadata`, `media_type_id`, `created_at`, `updated_at`) VALUES (57, 57, 'in', 2, NULL, 17, '1980-05-11 23:38:43', '2009-01-06 22:30:06');
INSERT INTO `media` (`id`, `user_id`, `filename`, `size`, `metadata`, `media_type_id`, `created_at`, `updated_at`) VALUES (58, 58, 'cumque', 9973, NULL, 18, '2001-09-06 17:29:15', '1983-03-10 08:29:48');
INSERT INTO `media` (`id`, `user_id`, `filename`, `size`, `metadata`, `media_type_id`, `created_at`, `updated_at`) VALUES (59, 59, 'et', 0, NULL, 19, '1978-08-07 16:42:20', '1989-12-04 23:42:18');
INSERT INTO `media` (`id`, `user_id`, `filename`, `size`, `metadata`, `media_type_id`, `created_at`, `updated_at`) VALUES (60, 60, 'sit', 802, NULL, 20, '2019-08-09 01:48:29', '2005-10-02 07:31:06');
INSERT INTO `media` (`id`, `user_id`, `filename`, `size`, `metadata`, `media_type_id`, `created_at`, `updated_at`) VALUES (61, 61, 'quia', 24137849, NULL, 1, '2010-11-04 13:00:27', '1978-05-10 11:25:18');
INSERT INTO `media` (`id`, `user_id`, `filename`, `size`, `metadata`, `media_type_id`, `created_at`, `updated_at`) VALUES (62, 62, 'quia', 0, NULL, 2, '1976-08-19 09:26:51', '1980-12-01 02:28:10');
INSERT INTO `media` (`id`, `user_id`, `filename`, `size`, `metadata`, `media_type_id`, `created_at`, `updated_at`) VALUES (63, 63, 'rerum', 36, NULL, 3, '1983-11-01 18:21:20', '1993-01-29 08:28:53');
INSERT INTO `media` (`id`, `user_id`, `filename`, `size`, `metadata`, `media_type_id`, `created_at`, `updated_at`) VALUES (64, 64, 'maiores', 7, NULL, 4, '1992-12-11 10:11:43', '2012-06-04 07:26:41');
INSERT INTO `media` (`id`, `user_id`, `filename`, `size`, `metadata`, `media_type_id`, `created_at`, `updated_at`) VALUES (65, 65, 'eveniet', 4782, NULL, 5, '2013-06-13 22:34:15', '2005-01-24 23:48:39');
INSERT INTO `media` (`id`, `user_id`, `filename`, `size`, `metadata`, `media_type_id`, `created_at`, `updated_at`) VALUES (66, 66, 'libero', 0, NULL, 6, '2004-12-05 08:21:43', '1996-09-30 03:06:32');
INSERT INTO `media` (`id`, `user_id`, `filename`, `size`, `metadata`, `media_type_id`, `created_at`, `updated_at`) VALUES (67, 67, 'quasi', 578652794, NULL, 7, '1990-07-31 19:04:01', '2010-04-11 12:48:51');
INSERT INTO `media` (`id`, `user_id`, `filename`, `size`, `metadata`, `media_type_id`, `created_at`, `updated_at`) VALUES (68, 68, 'aut', 764366, NULL, 8, '1974-11-16 09:25:15', '2002-06-09 13:46:48');
INSERT INTO `media` (`id`, `user_id`, `filename`, `size`, `metadata`, `media_type_id`, `created_at`, `updated_at`) VALUES (69, 69, 'consectetur', 9, NULL, 9, '2004-10-16 21:22:52', '2020-04-06 12:06:09');
INSERT INTO `media` (`id`, `user_id`, `filename`, `size`, `metadata`, `media_type_id`, `created_at`, `updated_at`) VALUES (70, 70, 'similique', 51, NULL, 10, '2009-03-08 19:44:52', '1990-01-31 09:41:36');
INSERT INTO `media` (`id`, `user_id`, `filename`, `size`, `metadata`, `media_type_id`, `created_at`, `updated_at`) VALUES (71, 71, 'ut', 500, NULL, 11, '1986-04-05 11:27:14', '1997-02-14 20:52:37');
INSERT INTO `media` (`id`, `user_id`, `filename`, `size`, `metadata`, `media_type_id`, `created_at`, `updated_at`) VALUES (72, 72, 'qui', 5328, NULL, 12, '2018-10-26 06:17:03', '2011-06-06 01:37:35');
INSERT INTO `media` (`id`, `user_id`, `filename`, `size`, `metadata`, `media_type_id`, `created_at`, `updated_at`) VALUES (73, 73, 'omnis', 44480, NULL, 13, '2006-12-07 12:20:10', '1982-10-08 03:19:00');
INSERT INTO `media` (`id`, `user_id`, `filename`, `size`, `metadata`, `media_type_id`, `created_at`, `updated_at`) VALUES (74, 74, 'iusto', 73608, NULL, 14, '1985-09-09 00:25:06', '1972-10-27 01:49:15');
INSERT INTO `media` (`id`, `user_id`, `filename`, `size`, `metadata`, `media_type_id`, `created_at`, `updated_at`) VALUES (75, 75, 'sunt', 1163074, NULL, 15, '2016-12-13 20:31:17', '1973-01-18 05:26:23');
INSERT INTO `media` (`id`, `user_id`, `filename`, `size`, `metadata`, `media_type_id`, `created_at`, `updated_at`) VALUES (76, 76, 'quas', 0, NULL, 16, '2001-01-30 14:57:45', '1994-10-21 10:14:59');
INSERT INTO `media` (`id`, `user_id`, `filename`, `size`, `metadata`, `media_type_id`, `created_at`, `updated_at`) VALUES (77, 77, 'qui', 6684975, NULL, 17, '1970-05-13 07:22:42', '2003-05-31 16:22:54');
INSERT INTO `media` (`id`, `user_id`, `filename`, `size`, `metadata`, `media_type_id`, `created_at`, `updated_at`) VALUES (78, 78, 'rem', 68048978, NULL, 18, '2004-01-13 21:06:48', '1973-11-15 11:30:50');
INSERT INTO `media` (`id`, `user_id`, `filename`, `size`, `metadata`, `media_type_id`, `created_at`, `updated_at`) VALUES (79, 79, 'non', 11, NULL, 19, '1995-11-12 04:16:40', '2011-04-05 15:34:34');
INSERT INTO `media` (`id`, `user_id`, `filename`, `size`, `metadata`, `media_type_id`, `created_at`, `updated_at`) VALUES (80, 80, 'amet', 151369, NULL, 20, '1999-02-14 23:46:03', '1987-08-02 14:16:02');
INSERT INTO `media` (`id`, `user_id`, `filename`, `size`, `metadata`, `media_type_id`, `created_at`, `updated_at`) VALUES (81, 81, 'qui', 2610815, NULL, 1, '2003-06-16 15:16:00', '1980-02-05 01:50:35');
INSERT INTO `media` (`id`, `user_id`, `filename`, `size`, `metadata`, `media_type_id`, `created_at`, `updated_at`) VALUES (82, 82, 'dolorem', 309, NULL, 2, '2009-10-31 06:45:51', '1972-01-11 08:36:45');
INSERT INTO `media` (`id`, `user_id`, `filename`, `size`, `metadata`, `media_type_id`, `created_at`, `updated_at`) VALUES (83, 83, 'quia', 11204, NULL, 3, '2013-09-19 10:18:03', '2006-08-03 06:54:24');
INSERT INTO `media` (`id`, `user_id`, `filename`, `size`, `metadata`, `media_type_id`, `created_at`, `updated_at`) VALUES (84, 84, 'qui', 8421859, NULL, 4, '2007-09-01 10:55:48', '1994-06-15 14:03:24');
INSERT INTO `media` (`id`, `user_id`, `filename`, `size`, `metadata`, `media_type_id`, `created_at`, `updated_at`) VALUES (85, 85, 'ipsum', 128085, NULL, 5, '1980-03-08 10:22:10', '2000-10-13 00:56:00');
INSERT INTO `media` (`id`, `user_id`, `filename`, `size`, `metadata`, `media_type_id`, `created_at`, `updated_at`) VALUES (86, 86, 'sit', 4922509, NULL, 6, '2017-02-09 22:37:18', '2005-05-11 17:32:51');
INSERT INTO `media` (`id`, `user_id`, `filename`, `size`, `metadata`, `media_type_id`, `created_at`, `updated_at`) VALUES (87, 87, 'et', 964, NULL, 7, '1989-10-24 06:00:07', '1980-02-21 22:34:33');
INSERT INTO `media` (`id`, `user_id`, `filename`, `size`, `metadata`, `media_type_id`, `created_at`, `updated_at`) VALUES (88, 88, 'autem', 19160617, NULL, 8, '2021-05-08 05:54:45', '2001-06-02 11:38:51');
INSERT INTO `media` (`id`, `user_id`, `filename`, `size`, `metadata`, `media_type_id`, `created_at`, `updated_at`) VALUES (89, 89, 'consectetur', 65781, NULL, 9, '2007-01-06 19:42:28', '1995-09-26 12:36:03');
INSERT INTO `media` (`id`, `user_id`, `filename`, `size`, `metadata`, `media_type_id`, `created_at`, `updated_at`) VALUES (90, 90, 'dolor', 5, NULL, 10, '1975-12-19 08:51:06', '1992-07-03 15:41:55');
INSERT INTO `media` (`id`, `user_id`, `filename`, `size`, `metadata`, `media_type_id`, `created_at`, `updated_at`) VALUES (91, 91, 'sequi', 34, NULL, 11, '1993-03-29 22:10:27', '1971-01-08 09:38:46');
INSERT INTO `media` (`id`, `user_id`, `filename`, `size`, `metadata`, `media_type_id`, `created_at`, `updated_at`) VALUES (92, 92, 'debitis', 606824, NULL, 12, '1988-03-15 11:38:34', '1994-04-09 07:13:27');
INSERT INTO `media` (`id`, `user_id`, `filename`, `size`, `metadata`, `media_type_id`, `created_at`, `updated_at`) VALUES (93, 93, 'harum', 42, NULL, 13, '1986-06-18 08:15:40', '2006-05-27 18:12:25');
INSERT INTO `media` (`id`, `user_id`, `filename`, `size`, `metadata`, `media_type_id`, `created_at`, `updated_at`) VALUES (94, 94, 'sed', 8198483, NULL, 14, '1984-05-14 13:57:02', '1994-07-04 01:46:25');
INSERT INTO `media` (`id`, `user_id`, `filename`, `size`, `metadata`, `media_type_id`, `created_at`, `updated_at`) VALUES (95, 95, 'vero', 857, NULL, 15, '1991-09-23 18:04:00', '1983-06-08 13:49:14');
INSERT INTO `media` (`id`, `user_id`, `filename`, `size`, `metadata`, `media_type_id`, `created_at`, `updated_at`) VALUES (96, 96, 'voluptatem', 4, NULL, 16, '1979-06-08 13:37:13', '2001-01-09 16:50:26');
INSERT INTO `media` (`id`, `user_id`, `filename`, `size`, `metadata`, `media_type_id`, `created_at`, `updated_at`) VALUES (97, 97, 'iste', 2, NULL, 17, '1982-09-18 22:35:29', '2004-08-04 18:48:26');
INSERT INTO `media` (`id`, `user_id`, `filename`, `size`, `metadata`, `media_type_id`, `created_at`, `updated_at`) VALUES (98, 98, 'sit', 299785, NULL, 18, '2000-02-10 01:28:06', '2011-03-16 22:32:43');
INSERT INTO `media` (`id`, `user_id`, `filename`, `size`, `metadata`, `media_type_id`, `created_at`, `updated_at`) VALUES (99, 99, 'qui', 604, NULL, 19, '2001-12-28 03:33:05', '1988-05-18 01:07:50');
INSERT INTO `media` (`id`, `user_id`, `filename`, `size`, `metadata`, `media_type_id`, `created_at`, `updated_at`) VALUES (100, 100, 'debitis', 9, NULL, 20, '2008-05-21 05:45:16', '1976-12-04 02:20:17');
INSERT INTO `media` (`id`, `user_id`, `filename`, `size`, `metadata`, `media_type_id`, `created_at`, `updated_at`) VALUES (101, 1, 'itaque', 5, NULL, 1, '2010-08-26 19:58:12', '1996-04-21 15:04:32');
INSERT INTO `media` (`id`, `user_id`, `filename`, `size`, `metadata`, `media_type_id`, `created_at`, `updated_at`) VALUES (102, 2, 'aliquid', 197955, NULL, 2, '2001-03-17 01:53:56', '1981-01-26 19:13:33');
INSERT INTO `media` (`id`, `user_id`, `filename`, `size`, `metadata`, `media_type_id`, `created_at`, `updated_at`) VALUES (103, 3, 'quisquam', 268, NULL, 3, '1985-04-29 09:48:54', '1995-04-25 11:29:48');
INSERT INTO `media` (`id`, `user_id`, `filename`, `size`, `metadata`, `media_type_id`, `created_at`, `updated_at`) VALUES (104, 4, 'laboriosam', 882, NULL, 4, '1973-03-15 17:05:12', '1991-11-26 16:27:57');
INSERT INTO `media` (`id`, `user_id`, `filename`, `size`, `metadata`, `media_type_id`, `created_at`, `updated_at`) VALUES (105, 5, 'magni', 36110, NULL, 5, '2009-05-05 02:28:29', '1998-05-22 02:42:56');
INSERT INTO `media` (`id`, `user_id`, `filename`, `size`, `metadata`, `media_type_id`, `created_at`, `updated_at`) VALUES (106, 6, 'sit', 4, NULL, 6, '1992-11-11 13:46:27', '2007-03-12 14:29:58');
INSERT INTO `media` (`id`, `user_id`, `filename`, `size`, `metadata`, `media_type_id`, `created_at`, `updated_at`) VALUES (107, 7, 'qui', 3, NULL, 7, '2012-06-26 23:16:38', '2006-01-11 16:08:51');
INSERT INTO `media` (`id`, `user_id`, `filename`, `size`, `metadata`, `media_type_id`, `created_at`, `updated_at`) VALUES (108, 8, 'impedit', 5830, NULL, 8, '2001-12-03 00:39:19', '1984-03-02 00:50:02');
INSERT INTO `media` (`id`, `user_id`, `filename`, `size`, `metadata`, `media_type_id`, `created_at`, `updated_at`) VALUES (109, 9, 'illo', 45, NULL, 9, '1998-05-25 16:08:42', '1977-06-02 12:10:02');
INSERT INTO `media` (`id`, `user_id`, `filename`, `size`, `metadata`, `media_type_id`, `created_at`, `updated_at`) VALUES (110, 10, 'voluptas', 78, NULL, 10, '2010-01-18 00:55:09', '1998-01-31 20:55:57');
INSERT INTO `media` (`id`, `user_id`, `filename`, `size`, `metadata`, `media_type_id`, `created_at`, `updated_at`) VALUES (111, 11, 'distinctio', 276, NULL, 11, '1987-11-19 23:43:30', '2001-06-10 13:29:18');
INSERT INTO `media` (`id`, `user_id`, `filename`, `size`, `metadata`, `media_type_id`, `created_at`, `updated_at`) VALUES (112, 12, 'ducimus', 753069683, NULL, 12, '1981-03-20 10:50:18', '2008-06-13 08:19:41');
INSERT INTO `media` (`id`, `user_id`, `filename`, `size`, `metadata`, `media_type_id`, `created_at`, `updated_at`) VALUES (113, 13, 'corporis', 420776, NULL, 13, '2002-06-27 15:24:00', '1984-07-21 18:33:08');
INSERT INTO `media` (`id`, `user_id`, `filename`, `size`, `metadata`, `media_type_id`, `created_at`, `updated_at`) VALUES (114, 14, 'delectus', 102139381, NULL, 14, '2003-06-25 14:29:12', '2012-04-21 00:44:38');
INSERT INTO `media` (`id`, `user_id`, `filename`, `size`, `metadata`, `media_type_id`, `created_at`, `updated_at`) VALUES (115, 15, 'corrupti', 522346, NULL, 15, '2020-12-26 19:17:55', '1985-10-26 00:18:17');
INSERT INTO `media` (`id`, `user_id`, `filename`, `size`, `metadata`, `media_type_id`, `created_at`, `updated_at`) VALUES (116, 16, 'qui', 380010010, NULL, 16, '1992-04-29 17:50:43', '2013-12-09 00:47:08');
INSERT INTO `media` (`id`, `user_id`, `filename`, `size`, `metadata`, `media_type_id`, `created_at`, `updated_at`) VALUES (117, 17, 'commodi', 2128689, NULL, 17, '1990-11-12 08:55:51', '1997-01-29 22:56:02');
INSERT INTO `media` (`id`, `user_id`, `filename`, `size`, `metadata`, `media_type_id`, `created_at`, `updated_at`) VALUES (118, 18, 'quia', 0, NULL, 18, '1997-01-03 05:29:30', '2016-01-12 10:03:57');
INSERT INTO `media` (`id`, `user_id`, `filename`, `size`, `metadata`, `media_type_id`, `created_at`, `updated_at`) VALUES (119, 19, 'excepturi', 533973361, NULL, 19, '1974-12-20 17:03:34', '1981-06-25 11:41:50');
INSERT INTO `media` (`id`, `user_id`, `filename`, `size`, `metadata`, `media_type_id`, `created_at`, `updated_at`) VALUES (120, 20, 'enim', 248, NULL, 20, '2006-09-03 13:54:37', '1995-02-11 10:21:57');
INSERT INTO `media` (`id`, `user_id`, `filename`, `size`, `metadata`, `media_type_id`, `created_at`, `updated_at`) VALUES (121, 21, 'cumque', 57317, NULL, 1, '2016-10-06 22:25:37', '2018-02-09 03:27:20');
INSERT INTO `media` (`id`, `user_id`, `filename`, `size`, `metadata`, `media_type_id`, `created_at`, `updated_at`) VALUES (122, 22, 'iure', 31, NULL, 2, '2010-06-13 12:36:36', '2014-08-27 08:49:19');
INSERT INTO `media` (`id`, `user_id`, `filename`, `size`, `metadata`, `media_type_id`, `created_at`, `updated_at`) VALUES (123, 23, 'ipsam', 81839, NULL, 3, '1989-10-15 04:56:02', '1997-02-10 18:49:22');
INSERT INTO `media` (`id`, `user_id`, `filename`, `size`, `metadata`, `media_type_id`, `created_at`, `updated_at`) VALUES (124, 24, 'corrupti', 430, NULL, 4, '1978-03-21 01:51:37', '2019-10-21 14:35:39');
INSERT INTO `media` (`id`, `user_id`, `filename`, `size`, `metadata`, `media_type_id`, `created_at`, `updated_at`) VALUES (125, 25, 'quia', 8521295, NULL, 5, '2005-01-15 11:33:55', '1991-03-09 05:27:20');
INSERT INTO `media` (`id`, `user_id`, `filename`, `size`, `metadata`, `media_type_id`, `created_at`, `updated_at`) VALUES (126, 26, 'minima', 5789, NULL, 6, '1972-11-03 06:36:02', '2004-11-11 14:47:08');
INSERT INTO `media` (`id`, `user_id`, `filename`, `size`, `metadata`, `media_type_id`, `created_at`, `updated_at`) VALUES (127, 27, 'ad', 0, NULL, 7, '1970-03-24 18:11:51', '1986-07-19 15:10:49');
INSERT INTO `media` (`id`, `user_id`, `filename`, `size`, `metadata`, `media_type_id`, `created_at`, `updated_at`) VALUES (128, 28, 'praesentium', 18, NULL, 8, '2004-10-24 10:33:48', '1995-10-05 12:47:54');
INSERT INTO `media` (`id`, `user_id`, `filename`, `size`, `metadata`, `media_type_id`, `created_at`, `updated_at`) VALUES (129, 29, 'ut', 1, NULL, 9, '2019-12-30 00:03:12', '2012-09-21 17:16:58');
INSERT INTO `media` (`id`, `user_id`, `filename`, `size`, `metadata`, `media_type_id`, `created_at`, `updated_at`) VALUES (130, 30, 'sint', 8949029, NULL, 10, '1979-01-25 15:33:54', '1979-01-12 12:15:12');
INSERT INTO `media` (`id`, `user_id`, `filename`, `size`, `metadata`, `media_type_id`, `created_at`, `updated_at`) VALUES (131, 31, 'natus', 75, NULL, 11, '2005-02-28 05:43:29', '1992-08-25 06:08:07');
INSERT INTO `media` (`id`, `user_id`, `filename`, `size`, `metadata`, `media_type_id`, `created_at`, `updated_at`) VALUES (132, 32, 'totam', 5472629, NULL, 12, '1999-11-24 15:09:00', '1988-12-17 21:10:46');
INSERT INTO `media` (`id`, `user_id`, `filename`, `size`, `metadata`, `media_type_id`, `created_at`, `updated_at`) VALUES (133, 33, 'et', 14092, NULL, 13, '2010-03-25 01:27:53', '1984-07-06 12:05:48');
INSERT INTO `media` (`id`, `user_id`, `filename`, `size`, `metadata`, `media_type_id`, `created_at`, `updated_at`) VALUES (134, 34, 'ut', 190094841, NULL, 14, '2005-10-26 01:58:17', '2004-09-23 23:22:10');
INSERT INTO `media` (`id`, `user_id`, `filename`, `size`, `metadata`, `media_type_id`, `created_at`, `updated_at`) VALUES (135, 35, 'ipsa', 987873, NULL, 15, '1976-01-09 07:48:44', '1985-05-16 13:41:42');
INSERT INTO `media` (`id`, `user_id`, `filename`, `size`, `metadata`, `media_type_id`, `created_at`, `updated_at`) VALUES (136, 36, 'architecto', 80796278, NULL, 16, '2020-03-07 22:09:09', '1971-03-11 03:21:16');
INSERT INTO `media` (`id`, `user_id`, `filename`, `size`, `metadata`, `media_type_id`, `created_at`, `updated_at`) VALUES (137, 37, 'iste', 635030705, NULL, 17, '2013-04-29 11:45:23', '2014-04-30 11:17:03');
INSERT INTO `media` (`id`, `user_id`, `filename`, `size`, `metadata`, `media_type_id`, `created_at`, `updated_at`) VALUES (138, 38, 'perspiciatis', 0, NULL, 18, '2017-07-10 23:45:26', '1976-06-11 10:51:58');
INSERT INTO `media` (`id`, `user_id`, `filename`, `size`, `metadata`, `media_type_id`, `created_at`, `updated_at`) VALUES (139, 39, 'ut', 645738, NULL, 19, '1975-10-29 19:25:01', '1980-12-29 05:39:06');
INSERT INTO `media` (`id`, `user_id`, `filename`, `size`, `metadata`, `media_type_id`, `created_at`, `updated_at`) VALUES (140, 40, 'et', 50640002, NULL, 20, '2012-09-05 16:40:59', '2002-10-25 22:10:42');
INSERT INTO `media` (`id`, `user_id`, `filename`, `size`, `metadata`, `media_type_id`, `created_at`, `updated_at`) VALUES (141, 41, 'mollitia', 6065980, NULL, 1, '2020-04-04 16:18:19', '1997-08-01 01:51:16');
INSERT INTO `media` (`id`, `user_id`, `filename`, `size`, `metadata`, `media_type_id`, `created_at`, `updated_at`) VALUES (142, 42, 'occaecati', 5731, NULL, 2, '1983-05-24 14:46:35', '1981-05-10 07:11:55');
INSERT INTO `media` (`id`, `user_id`, `filename`, `size`, `metadata`, `media_type_id`, `created_at`, `updated_at`) VALUES (143, 43, 'sunt', 0, NULL, 3, '1983-04-28 12:30:45', '2019-03-16 18:04:22');
INSERT INTO `media` (`id`, `user_id`, `filename`, `size`, `metadata`, `media_type_id`, `created_at`, `updated_at`) VALUES (144, 44, 'libero', 0, NULL, 4, '1974-08-29 07:46:38', '2010-07-14 07:29:58');
INSERT INTO `media` (`id`, `user_id`, `filename`, `size`, `metadata`, `media_type_id`, `created_at`, `updated_at`) VALUES (145, 45, 'dolorum', 0, NULL, 5, '2004-07-30 16:54:21', '2019-07-22 02:42:17');
INSERT INTO `media` (`id`, `user_id`, `filename`, `size`, `metadata`, `media_type_id`, `created_at`, `updated_at`) VALUES (146, 46, 'id', 58, NULL, 6, '1978-03-16 06:06:47', '1986-10-04 07:15:31');
INSERT INTO `media` (`id`, `user_id`, `filename`, `size`, `metadata`, `media_type_id`, `created_at`, `updated_at`) VALUES (147, 47, 'quo', 69945397, NULL, 7, '2015-09-14 15:06:48', '1970-10-23 16:33:08');
INSERT INTO `media` (`id`, `user_id`, `filename`, `size`, `metadata`, `media_type_id`, `created_at`, `updated_at`) VALUES (148, 48, 'veniam', 3994818, NULL, 8, '1998-03-31 16:38:34', '1993-03-11 04:43:27');
INSERT INTO `media` (`id`, `user_id`, `filename`, `size`, `metadata`, `media_type_id`, `created_at`, `updated_at`) VALUES (149, 49, 'quo', 4, NULL, 9, '2011-03-16 00:18:40', '1988-12-24 01:52:15');
INSERT INTO `media` (`id`, `user_id`, `filename`, `size`, `metadata`, `media_type_id`, `created_at`, `updated_at`) VALUES (150, 50, 'dignissimos', 58, NULL, 10, '2001-11-10 00:30:38', '1987-07-02 16:06:55');
INSERT INTO `media` (`id`, `user_id`, `filename`, `size`, `metadata`, `media_type_id`, `created_at`, `updated_at`) VALUES (151, 51, 'dolor', 0, NULL, 11, '2009-03-12 04:32:47', '1977-06-13 16:51:43');
INSERT INTO `media` (`id`, `user_id`, `filename`, `size`, `metadata`, `media_type_id`, `created_at`, `updated_at`) VALUES (152, 52, 'quae', 274, NULL, 12, '1972-01-26 08:24:36', '1976-08-03 10:21:03');
INSERT INTO `media` (`id`, `user_id`, `filename`, `size`, `metadata`, `media_type_id`, `created_at`, `updated_at`) VALUES (153, 53, 'et', 0, NULL, 13, '1983-12-17 15:20:16', '2003-02-01 01:55:33');
INSERT INTO `media` (`id`, `user_id`, `filename`, `size`, `metadata`, `media_type_id`, `created_at`, `updated_at`) VALUES (154, 54, 'ipsam', 9896837, NULL, 14, '1976-05-14 12:54:38', '1981-03-30 05:28:40');
INSERT INTO `media` (`id`, `user_id`, `filename`, `size`, `metadata`, `media_type_id`, `created_at`, `updated_at`) VALUES (155, 55, 'minima', 64902021, NULL, 15, '2004-09-28 12:30:17', '1984-06-26 13:48:09');
INSERT INTO `media` (`id`, `user_id`, `filename`, `size`, `metadata`, `media_type_id`, `created_at`, `updated_at`) VALUES (156, 56, 'modi', 95, NULL, 16, '1986-01-21 12:31:14', '2011-10-29 13:43:43');
INSERT INTO `media` (`id`, `user_id`, `filename`, `size`, `metadata`, `media_type_id`, `created_at`, `updated_at`) VALUES (157, 57, 'et', 71, NULL, 17, '1978-05-03 03:49:23', '1979-11-22 16:14:12');
INSERT INTO `media` (`id`, `user_id`, `filename`, `size`, `metadata`, `media_type_id`, `created_at`, `updated_at`) VALUES (158, 58, 'quod', 4351468, NULL, 18, '2002-03-09 21:48:55', '1980-09-04 04:38:21');
INSERT INTO `media` (`id`, `user_id`, `filename`, `size`, `metadata`, `media_type_id`, `created_at`, `updated_at`) VALUES (159, 59, 'eligendi', 0, NULL, 19, '1995-09-24 16:33:09', '1975-11-05 15:33:21');
INSERT INTO `media` (`id`, `user_id`, `filename`, `size`, `metadata`, `media_type_id`, `created_at`, `updated_at`) VALUES (160, 60, 'suscipit', 834, NULL, 20, '1972-07-06 12:22:50', '2009-04-08 21:16:44');
INSERT INTO `media` (`id`, `user_id`, `filename`, `size`, `metadata`, `media_type_id`, `created_at`, `updated_at`) VALUES (161, 61, 'quasi', 0, NULL, 1, '2003-05-23 07:50:27', '1986-04-21 14:51:40');
INSERT INTO `media` (`id`, `user_id`, `filename`, `size`, `metadata`, `media_type_id`, `created_at`, `updated_at`) VALUES (162, 62, 'vel', 0, NULL, 2, '2014-07-29 11:31:22', '1989-05-23 13:50:57');
INSERT INTO `media` (`id`, `user_id`, `filename`, `size`, `metadata`, `media_type_id`, `created_at`, `updated_at`) VALUES (163, 63, 'ea', 5, NULL, 3, '1970-07-17 22:42:53', '1992-09-24 16:24:44');
INSERT INTO `media` (`id`, `user_id`, `filename`, `size`, `metadata`, `media_type_id`, `created_at`, `updated_at`) VALUES (164, 64, 'nam', 1786965, NULL, 4, '1973-12-21 10:39:13', '1985-01-29 03:50:47');
INSERT INTO `media` (`id`, `user_id`, `filename`, `size`, `metadata`, `media_type_id`, `created_at`, `updated_at`) VALUES (165, 65, 'ut', 98969749, NULL, 5, '1982-07-01 01:46:00', '1993-02-21 07:45:57');
INSERT INTO `media` (`id`, `user_id`, `filename`, `size`, `metadata`, `media_type_id`, `created_at`, `updated_at`) VALUES (166, 66, 'dolores', 0, NULL, 6, '2016-10-16 16:27:43', '2009-05-12 12:06:36');
INSERT INTO `media` (`id`, `user_id`, `filename`, `size`, `metadata`, `media_type_id`, `created_at`, `updated_at`) VALUES (167, 67, 'facilis', 3, NULL, 7, '1999-12-14 10:34:13', '1991-04-13 01:19:21');
INSERT INTO `media` (`id`, `user_id`, `filename`, `size`, `metadata`, `media_type_id`, `created_at`, `updated_at`) VALUES (168, 68, 'quidem', 31278533, NULL, 8, '2017-08-09 22:52:04', '1982-01-25 23:23:35');
INSERT INTO `media` (`id`, `user_id`, `filename`, `size`, `metadata`, `media_type_id`, `created_at`, `updated_at`) VALUES (169, 69, 'pariatur', 56, NULL, 9, '2018-01-11 09:16:55', '1984-04-26 13:20:28');
INSERT INTO `media` (`id`, `user_id`, `filename`, `size`, `metadata`, `media_type_id`, `created_at`, `updated_at`) VALUES (170, 70, 'et', 0, NULL, 10, '2014-01-25 19:37:45', '1999-03-30 17:54:52');
INSERT INTO `media` (`id`, `user_id`, `filename`, `size`, `metadata`, `media_type_id`, `created_at`, `updated_at`) VALUES (171, 71, 'quidem', 9448494, NULL, 11, '2010-04-21 17:11:44', '1995-05-18 02:25:47');
INSERT INTO `media` (`id`, `user_id`, `filename`, `size`, `metadata`, `media_type_id`, `created_at`, `updated_at`) VALUES (172, 72, 'molestiae', 997941, NULL, 12, '2009-03-31 19:05:26', '1985-12-22 19:55:25');
INSERT INTO `media` (`id`, `user_id`, `filename`, `size`, `metadata`, `media_type_id`, `created_at`, `updated_at`) VALUES (173, 73, 'fugiat', 83442, NULL, 13, '1976-02-20 18:58:56', '2007-07-02 11:18:43');
INSERT INTO `media` (`id`, `user_id`, `filename`, `size`, `metadata`, `media_type_id`, `created_at`, `updated_at`) VALUES (174, 74, 'rerum', 32872681, NULL, 14, '1971-11-20 19:27:25', '2021-04-06 11:42:26');
INSERT INTO `media` (`id`, `user_id`, `filename`, `size`, `metadata`, `media_type_id`, `created_at`, `updated_at`) VALUES (175, 75, 'aut', 891528916, NULL, 15, '2011-05-31 12:05:19', '2007-05-14 18:47:56');
INSERT INTO `media` (`id`, `user_id`, `filename`, `size`, `metadata`, `media_type_id`, `created_at`, `updated_at`) VALUES (176, 76, 'voluptatem', 163478343, NULL, 16, '2021-02-02 03:52:04', '1987-01-02 21:23:03');
INSERT INTO `media` (`id`, `user_id`, `filename`, `size`, `metadata`, `media_type_id`, `created_at`, `updated_at`) VALUES (177, 77, 'earum', 128270636, NULL, 17, '1990-10-27 06:19:00', '1983-04-16 13:43:34');
INSERT INTO `media` (`id`, `user_id`, `filename`, `size`, `metadata`, `media_type_id`, `created_at`, `updated_at`) VALUES (178, 78, 'in', 80132, NULL, 18, '1977-01-28 15:58:35', '1988-03-14 06:36:22');
INSERT INTO `media` (`id`, `user_id`, `filename`, `size`, `metadata`, `media_type_id`, `created_at`, `updated_at`) VALUES (179, 79, 'voluptates', 0, NULL, 19, '1974-05-24 15:14:37', '1987-07-01 15:55:47');
INSERT INTO `media` (`id`, `user_id`, `filename`, `size`, `metadata`, `media_type_id`, `created_at`, `updated_at`) VALUES (180, 80, 'dolores', 96507, NULL, 20, '2014-02-02 15:42:20', '2014-06-03 03:14:25');
INSERT INTO `media` (`id`, `user_id`, `filename`, `size`, `metadata`, `media_type_id`, `created_at`, `updated_at`) VALUES (181, 81, 'dolor', 0, NULL, 1, '1988-02-15 19:57:39', '2014-12-22 12:49:30');
INSERT INTO `media` (`id`, `user_id`, `filename`, `size`, `metadata`, `media_type_id`, `created_at`, `updated_at`) VALUES (182, 82, 'odit', 54, NULL, 2, '1980-11-24 20:10:06', '1972-07-05 10:54:56');
INSERT INTO `media` (`id`, `user_id`, `filename`, `size`, `metadata`, `media_type_id`, `created_at`, `updated_at`) VALUES (183, 83, 'unde', 9132, NULL, 3, '2021-02-16 03:51:48', '1982-01-13 13:09:51');
INSERT INTO `media` (`id`, `user_id`, `filename`, `size`, `metadata`, `media_type_id`, `created_at`, `updated_at`) VALUES (184, 84, 'ab', 3415, NULL, 4, '1976-03-08 21:53:29', '1998-10-28 08:29:41');
INSERT INTO `media` (`id`, `user_id`, `filename`, `size`, `metadata`, `media_type_id`, `created_at`, `updated_at`) VALUES (185, 85, 'sapiente', 177576, NULL, 5, '2001-10-15 23:35:12', '2001-06-23 05:25:30');
INSERT INTO `media` (`id`, `user_id`, `filename`, `size`, `metadata`, `media_type_id`, `created_at`, `updated_at`) VALUES (186, 86, 'natus', 132, NULL, 6, '1994-01-13 06:02:15', '1996-04-17 10:48:32');
INSERT INTO `media` (`id`, `user_id`, `filename`, `size`, `metadata`, `media_type_id`, `created_at`, `updated_at`) VALUES (187, 87, 'velit', 7482, NULL, 7, '1986-05-18 03:55:05', '1995-11-19 12:34:09');
INSERT INTO `media` (`id`, `user_id`, `filename`, `size`, `metadata`, `media_type_id`, `created_at`, `updated_at`) VALUES (188, 88, 'sed', 6997736, NULL, 8, '2014-03-15 02:02:51', '1978-11-12 12:03:30');
INSERT INTO `media` (`id`, `user_id`, `filename`, `size`, `metadata`, `media_type_id`, `created_at`, `updated_at`) VALUES (189, 89, 'omnis', 21508, NULL, 9, '1982-02-09 07:23:03', '2013-05-26 09:34:09');
INSERT INTO `media` (`id`, `user_id`, `filename`, `size`, `metadata`, `media_type_id`, `created_at`, `updated_at`) VALUES (190, 90, 'quaerat', 7, NULL, 10, '1976-05-30 12:25:19', '1994-10-28 22:37:49');
INSERT INTO `media` (`id`, `user_id`, `filename`, `size`, `metadata`, `media_type_id`, `created_at`, `updated_at`) VALUES (191, 91, 'molestiae', 127389464, NULL, 11, '2018-10-24 08:04:58', '2000-03-31 01:49:18');
INSERT INTO `media` (`id`, `user_id`, `filename`, `size`, `metadata`, `media_type_id`, `created_at`, `updated_at`) VALUES (192, 92, 'dicta', 1, NULL, 12, '1970-06-13 19:39:39', '2012-05-11 14:20:37');
INSERT INTO `media` (`id`, `user_id`, `filename`, `size`, `metadata`, `media_type_id`, `created_at`, `updated_at`) VALUES (193, 93, 'unde', 72, NULL, 13, '1974-06-21 11:55:05', '1979-12-25 15:43:45');
INSERT INTO `media` (`id`, `user_id`, `filename`, `size`, `metadata`, `media_type_id`, `created_at`, `updated_at`) VALUES (194, 94, 'qui', 1, NULL, 14, '1987-03-09 04:01:13', '1985-05-25 20:27:51');
INSERT INTO `media` (`id`, `user_id`, `filename`, `size`, `metadata`, `media_type_id`, `created_at`, `updated_at`) VALUES (195, 95, 'dolor', 53417690, NULL, 15, '1990-08-18 00:43:23', '2013-01-03 21:35:39');
INSERT INTO `media` (`id`, `user_id`, `filename`, `size`, `metadata`, `media_type_id`, `created_at`, `updated_at`) VALUES (196, 96, 'nihil', 576, NULL, 16, '2017-07-07 10:54:25', '2008-10-04 23:32:59');
INSERT INTO `media` (`id`, `user_id`, `filename`, `size`, `metadata`, `media_type_id`, `created_at`, `updated_at`) VALUES (197, 97, 'id', 804, NULL, 17, '1979-11-22 05:39:24', '2001-11-16 00:58:48');
INSERT INTO `media` (`id`, `user_id`, `filename`, `size`, `metadata`, `media_type_id`, `created_at`, `updated_at`) VALUES (198, 98, 'unde', 92, NULL, 18, '2019-03-22 13:30:28', '2008-06-08 21:16:35');
INSERT INTO `media` (`id`, `user_id`, `filename`, `size`, `metadata`, `media_type_id`, `created_at`, `updated_at`) VALUES (199, 99, 'repellendus', 4779315, NULL, 19, '2003-06-20 00:41:04', '1996-09-28 12:08:58');
INSERT INTO `media` (`id`, `user_id`, `filename`, `size`, `metadata`, `media_type_id`, `created_at`, `updated_at`) VALUES (200, 100, 'nesciunt', 276637, NULL, 20, '2019-09-19 21:50:43', '1985-02-19 04:05:30');


#
# TABLE STRUCTURE FOR: media_types
#

DROP TABLE IF EXISTS `media_types`;

CREATE TABLE `media_types` (
  `id` int(10) unsigned NOT NULL AUTO_INCREMENT COMMENT 'Идентификатор строки',
  `name` varchar(255) COLLATE utf8mb4_unicode_ci NOT NULL COMMENT 'Название типа',
  `created_at` datetime DEFAULT current_timestamp() COMMENT 'Время создания строки',
  `updated_at` datetime DEFAULT current_timestamp() ON UPDATE current_timestamp() COMMENT 'Время обновления строки',
  PRIMARY KEY (`id`),
  UNIQUE KEY `name` (`name`)
) ENGINE=InnoDB AUTO_INCREMENT=21 DEFAULT CHARSET=utf8mb4 COLLATE=utf8mb4_unicode_ci COMMENT='Типы медиафайлов';

INSERT INTO `media_types` (`id`, `name`, `created_at`, `updated_at`) VALUES (1, 'ut', '1976-02-22 03:52:12', '1990-12-07 23:44:54');
INSERT INTO `media_types` (`id`, `name`, `created_at`, `updated_at`) VALUES (2, 'vero', '2013-12-15 17:14:54', '2016-03-30 08:45:45');
INSERT INTO `media_types` (`id`, `name`, `created_at`, `updated_at`) VALUES (3, 'aut', '1990-12-11 16:55:58', '1998-10-23 10:28:32');
INSERT INTO `media_types` (`id`, `name`, `created_at`, `updated_at`) VALUES (4, 'illo', '1986-08-08 14:55:33', '2014-04-04 06:05:39');
INSERT INTO `media_types` (`id`, `name`, `created_at`, `updated_at`) VALUES (5, 'dolorum', '2002-11-04 20:04:58', '1988-03-08 11:57:23');
INSERT INTO `media_types` (`id`, `name`, `created_at`, `updated_at`) VALUES (6, 'facere', '2010-04-16 17:35:02', '2001-04-03 11:27:28');
INSERT INTO `media_types` (`id`, `name`, `created_at`, `updated_at`) VALUES (7, 'adipisci', '2017-05-05 09:46:09', '2005-08-10 10:24:38');
INSERT INTO `media_types` (`id`, `name`, `created_at`, `updated_at`) VALUES (8, 'et', '2007-12-31 05:51:02', '1977-10-14 11:47:45');
INSERT INTO `media_types` (`id`, `name`, `created_at`, `updated_at`) VALUES (9, 'voluptatem', '1970-10-16 20:46:19', '2002-06-27 01:04:22');
INSERT INTO `media_types` (`id`, `name`, `created_at`, `updated_at`) VALUES (10, 'molestiae', '2007-04-28 23:25:32', '1982-11-13 03:41:52');
INSERT INTO `media_types` (`id`, `name`, `created_at`, `updated_at`) VALUES (11, 'expedita', '2021-03-16 16:57:22', '1972-12-09 13:21:46');
INSERT INTO `media_types` (`id`, `name`, `created_at`, `updated_at`) VALUES (12, 'at', '1985-05-20 04:30:52', '2009-09-14 06:59:37');
INSERT INTO `media_types` (`id`, `name`, `created_at`, `updated_at`) VALUES (13, 'rerum', '1970-10-13 19:01:09', '2004-08-16 17:11:21');
INSERT INTO `media_types` (`id`, `name`, `created_at`, `updated_at`) VALUES (14, 'numquam', '1998-02-22 06:39:30', '2000-10-31 00:55:53');
INSERT INTO `media_types` (`id`, `name`, `created_at`, `updated_at`) VALUES (15, 'officia', '2002-10-04 11:39:42', '2003-07-30 11:59:02');
INSERT INTO `media_types` (`id`, `name`, `created_at`, `updated_at`) VALUES (16, 'delectus', '2001-11-19 16:06:55', '1988-03-03 14:24:48');
INSERT INTO `media_types` (`id`, `name`, `created_at`, `updated_at`) VALUES (17, 'sit', '2012-01-29 16:55:26', '1996-05-21 16:02:53');
INSERT INTO `media_types` (`id`, `name`, `created_at`, `updated_at`) VALUES (18, 'autem', '2018-12-22 15:25:13', '1971-09-28 13:54:00');
INSERT INTO `media_types` (`id`, `name`, `created_at`, `updated_at`) VALUES (19, 'doloremque', '1997-03-20 00:23:10', '2000-10-04 23:29:55');
INSERT INTO `media_types` (`id`, `name`, `created_at`, `updated_at`) VALUES (20, 'cumque', '2013-12-11 11:21:42', '1975-01-13 01:59:31');


#
# TABLE STRUCTURE FOR: messages
#

DROP TABLE IF EXISTS `messages`;

CREATE TABLE `messages` (
  `id` int(10) unsigned NOT NULL AUTO_INCREMENT COMMENT 'Идентификатор строки',
  `from_user_id` int(10) unsigned NOT NULL COMMENT 'Ссылка на отправителя сообщения',
  `to_user_id` int(10) unsigned NOT NULL COMMENT 'Ссылка на получателя сообщения',
  `body` text COLLATE utf8mb4_unicode_ci NOT NULL COMMENT 'Текст сообщения',
  `is_important` tinyint(1) DEFAULT NULL COMMENT 'Признак важности',
  `is_delivered` tinyint(1) DEFAULT NULL COMMENT 'Признак доставки',
  `created_at` datetime DEFAULT current_timestamp() COMMENT 'Время создания строки',
  `updated_at` datetime DEFAULT current_timestamp() ON UPDATE current_timestamp() COMMENT 'Время обновления строки',
  PRIMARY KEY (`id`),
  KEY `from_user_id` (`from_user_id`),
  KEY `to_user_id` (`to_user_id`),
  CONSTRAINT `messages_ibfk_1` FOREIGN KEY (`from_user_id`) REFERENCES `users` (`id`),
  CONSTRAINT `messages_ibfk_2` FOREIGN KEY (`to_user_id`) REFERENCES `users` (`id`)
) ENGINE=InnoDB AUTO_INCREMENT=301 DEFAULT CHARSET=utf8mb4 COLLATE=utf8mb4_unicode_ci COMMENT='Сообщения';

INSERT INTO `messages` (`id`, `from_user_id`, `to_user_id`, `body`, `is_important`, `is_delivered`, `created_at`, `updated_at`) VALUES (1, 1, 1, 'Dolorem tempore excepturi porro fugit debitis doloribus. Provident praesentium facere quae. Ad voluptates ipsam odio ut non quod repellendus. In mollitia alias sunt cupiditate.', 1, 0, '1988-09-22 14:11:56', '2001-09-08 13:22:03');
INSERT INTO `messages` (`id`, `from_user_id`, `to_user_id`, `body`, `is_important`, `is_delivered`, `created_at`, `updated_at`) VALUES (2, 2, 2, 'In reprehenderit ea assumenda quia. Cupiditate et iusto nihil dolorum ut quia. Libero temporibus qui sit vel impedit ea. Quas quia non officiis saepe doloremque possimus. Sunt illum qui molestias doloremque.', 1, 1, '1994-04-17 09:46:18', '2011-04-17 18:16:48');
INSERT INTO `messages` (`id`, `from_user_id`, `to_user_id`, `body`, `is_important`, `is_delivered`, `created_at`, `updated_at`) VALUES (3, 3, 3, 'Earum itaque quia eum ut. Sit deserunt sit et veniam molestias dolor omnis. Molestiae culpa vero ipsum.', 0, 0, '1985-03-25 12:20:11', '1982-10-14 18:38:24');
INSERT INTO `messages` (`id`, `from_user_id`, `to_user_id`, `body`, `is_important`, `is_delivered`, `created_at`, `updated_at`) VALUES (4, 4, 4, 'Fuga omnis quaerat id quidem id tempora molestiae. Temporibus et qui omnis nihil ut. Occaecati accusamus odio inventore odit.', 1, 0, '2012-07-15 20:38:01', '1975-02-08 08:11:38');
INSERT INTO `messages` (`id`, `from_user_id`, `to_user_id`, `body`, `is_important`, `is_delivered`, `created_at`, `updated_at`) VALUES (5, 5, 5, 'Nobis et est ullam eveniet sapiente optio aut. Maiores rem excepturi consequatur reprehenderit praesentium consequatur eius mollitia. Ut non ea sequi rerum facilis quibusdam.', 1, 1, '2019-09-13 05:27:50', '2003-06-12 23:31:39');
INSERT INTO `messages` (`id`, `from_user_id`, `to_user_id`, `body`, `is_important`, `is_delivered`, `created_at`, `updated_at`) VALUES (6, 6, 6, 'Reiciendis ea cupiditate quis omnis impedit. Animi molestias minima beatae veritatis ex quia. Placeat in dolorum deserunt explicabo deserunt quas aut.', 1, 1, '2019-02-23 09:10:29', '1973-07-06 10:49:31');
INSERT INTO `messages` (`id`, `from_user_id`, `to_user_id`, `body`, `is_important`, `is_delivered`, `created_at`, `updated_at`) VALUES (7, 7, 7, 'Esse distinctio et libero libero sequi quia. Commodi sapiente reiciendis commodi accusantium modi molestias. Perspiciatis autem aut quis nostrum dolorem culpa aut. Dolore velit quidem id molestiae voluptates.', 1, 0, '2011-10-07 13:47:13', '1998-02-11 10:08:19');
INSERT INTO `messages` (`id`, `from_user_id`, `to_user_id`, `body`, `is_important`, `is_delivered`, `created_at`, `updated_at`) VALUES (8, 8, 8, 'Quae odit voluptas dolor voluptatibus rerum. Aut aperiam aut vel voluptatum optio magni voluptatem. Veniam rerum eaque nisi perspiciatis qui. Accusamus animi ipsam a veritatis molestias ut molestiae nulla.', 0, 0, '2000-01-18 11:45:54', '2014-03-18 19:10:28');
INSERT INTO `messages` (`id`, `from_user_id`, `to_user_id`, `body`, `is_important`, `is_delivered`, `created_at`, `updated_at`) VALUES (9, 9, 9, 'Cupiditate laborum dolore voluptate aut. Accusantium rerum non dicta voluptatem. Quis ut doloribus vel praesentium ut totam quidem. Molestiae nemo maxime molestias. Inventore optio porro laudantium eius id velit.', 1, 1, '1970-02-14 09:19:51', '1984-02-11 23:58:37');
INSERT INTO `messages` (`id`, `from_user_id`, `to_user_id`, `body`, `is_important`, `is_delivered`, `created_at`, `updated_at`) VALUES (10, 10, 10, 'Deserunt saepe sequi cum tempore sit numquam. Quia ullam quo sunt ut consequatur rerum. Amet autem tempore quo nobis aut. Explicabo quia nulla aperiam assumenda quasi voluptatem harum minus. Commodi quo et autem suscipit.', 0, 1, '1996-11-16 02:48:45', '1972-09-13 02:31:41');
INSERT INTO `messages` (`id`, `from_user_id`, `to_user_id`, `body`, `is_important`, `is_delivered`, `created_at`, `updated_at`) VALUES (11, 11, 11, 'Animi quasi est sit molestiae. Expedita eligendi qui qui sunt eveniet perspiciatis placeat. Rerum sed reprehenderit minima exercitationem ut ducimus quo eum. Ut ut rem maiores id alias.', 1, 1, '2011-10-28 10:30:26', '1996-04-13 03:18:24');
INSERT INTO `messages` (`id`, `from_user_id`, `to_user_id`, `body`, `is_important`, `is_delivered`, `created_at`, `updated_at`) VALUES (12, 12, 12, 'Voluptatem eaque est impedit quia neque. Quia ipsa accusantium quisquam architecto temporibus. Accusamus possimus quasi ipsum eius. Quis quia ea quis sed in amet. Voluptatem in in dolorum officiis pariatur et distinctio.', 0, 0, '2021-04-06 02:46:37', '1973-02-12 15:38:16');
INSERT INTO `messages` (`id`, `from_user_id`, `to_user_id`, `body`, `is_important`, `is_delivered`, `created_at`, `updated_at`) VALUES (13, 13, 13, 'Excepturi recusandae dignissimos nulla atque architecto iusto doloribus. Aspernatur nulla dolorum qui nulla. Dolorem fuga porro facilis saepe et.', 1, 0, '1984-07-20 15:46:21', '1990-10-01 05:27:46');
INSERT INTO `messages` (`id`, `from_user_id`, `to_user_id`, `body`, `is_important`, `is_delivered`, `created_at`, `updated_at`) VALUES (14, 14, 14, 'Nostrum iusto ea molestiae repellat doloribus provident et. Dolor tenetur optio cumque sit omnis.', 1, 0, '1983-11-01 13:52:05', '2020-12-24 06:57:41');
INSERT INTO `messages` (`id`, `from_user_id`, `to_user_id`, `body`, `is_important`, `is_delivered`, `created_at`, `updated_at`) VALUES (15, 15, 15, 'Dolore voluptate aperiam quod unde in repudiandae. Esse voluptates qui et impedit. Culpa temporibus laborum autem distinctio quisquam dolor. Et molestiae quas quasi aut molestiae possimus voluptatem.', 0, 1, '2011-04-12 01:33:02', '1972-10-20 19:26:24');
INSERT INTO `messages` (`id`, `from_user_id`, `to_user_id`, `body`, `is_important`, `is_delivered`, `created_at`, `updated_at`) VALUES (16, 16, 16, 'Voluptas iste repellendus a optio. Quam ut et quam ut corrupti quisquam tempore. Itaque odit necessitatibus cum eos et.', 1, 1, '1997-12-06 21:51:07', '2011-10-27 00:37:33');
INSERT INTO `messages` (`id`, `from_user_id`, `to_user_id`, `body`, `is_important`, `is_delivered`, `created_at`, `updated_at`) VALUES (17, 17, 17, 'Vel natus et occaecati. Ut vitae excepturi recusandae et autem ipsa culpa. Qui nesciunt est est est quibusdam natus explicabo.', 1, 1, '2007-06-05 01:51:41', '2009-02-08 13:33:45');
INSERT INTO `messages` (`id`, `from_user_id`, `to_user_id`, `body`, `is_important`, `is_delivered`, `created_at`, `updated_at`) VALUES (18, 18, 18, 'Amet dignissimos totam adipisci voluptatem voluptas. Possimus vero qui consequatur eum possimus ea. Suscipit quia possimus voluptatum velit laboriosam sequi. Officiis reprehenderit et molestiae et fugiat id magnam.', 0, 0, '2007-09-03 02:28:41', '1971-03-29 03:58:09');
INSERT INTO `messages` (`id`, `from_user_id`, `to_user_id`, `body`, `is_important`, `is_delivered`, `created_at`, `updated_at`) VALUES (19, 19, 19, 'Qui rerum dolor molestiae quidem aut vel vel voluptas. Eum autem quis vel.', 1, 1, '1973-03-12 13:59:02', '1991-03-12 00:26:14');
INSERT INTO `messages` (`id`, `from_user_id`, `to_user_id`, `body`, `is_important`, `is_delivered`, `created_at`, `updated_at`) VALUES (20, 20, 20, 'Corporis est qui sit accusantium excepturi voluptate et. Odit non et rerum nulla cumque. Consectetur ratione facilis et ut quae.', 0, 1, '2017-01-31 03:10:46', '1978-12-03 00:57:50');
INSERT INTO `messages` (`id`, `from_user_id`, `to_user_id`, `body`, `is_important`, `is_delivered`, `created_at`, `updated_at`) VALUES (21, 21, 21, 'Sit veritatis esse laudantium nisi. Voluptas impedit est aspernatur rem earum eaque. Odit earum excepturi et impedit.', 1, 0, '1970-08-16 21:05:55', '1971-06-15 12:06:48');
INSERT INTO `messages` (`id`, `from_user_id`, `to_user_id`, `body`, `is_important`, `is_delivered`, `created_at`, `updated_at`) VALUES (22, 22, 22, 'Quis et sed aut et voluptates. Id reiciendis quasi nostrum quae doloremque. Et est voluptatem ut eligendi non. Voluptatum voluptate commodi harum repudiandae.', 0, 1, '1991-07-18 07:38:38', '2007-03-24 01:55:52');
INSERT INTO `messages` (`id`, `from_user_id`, `to_user_id`, `body`, `is_important`, `is_delivered`, `created_at`, `updated_at`) VALUES (23, 23, 23, 'Doloremque et perspiciatis tenetur veritatis. Earum modi aut libero sequi. Optio nemo ea perspiciatis dolores tenetur quis libero. In nemo optio asperiores nihil pariatur nulla.', 0, 0, '1976-08-30 07:18:01', '1988-07-25 21:06:45');
INSERT INTO `messages` (`id`, `from_user_id`, `to_user_id`, `body`, `is_important`, `is_delivered`, `created_at`, `updated_at`) VALUES (24, 24, 24, 'Id consequatur minima nulla qui aperiam. Alias quae cumque illo distinctio ducimus. Corrupti beatae nisi velit veritatis nihil quae laudantium.', 0, 1, '2020-08-19 07:05:37', '2006-07-14 19:46:45');
INSERT INTO `messages` (`id`, `from_user_id`, `to_user_id`, `body`, `is_important`, `is_delivered`, `created_at`, `updated_at`) VALUES (25, 25, 25, 'Quia rerum nemo modi. Distinctio itaque dolores vel. Est et iusto nostrum magnam veritatis. Maiores beatae officiis atque voluptas.', 0, 0, '1973-05-16 21:39:47', '2008-11-17 18:32:38');
INSERT INTO `messages` (`id`, `from_user_id`, `to_user_id`, `body`, `is_important`, `is_delivered`, `created_at`, `updated_at`) VALUES (26, 26, 26, 'Ratione in fuga odio quia necessitatibus. Hic sed minus laudantium aut sequi nisi. Ut corrupti et nesciunt odit fugit. Dolor repudiandae dolores labore eos voluptas.', 1, 1, '1978-12-23 00:40:47', '1973-03-18 15:46:32');
INSERT INTO `messages` (`id`, `from_user_id`, `to_user_id`, `body`, `is_important`, `is_delivered`, `created_at`, `updated_at`) VALUES (27, 27, 27, 'Ad occaecati totam magnam doloribus dolor in. Accusamus est vitae rem libero. Deleniti mollitia sit dolores dolorem. Impedit voluptas enim voluptates autem tempora. Nulla ipsam voluptatem esse eos aliquam culpa voluptates.', 0, 0, '1993-04-15 00:55:27', '1978-10-12 11:27:40');
INSERT INTO `messages` (`id`, `from_user_id`, `to_user_id`, `body`, `is_important`, `is_delivered`, `created_at`, `updated_at`) VALUES (28, 28, 28, 'Libero assumenda eius sint est rem eveniet quasi. Culpa aut qui ducimus sint et.', 1, 1, '2010-07-26 12:06:41', '2009-05-04 11:14:20');
INSERT INTO `messages` (`id`, `from_user_id`, `to_user_id`, `body`, `is_important`, `is_delivered`, `created_at`, `updated_at`) VALUES (29, 29, 29, 'Repudiandae earum facilis enim dolorem minima assumenda et quidem. Non necessitatibus quam eum et incidunt. Quia similique cupiditate expedita.', 0, 1, '1991-11-23 06:04:27', '2005-07-29 15:24:12');
INSERT INTO `messages` (`id`, `from_user_id`, `to_user_id`, `body`, `is_important`, `is_delivered`, `created_at`, `updated_at`) VALUES (30, 30, 30, 'Doloremque voluptatem delectus voluptatem. Recusandae repellat quaerat dignissimos harum ullam. Minus et ad dolore.', 1, 1, '1973-03-24 21:32:54', '2005-04-25 00:38:39');
INSERT INTO `messages` (`id`, `from_user_id`, `to_user_id`, `body`, `is_important`, `is_delivered`, `created_at`, `updated_at`) VALUES (31, 31, 31, 'Molestiae nostrum asperiores qui suscipit. Modi commodi qui sit maiores. Porro aut assumenda laboriosam aut iusto quibusdam. Sed sed quis laudantium repudiandae.', 0, 1, '1998-12-25 22:15:04', '1976-11-14 21:05:53');
INSERT INTO `messages` (`id`, `from_user_id`, `to_user_id`, `body`, `is_important`, `is_delivered`, `created_at`, `updated_at`) VALUES (32, 32, 32, 'Et quisquam ut possimus sit explicabo. Odit nihil voluptatem sit minus sequi at. Totam quia harum asperiores mollitia iusto. Neque repudiandae at eligendi est.', 0, 0, '2013-12-20 05:41:32', '1993-04-10 21:02:22');
INSERT INTO `messages` (`id`, `from_user_id`, `to_user_id`, `body`, `is_important`, `is_delivered`, `created_at`, `updated_at`) VALUES (33, 33, 33, 'Laudantium enim sit officiis consequatur deserunt. Officiis ut dolores et dolorem consequatur. Expedita expedita et voluptates. Fuga sunt assumenda at excepturi ducimus omnis qui.', 0, 1, '2004-06-26 02:24:13', '2020-02-10 02:22:29');
INSERT INTO `messages` (`id`, `from_user_id`, `to_user_id`, `body`, `is_important`, `is_delivered`, `created_at`, `updated_at`) VALUES (34, 34, 34, 'Quo amet rerum reiciendis voluptatum laboriosam in. Officiis et impedit ex asperiores. Voluptatem natus aut veniam adipisci.', 1, 0, '2020-08-03 23:34:12', '2001-08-25 13:32:22');
INSERT INTO `messages` (`id`, `from_user_id`, `to_user_id`, `body`, `is_important`, `is_delivered`, `created_at`, `updated_at`) VALUES (35, 35, 35, 'Est laudantium adipisci cumque aut. Officiis sunt fugiat minima pariatur eligendi totam.', 0, 0, '2013-08-18 00:26:28', '2011-02-14 14:25:30');
INSERT INTO `messages` (`id`, `from_user_id`, `to_user_id`, `body`, `is_important`, `is_delivered`, `created_at`, `updated_at`) VALUES (36, 36, 36, 'Aut qui delectus aspernatur quos a quae qui. Dolore ullam expedita dolorem non. Nulla reiciendis corrupti quia similique alias possimus unde aperiam. Libero suscipit beatae autem error cumque.', 0, 0, '2000-04-03 03:04:48', '2011-09-20 08:59:23');
INSERT INTO `messages` (`id`, `from_user_id`, `to_user_id`, `body`, `is_important`, `is_delivered`, `created_at`, `updated_at`) VALUES (37, 37, 37, 'Aut a et neque error excepturi. Et quia praesentium quia rem impedit.', 0, 1, '2002-12-16 02:48:21', '2017-12-05 04:16:34');
INSERT INTO `messages` (`id`, `from_user_id`, `to_user_id`, `body`, `is_important`, `is_delivered`, `created_at`, `updated_at`) VALUES (38, 38, 38, 'Praesentium odit a quam possimus. Illum quisquam in a exercitationem quo ab molestiae et. Adipisci voluptatibus neque quo sunt fugit vel sapiente. Ut aut dolores mollitia qui suscipit.', 0, 0, '2003-05-01 18:40:32', '1971-08-09 13:55:38');
INSERT INTO `messages` (`id`, `from_user_id`, `to_user_id`, `body`, `is_important`, `is_delivered`, `created_at`, `updated_at`) VALUES (39, 39, 39, 'Qui suscipit est omnis consequatur ut accusamus. Dolores quos quibusdam atque eveniet quos corrupti nobis. Voluptatem accusamus dolor praesentium similique velit cupiditate.', 1, 1, '2010-11-20 16:33:01', '1982-06-01 10:54:05');
INSERT INTO `messages` (`id`, `from_user_id`, `to_user_id`, `body`, `is_important`, `is_delivered`, `created_at`, `updated_at`) VALUES (40, 40, 40, 'Perspiciatis voluptas cum natus. Voluptatem accusamus placeat saepe officiis. Tenetur voluptatum et beatae quod ad ullam. Excepturi rerum qui eius deserunt doloribus.', 1, 1, '1972-04-17 12:12:37', '1976-02-13 04:06:03');
INSERT INTO `messages` (`id`, `from_user_id`, `to_user_id`, `body`, `is_important`, `is_delivered`, `created_at`, `updated_at`) VALUES (41, 41, 41, 'Pariatur quia soluta reiciendis qui in sed laborum qui. Tempore quia tempore commodi. Numquam laudantium aut aut nisi dolore id ut.', 1, 1, '2016-05-01 07:24:49', '1978-02-22 16:08:46');
INSERT INTO `messages` (`id`, `from_user_id`, `to_user_id`, `body`, `is_important`, `is_delivered`, `created_at`, `updated_at`) VALUES (42, 42, 42, 'Similique quam et doloremque expedita. Eius blanditiis quam et repellendus pariatur velit. Impedit officiis sit voluptatem est maxime aliquid quo unde. Id et porro occaecati maxime quos.', 0, 0, '1996-07-19 20:49:19', '2014-12-26 18:01:41');
INSERT INTO `messages` (`id`, `from_user_id`, `to_user_id`, `body`, `is_important`, `is_delivered`, `created_at`, `updated_at`) VALUES (43, 43, 43, 'Consequatur laboriosam nam atque id. Et eum recusandae magnam dolorem alias nostrum. Non corrupti dolores et ex beatae distinctio aliquid. Excepturi necessitatibus beatae quia aut.', 1, 1, '2015-05-10 14:44:59', '1989-05-24 06:04:36');
INSERT INTO `messages` (`id`, `from_user_id`, `to_user_id`, `body`, `is_important`, `is_delivered`, `created_at`, `updated_at`) VALUES (44, 44, 44, 'Deserunt et sed ut est corrupti. Quod laudantium ullam voluptatem. Natus reiciendis accusantium illo aliquam vero. Architecto aut dolor nostrum illum.', 1, 0, '1970-10-28 15:33:12', '1987-10-31 12:26:55');
INSERT INTO `messages` (`id`, `from_user_id`, `to_user_id`, `body`, `is_important`, `is_delivered`, `created_at`, `updated_at`) VALUES (45, 45, 45, 'Inventore suscipit et eum quia. Consequuntur suscipit ut quasi accusamus dolor facere.', 1, 1, '1971-03-11 13:50:51', '1985-11-20 23:25:14');
INSERT INTO `messages` (`id`, `from_user_id`, `to_user_id`, `body`, `is_important`, `is_delivered`, `created_at`, `updated_at`) VALUES (46, 46, 46, 'Non ad modi eos nisi tempore et. Vel sed temporibus repellat maxime modi consectetur quidem natus. Est labore et nesciunt dolor voluptatem consequatur voluptatem.', 1, 1, '2006-02-05 07:55:35', '1999-08-02 11:25:26');
INSERT INTO `messages` (`id`, `from_user_id`, `to_user_id`, `body`, `is_important`, `is_delivered`, `created_at`, `updated_at`) VALUES (47, 47, 47, 'Inventore sit qui consequatur magnam. Facilis illum consequatur quod. Asperiores enim iste autem asperiores dolorem doloribus.', 0, 0, '1995-01-07 16:00:44', '1996-10-25 04:38:29');
INSERT INTO `messages` (`id`, `from_user_id`, `to_user_id`, `body`, `is_important`, `is_delivered`, `created_at`, `updated_at`) VALUES (48, 48, 48, 'Dolor perspiciatis et maxime saepe. Mollitia voluptatibus et cupiditate voluptatem deleniti placeat et. Assumenda magnam ab rerum consequatur sit voluptatum. Laboriosam in odit ut qui quae eos.', 0, 0, '1973-03-04 20:14:08', '2015-06-17 06:29:05');
INSERT INTO `messages` (`id`, `from_user_id`, `to_user_id`, `body`, `is_important`, `is_delivered`, `created_at`, `updated_at`) VALUES (49, 49, 49, 'Rerum nulla ex officiis incidunt commodi sed. Qui hic sed doloribus mollitia laudantium nulla dolorem. Non laudantium eius quisquam accusamus.', 0, 0, '1986-03-10 20:13:37', '1975-08-11 04:20:06');
INSERT INTO `messages` (`id`, `from_user_id`, `to_user_id`, `body`, `is_important`, `is_delivered`, `created_at`, `updated_at`) VALUES (50, 50, 50, 'Dolores fuga velit expedita qui. Et quaerat qui officiis id et. Velit velit rerum aliquam adipisci rerum sapiente.', 0, 0, '2018-10-07 18:44:27', '1987-11-23 18:17:39');
INSERT INTO `messages` (`id`, `from_user_id`, `to_user_id`, `body`, `is_important`, `is_delivered`, `created_at`, `updated_at`) VALUES (51, 51, 51, 'Tempora occaecati facere velit at voluptatem sunt dolor quae. Quis sed sint nobis repellat aut optio quam esse. Quis temporibus dolorem autem qui rerum voluptatem esse.', 0, 0, '1973-08-19 17:22:20', '2017-08-07 05:24:31');
INSERT INTO `messages` (`id`, `from_user_id`, `to_user_id`, `body`, `is_important`, `is_delivered`, `created_at`, `updated_at`) VALUES (52, 52, 52, 'Voluptas error architecto itaque voluptatibus. Ut repellat velit dolor quia ullam vel aut. Quisquam voluptas officia vitae quidem.', 1, 0, '2020-01-25 10:16:10', '2010-07-27 11:11:50');
INSERT INTO `messages` (`id`, `from_user_id`, `to_user_id`, `body`, `is_important`, `is_delivered`, `created_at`, `updated_at`) VALUES (53, 53, 53, 'Et occaecati consequuntur est et. Sequi nulla reprehenderit reiciendis quidem commodi rerum voluptatem. Eos maxime qui hic quis magnam perspiciatis optio. Aut consequatur consequatur laboriosam corporis.', 0, 1, '2019-07-17 17:43:38', '1975-02-15 09:38:19');
INSERT INTO `messages` (`id`, `from_user_id`, `to_user_id`, `body`, `is_important`, `is_delivered`, `created_at`, `updated_at`) VALUES (54, 54, 54, 'Facere velit at cupiditate animi. Est neque voluptatibus et eligendi enim. Fugit ex aspernatur laborum voluptatem. Aut molestiae enim dolorem et.', 0, 1, '1987-12-02 12:14:12', '1997-05-16 22:24:54');
INSERT INTO `messages` (`id`, `from_user_id`, `to_user_id`, `body`, `is_important`, `is_delivered`, `created_at`, `updated_at`) VALUES (55, 55, 55, 'In nam aut nisi placeat. Ullam et alias asperiores. Ab repudiandae placeat occaecati ut neque rerum accusamus. Consequatur sunt voluptatum quia consequatur.', 0, 0, '2000-05-01 05:09:55', '2019-12-16 12:35:07');
INSERT INTO `messages` (`id`, `from_user_id`, `to_user_id`, `body`, `is_important`, `is_delivered`, `created_at`, `updated_at`) VALUES (56, 56, 56, 'Quibusdam sapiente est a reiciendis. Itaque omnis qui non. Ea neque sint esse quia temporibus accusamus voluptas. Officia libero eius eaque ut qui sint facere.', 0, 0, '1976-03-16 04:14:23', '1998-09-11 00:22:41');
INSERT INTO `messages` (`id`, `from_user_id`, `to_user_id`, `body`, `is_important`, `is_delivered`, `created_at`, `updated_at`) VALUES (57, 57, 57, 'Quidem vel expedita aut ipsum. Quis consequatur aliquid voluptatem eveniet ut consequatur. Id qui pariatur aperiam.', 1, 1, '1990-02-09 20:59:10', '2001-01-15 23:22:21');
INSERT INTO `messages` (`id`, `from_user_id`, `to_user_id`, `body`, `is_important`, `is_delivered`, `created_at`, `updated_at`) VALUES (58, 58, 58, 'Et repellendus omnis sint veritatis distinctio beatae dignissimos. Expedita ut iusto expedita perferendis sit praesentium placeat. Aut hic et ea ad maiores sed.', 1, 1, '1992-09-27 12:47:33', '1983-01-25 07:05:59');
INSERT INTO `messages` (`id`, `from_user_id`, `to_user_id`, `body`, `is_important`, `is_delivered`, `created_at`, `updated_at`) VALUES (59, 59, 59, 'Distinctio dolores ipsa soluta officia consequatur et. Sequi sed dolor velit consectetur.', 0, 1, '2014-10-11 04:23:59', '1984-05-02 04:57:31');
INSERT INTO `messages` (`id`, `from_user_id`, `to_user_id`, `body`, `is_important`, `is_delivered`, `created_at`, `updated_at`) VALUES (60, 60, 60, 'Autem sapiente et ut et consequatur ratione saepe accusamus. Similique similique quas culpa quod quis natus id. Qui sequi qui excepturi. Consequuntur quod et maxime maxime quia.', 1, 0, '1987-08-01 03:31:13', '2003-01-05 06:06:46');
INSERT INTO `messages` (`id`, `from_user_id`, `to_user_id`, `body`, `is_important`, `is_delivered`, `created_at`, `updated_at`) VALUES (61, 61, 61, 'Earum eligendi reprehenderit sint nostrum facilis. Nemo earum consectetur exercitationem consequatur dicta assumenda. Beatae quas ex praesentium distinctio quia. Impedit est aliquid officia modi architecto maxime.', 0, 1, '1980-03-08 13:38:50', '2010-09-30 08:34:23');
INSERT INTO `messages` (`id`, `from_user_id`, `to_user_id`, `body`, `is_important`, `is_delivered`, `created_at`, `updated_at`) VALUES (62, 62, 62, 'Voluptatem deserunt eaque accusantium similique cum nulla. Minima sit cupiditate sapiente architecto. Vitae sint eum ratione voluptatem perferendis sed. Qui et dolor sit a rerum est consequatur.', 0, 1, '2019-07-02 13:04:47', '2004-08-08 09:44:27');
INSERT INTO `messages` (`id`, `from_user_id`, `to_user_id`, `body`, `is_important`, `is_delivered`, `created_at`, `updated_at`) VALUES (63, 63, 63, 'Ratione omnis commodi fuga rem magni. Odit odit nam laudantium voluptate minus esse. Sunt nam saepe excepturi velit et. Mollitia fugit praesentium repudiandae quo et ipsa omnis.', 0, 1, '1987-09-16 23:43:46', '2009-02-14 20:30:43');
INSERT INTO `messages` (`id`, `from_user_id`, `to_user_id`, `body`, `is_important`, `is_delivered`, `created_at`, `updated_at`) VALUES (64, 64, 64, 'Vel tenetur minima assumenda totam placeat. At dolores repudiandae commodi minima quod autem. Fuga eaque qui quasi modi eos blanditiis placeat perferendis.', 1, 1, '1997-04-03 12:48:40', '1990-07-19 18:37:51');
INSERT INTO `messages` (`id`, `from_user_id`, `to_user_id`, `body`, `is_important`, `is_delivered`, `created_at`, `updated_at`) VALUES (65, 65, 65, 'Rerum soluta ad odio autem. Nam accusantium aut voluptas ea doloremque. Ut deserunt esse ut at. Ratione suscipit hic quo alias quis fugit. Quo impedit voluptas id atque sed veritatis minus.', 1, 1, '1978-08-26 23:25:52', '1993-06-19 19:31:53');
INSERT INTO `messages` (`id`, `from_user_id`, `to_user_id`, `body`, `is_important`, `is_delivered`, `created_at`, `updated_at`) VALUES (66, 66, 66, 'Et officia veniam velit autem culpa in minima. Tempora quisquam aut inventore qui molestiae. Natus voluptatem molestiae placeat error ipsa illo. Repellat laboriosam voluptatum cumque qui.', 1, 1, '2020-04-18 16:52:32', '1981-11-16 19:29:43');
INSERT INTO `messages` (`id`, `from_user_id`, `to_user_id`, `body`, `is_important`, `is_delivered`, `created_at`, `updated_at`) VALUES (67, 67, 67, 'Corporis ad debitis aliquam molestiae nesciunt ut. Aut totam cum ipsum explicabo suscipit assumenda ut. Eligendi voluptatem sed inventore quod dolorem. Sit non placeat possimus asperiores.', 0, 0, '2002-06-03 23:05:19', '1973-01-16 03:35:37');
INSERT INTO `messages` (`id`, `from_user_id`, `to_user_id`, `body`, `is_important`, `is_delivered`, `created_at`, `updated_at`) VALUES (68, 68, 68, 'Ut mollitia maiores libero et sint. Sint qui qui itaque voluptatem cupiditate deserunt. Consequuntur omnis hic sint nesciunt.', 1, 1, '2002-12-08 11:35:10', '2009-01-08 00:31:25');
INSERT INTO `messages` (`id`, `from_user_id`, `to_user_id`, `body`, `is_important`, `is_delivered`, `created_at`, `updated_at`) VALUES (69, 69, 69, 'Sit vel ad itaque placeat eos quas ipsa quo. Nesciunt nisi iure distinctio fugiat mollitia ratione. Qui rerum quo est.', 0, 1, '2018-12-29 06:09:15', '1973-04-30 18:05:14');
INSERT INTO `messages` (`id`, `from_user_id`, `to_user_id`, `body`, `is_important`, `is_delivered`, `created_at`, `updated_at`) VALUES (70, 70, 70, 'Voluptatem necessitatibus perspiciatis veniam qui quo quia tempora. Et autem ratione blanditiis doloribus est. Veritatis ea est aut a. Soluta incidunt omnis excepturi aspernatur qui aut incidunt autem.', 0, 1, '1971-01-31 14:19:07', '1976-09-12 17:13:37');
INSERT INTO `messages` (`id`, `from_user_id`, `to_user_id`, `body`, `is_important`, `is_delivered`, `created_at`, `updated_at`) VALUES (71, 71, 71, 'Voluptas quis sit dicta rerum. Culpa itaque alias quam velit nam. Totam quisquam vel et est voluptate. Labore aut perspiciatis tempora unde aliquid. Consectetur commodi dolorem et voluptatibus perferendis beatae.', 0, 0, '1970-09-20 10:29:57', '1977-04-12 18:28:09');
INSERT INTO `messages` (`id`, `from_user_id`, `to_user_id`, `body`, `is_important`, `is_delivered`, `created_at`, `updated_at`) VALUES (72, 72, 72, 'Impedit et non incidunt sint ut et. Voluptatibus fuga voluptatum repellendus et perspiciatis.', 0, 1, '2012-11-14 02:38:58', '1970-08-25 14:00:32');
INSERT INTO `messages` (`id`, `from_user_id`, `to_user_id`, `body`, `is_important`, `is_delivered`, `created_at`, `updated_at`) VALUES (73, 73, 73, 'Et hic culpa dolorem vitae eos nesciunt perspiciatis. Non quis quia laudantium voluptas rem incidunt. Doloribus modi sit tempora ullam aperiam voluptatum velit.', 1, 0, '1989-02-27 05:53:57', '1984-05-30 22:59:00');
INSERT INTO `messages` (`id`, `from_user_id`, `to_user_id`, `body`, `is_important`, `is_delivered`, `created_at`, `updated_at`) VALUES (74, 74, 74, 'Dicta facere expedita delectus tenetur qui laboriosam. Eum officiis magnam laboriosam nesciunt velit. Facilis cupiditate eum perspiciatis neque sint eveniet.', 1, 1, '2020-02-09 13:51:53', '2021-03-03 19:18:14');
INSERT INTO `messages` (`id`, `from_user_id`, `to_user_id`, `body`, `is_important`, `is_delivered`, `created_at`, `updated_at`) VALUES (75, 75, 75, 'Voluptates unde ducimus ut architecto optio quisquam qui sit. Dolorem ut voluptatem harum vel. Maiores quia sequi exercitationem voluptatem voluptatum corporis. Eius non natus praesentium praesentium dolor modi a distinctio.', 1, 0, '2012-06-25 15:42:36', '1988-06-01 03:33:11');
INSERT INTO `messages` (`id`, `from_user_id`, `to_user_id`, `body`, `is_important`, `is_delivered`, `created_at`, `updated_at`) VALUES (76, 76, 76, 'Dolor illum ea aliquam soluta exercitationem. Aut ratione reprehenderit pariatur animi dolore eum illo. Molestiae soluta nulla totam perferendis doloremque est aliquid. Ullam sunt suscipit nemo sunt.', 0, 0, '2020-06-27 14:20:02', '1977-05-17 13:20:31');
INSERT INTO `messages` (`id`, `from_user_id`, `to_user_id`, `body`, `is_important`, `is_delivered`, `created_at`, `updated_at`) VALUES (77, 77, 77, 'Animi nam et ex sapiente eligendi nam consequatur. Natus quae quis sequi nihil illum. Sit maiores aliquid doloremque tempora sint iure laboriosam. At accusamus fugiat aliquid dolores et dolor. Maiores nisi et dolor quod.', 0, 1, '2017-10-26 18:01:45', '2016-11-12 15:25:31');
INSERT INTO `messages` (`id`, `from_user_id`, `to_user_id`, `body`, `is_important`, `is_delivered`, `created_at`, `updated_at`) VALUES (78, 78, 78, 'Tempora doloremque quaerat tenetur vitae commodi dolores. Voluptatem nostrum itaque a et id totam dolor harum. Officia earum odit nulla fuga dolores aliquam molestiae. Sit ipsam sapiente labore dolor perspiciatis.', 1, 0, '2000-05-27 01:17:27', '2003-02-14 16:57:30');
INSERT INTO `messages` (`id`, `from_user_id`, `to_user_id`, `body`, `is_important`, `is_delivered`, `created_at`, `updated_at`) VALUES (79, 79, 79, 'Qui et sit esse asperiores. Accusamus incidunt consequatur ipsum voluptates explicabo saepe expedita. Praesentium fugiat ut minima neque nulla blanditiis vero iste.', 1, 1, '1984-12-26 02:36:56', '2017-07-31 21:26:04');
INSERT INTO `messages` (`id`, `from_user_id`, `to_user_id`, `body`, `is_important`, `is_delivered`, `created_at`, `updated_at`) VALUES (80, 80, 80, 'Temporibus dolorum voluptas quo et quos. Rem odit eveniet ipsa eos.', 0, 0, '1998-09-26 12:04:01', '2005-10-10 14:11:15');
INSERT INTO `messages` (`id`, `from_user_id`, `to_user_id`, `body`, `is_important`, `is_delivered`, `created_at`, `updated_at`) VALUES (81, 81, 81, 'Et tempore quia et odio cupiditate optio ut. Quia aspernatur sint facilis quod accusantium perferendis vel. Tempora quis consequatur et maiores omnis consequatur. Non itaque eaque possimus accusamus corrupti enim.', 1, 0, '2015-03-20 03:08:28', '1982-08-20 17:55:22');
INSERT INTO `messages` (`id`, `from_user_id`, `to_user_id`, `body`, `is_important`, `is_delivered`, `created_at`, `updated_at`) VALUES (82, 82, 82, 'Voluptates alias ut nulla labore. Est aut enim adipisci in ex ut asperiores. Sit explicabo dolore porro quidem cumque optio atque.', 0, 1, '2011-04-24 10:26:28', '1994-10-15 09:08:07');
INSERT INTO `messages` (`id`, `from_user_id`, `to_user_id`, `body`, `is_important`, `is_delivered`, `created_at`, `updated_at`) VALUES (83, 83, 83, 'Occaecati ut totam possimus facere sed. Ipsam aut distinctio pariatur maiores non blanditiis doloribus excepturi. Earum qui nihil veritatis est fuga.', 0, 0, '1985-12-22 08:58:58', '2013-11-19 07:25:50');
INSERT INTO `messages` (`id`, `from_user_id`, `to_user_id`, `body`, `is_important`, `is_delivered`, `created_at`, `updated_at`) VALUES (84, 84, 84, 'Corrupti velit veritatis suscipit dolor. Quia sit vero expedita. Consequatur facilis et dolores fugiat totam. Nemo sed ipsa rerum veritatis id. Non ut nam ut nemo in consequatur.', 0, 1, '1978-03-03 04:23:45', '1988-08-29 17:02:40');
INSERT INTO `messages` (`id`, `from_user_id`, `to_user_id`, `body`, `is_important`, `is_delivered`, `created_at`, `updated_at`) VALUES (85, 85, 85, 'Asperiores voluptatibus ad magni voluptas. Iusto et dolorum molestiae illum accusamus sed impedit. Eveniet mollitia non blanditiis ut. Beatae voluptatem recusandae magnam ipsum voluptatem harum ut. Cupiditate dolore omnis est expedita ducimus voluptas et.', 0, 0, '1994-07-07 04:48:16', '2001-10-23 12:16:52');
INSERT INTO `messages` (`id`, `from_user_id`, `to_user_id`, `body`, `is_important`, `is_delivered`, `created_at`, `updated_at`) VALUES (86, 86, 86, 'Quis et occaecati eveniet reprehenderit sed. Vel nam consectetur necessitatibus et. Harum facere minus et iusto et.', 0, 1, '2013-10-01 08:49:38', '2018-10-18 18:21:06');
INSERT INTO `messages` (`id`, `from_user_id`, `to_user_id`, `body`, `is_important`, `is_delivered`, `created_at`, `updated_at`) VALUES (87, 87, 87, 'Aliquid dolores omnis culpa et. Quo vitae eos voluptatem aut maiores vitae voluptatem. Quia voluptatibus ad eaque sed perspiciatis.', 1, 1, '1978-10-21 09:09:12', '1994-06-24 16:41:43');
INSERT INTO `messages` (`id`, `from_user_id`, `to_user_id`, `body`, `is_important`, `is_delivered`, `created_at`, `updated_at`) VALUES (88, 88, 88, 'Minus quos autem facilis quam sunt. Voluptas voluptatibus reprehenderit quia est dolores ut perferendis ipsum. Incidunt ea sed magnam voluptas.', 0, 1, '1988-06-27 03:15:41', '1976-11-20 03:15:44');
INSERT INTO `messages` (`id`, `from_user_id`, `to_user_id`, `body`, `is_important`, `is_delivered`, `created_at`, `updated_at`) VALUES (89, 89, 89, 'Quidem qui nihil optio similique labore. Placeat qui beatae aut perferendis sint doloremque. Cupiditate delectus expedita temporibus sunt eum veritatis harum.', 0, 1, '1981-08-05 04:41:30', '1991-07-08 12:32:16');
INSERT INTO `messages` (`id`, `from_user_id`, `to_user_id`, `body`, `is_important`, `is_delivered`, `created_at`, `updated_at`) VALUES (90, 90, 90, 'Inventore rerum labore qui nihil maiores deleniti. Odit sunt et similique debitis molestiae voluptatem culpa. Sequi blanditiis necessitatibus sint quaerat.', 1, 1, '1978-02-04 04:14:32', '2011-03-07 16:42:14');
INSERT INTO `messages` (`id`, `from_user_id`, `to_user_id`, `body`, `is_important`, `is_delivered`, `created_at`, `updated_at`) VALUES (91, 91, 91, 'Quam quo consequatur dolorum velit doloribus tempore nostrum praesentium. Tenetur magnam distinctio eius ab rerum suscipit nihil. Eum quae ea a commodi similique. Ea quaerat recusandae doloremque quasi consequatur.', 0, 1, '2006-01-15 16:50:46', '1977-06-19 10:54:44');
INSERT INTO `messages` (`id`, `from_user_id`, `to_user_id`, `body`, `is_important`, `is_delivered`, `created_at`, `updated_at`) VALUES (92, 92, 92, 'Fugiat suscipit aspernatur odio sed quia. Soluta id dolores ut aut. Odio dicta placeat molestias ut.', 0, 0, '2000-12-23 16:02:20', '1994-12-04 14:11:52');
INSERT INTO `messages` (`id`, `from_user_id`, `to_user_id`, `body`, `is_important`, `is_delivered`, `created_at`, `updated_at`) VALUES (93, 93, 93, 'Temporibus in sit explicabo quo vero omnis qui. Odit quod aut sapiente. Et natus cumque inventore temporibus.', 0, 1, '2018-03-27 15:26:00', '2019-01-17 01:07:47');
INSERT INTO `messages` (`id`, `from_user_id`, `to_user_id`, `body`, `is_important`, `is_delivered`, `created_at`, `updated_at`) VALUES (94, 94, 94, 'Possimus beatae illo commodi nam soluta quisquam. In ut molestiae dolores a. Voluptas provident voluptatem voluptatem maxime quo.', 1, 1, '1977-01-31 18:08:01', '2010-12-10 16:36:12');
INSERT INTO `messages` (`id`, `from_user_id`, `to_user_id`, `body`, `is_important`, `is_delivered`, `created_at`, `updated_at`) VALUES (95, 95, 95, 'Fugiat optio ratione sit ea et provident veniam. Rerum quibusdam autem porro quia quis. Maxime iusto ea sapiente reprehenderit odit nam voluptas. Rerum architecto quaerat et omnis et ut.', 0, 1, '1973-11-27 21:23:39', '1987-01-18 03:34:25');
INSERT INTO `messages` (`id`, `from_user_id`, `to_user_id`, `body`, `is_important`, `is_delivered`, `created_at`, `updated_at`) VALUES (96, 96, 96, 'Sed officia nostrum et voluptatem. Sint nesciunt molestiae optio dolores. Voluptas et quidem et soluta ducimus repellat quisquam. Ut dignissimos fuga molestiae.', 1, 1, '2010-01-02 11:34:45', '1982-04-02 20:43:48');
INSERT INTO `messages` (`id`, `from_user_id`, `to_user_id`, `body`, `is_important`, `is_delivered`, `created_at`, `updated_at`) VALUES (97, 97, 97, 'Quia deserunt voluptas autem quo fugiat quo voluptatem exercitationem. Dolor rerum reprehenderit eos cumque. Et illo voluptas voluptas ipsa. Fugiat sint ut vel nobis incidunt fugit. Et accusamus omnis aspernatur sed.', 0, 0, '2003-06-09 09:23:35', '2008-07-23 04:43:24');
INSERT INTO `messages` (`id`, `from_user_id`, `to_user_id`, `body`, `is_important`, `is_delivered`, `created_at`, `updated_at`) VALUES (98, 98, 98, 'Fugit voluptas architecto est omnis. Labore architecto quasi porro laboriosam eos hic voluptas. Dolor quo hic beatae numquam ut tempora. Omnis ut et qui ut amet.', 1, 0, '1991-08-18 15:43:45', '1987-05-28 21:57:19');
INSERT INTO `messages` (`id`, `from_user_id`, `to_user_id`, `body`, `is_important`, `is_delivered`, `created_at`, `updated_at`) VALUES (99, 99, 99, 'Officiis in et recusandae quae voluptatem nobis. Quod voluptate quia velit non. Fugiat quisquam eum eius est odit ut. Incidunt assumenda dignissimos sunt repellat et praesentium.', 0, 0, '1987-10-16 13:08:40', '2001-09-22 09:15:11');
INSERT INTO `messages` (`id`, `from_user_id`, `to_user_id`, `body`, `is_important`, `is_delivered`, `created_at`, `updated_at`) VALUES (100, 100, 100, 'Quo esse laudantium ipsum ut corporis itaque voluptatem. Esse excepturi accusamus et et rerum est. Voluptas omnis totam et reprehenderit dolorem quidem. Voluptates mollitia velit aspernatur hic illo.', 1, 0, '2013-09-06 13:08:37', '1971-11-01 12:52:03');
INSERT INTO `messages` (`id`, `from_user_id`, `to_user_id`, `body`, `is_important`, `is_delivered`, `created_at`, `updated_at`) VALUES (101, 1, 1, 'Eos repellat qui explicabo laboriosam assumenda at cupiditate cum. Temporibus et qui aut. Et eius sed laborum suscipit amet blanditiis dolorem.', 1, 0, '2007-02-02 13:07:10', '1974-02-10 11:08:35');
INSERT INTO `messages` (`id`, `from_user_id`, `to_user_id`, `body`, `is_important`, `is_delivered`, `created_at`, `updated_at`) VALUES (102, 2, 2, 'Suscipit et inventore ad nesciunt quaerat molestiae explicabo distinctio. Veniam fugiat est et sequi dicta porro dolor. Aliquam vel vitae maiores nobis voluptatibus. Tempore fuga animi voluptates molestiae.', 0, 1, '2013-11-28 20:10:31', '2019-06-04 02:31:06');
INSERT INTO `messages` (`id`, `from_user_id`, `to_user_id`, `body`, `is_important`, `is_delivered`, `created_at`, `updated_at`) VALUES (103, 3, 3, 'Magni sit distinctio ex itaque cum numquam. Earum temporibus et fugit consequuntur. Ut voluptatem quasi perspiciatis sit pariatur exercitationem ea. Vero dignissimos ipsa rerum tempora reprehenderit.', 0, 0, '2010-08-31 19:43:09', '1989-04-03 05:01:31');
INSERT INTO `messages` (`id`, `from_user_id`, `to_user_id`, `body`, `is_important`, `is_delivered`, `created_at`, `updated_at`) VALUES (104, 4, 4, 'Quia unde repellat occaecati ipsa neque. Excepturi omnis deserunt aut repudiandae. Sit fugiat error earum sint nesciunt explicabo corrupti.', 0, 1, '2007-11-13 05:52:17', '2012-11-09 06:54:21');
INSERT INTO `messages` (`id`, `from_user_id`, `to_user_id`, `body`, `is_important`, `is_delivered`, `created_at`, `updated_at`) VALUES (105, 5, 5, 'Neque harum iure sed dolorem perspiciatis et. Quibusdam ipsa voluptatem reiciendis alias ut doloremque. Sunt nobis nesciunt sed molestiae velit dicta.', 0, 0, '2003-11-21 17:56:30', '2014-07-12 04:04:07');
INSERT INTO `messages` (`id`, `from_user_id`, `to_user_id`, `body`, `is_important`, `is_delivered`, `created_at`, `updated_at`) VALUES (106, 6, 6, 'Laborum dolorem omnis consectetur sit repellat in repellendus nihil. Omnis quia quidem eum id.', 0, 0, '1994-12-09 16:43:25', '2020-01-25 20:41:13');
INSERT INTO `messages` (`id`, `from_user_id`, `to_user_id`, `body`, `is_important`, `is_delivered`, `created_at`, `updated_at`) VALUES (107, 7, 7, 'Eaque sed laborum maiores qui repellat. Ab reprehenderit molestias beatae quod est fugit.', 0, 0, '1977-12-21 02:41:14', '2000-09-20 12:58:24');
INSERT INTO `messages` (`id`, `from_user_id`, `to_user_id`, `body`, `is_important`, `is_delivered`, `created_at`, `updated_at`) VALUES (108, 8, 8, 'Omnis eos quo doloribus in velit veritatis minus mollitia. Ea est est velit eum qui. Et similique sint libero rem et nemo. Nisi dignissimos et quis soluta fugiat aut.', 0, 1, '2004-04-25 21:16:19', '1989-10-29 18:04:31');
INSERT INTO `messages` (`id`, `from_user_id`, `to_user_id`, `body`, `is_important`, `is_delivered`, `created_at`, `updated_at`) VALUES (109, 9, 9, 'Doloremque qui aliquam illum tempora hic. Sed recusandae sit maiores aut. Architecto omnis libero rerum vel. Ut harum ex autem reiciendis eligendi.', 0, 0, '1982-06-08 01:05:04', '2002-06-22 14:10:57');
INSERT INTO `messages` (`id`, `from_user_id`, `to_user_id`, `body`, `is_important`, `is_delivered`, `created_at`, `updated_at`) VALUES (110, 10, 10, 'Sint sed est est quae maiores. Tempore magni non perferendis itaque voluptates eius repudiandae. Qui qui id explicabo.', 0, 1, '1987-01-27 04:59:13', '2002-06-11 10:46:16');
INSERT INTO `messages` (`id`, `from_user_id`, `to_user_id`, `body`, `is_important`, `is_delivered`, `created_at`, `updated_at`) VALUES (111, 11, 11, 'Praesentium animi totam impedit eligendi vero et qui. Necessitatibus eius a voluptatem et aut excepturi. Incidunt officiis enim quas tempora ut adipisci facilis.', 1, 1, '2003-03-02 00:17:43', '1972-05-28 20:28:34');
INSERT INTO `messages` (`id`, `from_user_id`, `to_user_id`, `body`, `is_important`, `is_delivered`, `created_at`, `updated_at`) VALUES (112, 12, 12, 'Ex consequuntur qui suscipit. Est esse ipsam sit deserunt non eum qui. Tenetur laudantium corporis repudiandae voluptate quasi debitis consequatur iste. At earum accusamus vel et.', 1, 0, '1973-09-23 09:07:39', '1981-05-08 11:10:15');
INSERT INTO `messages` (`id`, `from_user_id`, `to_user_id`, `body`, `is_important`, `is_delivered`, `created_at`, `updated_at`) VALUES (113, 13, 13, 'Aut sed vero earum tenetur a doloremque totam. Ipsum explicabo eligendi qui nam optio. Et voluptas nemo ipsum inventore doloribus. Ex aut perferendis cumque modi autem et alias.', 0, 1, '1994-07-06 14:50:05', '1981-04-02 19:33:06');
INSERT INTO `messages` (`id`, `from_user_id`, `to_user_id`, `body`, `is_important`, `is_delivered`, `created_at`, `updated_at`) VALUES (114, 14, 14, 'Ea sint exercitationem dolore inventore. Amet quaerat laborum aut veritatis corrupti. Recusandae et aperiam asperiores veritatis rem.', 1, 1, '1990-07-06 12:48:31', '2001-06-28 20:20:40');
INSERT INTO `messages` (`id`, `from_user_id`, `to_user_id`, `body`, `is_important`, `is_delivered`, `created_at`, `updated_at`) VALUES (115, 15, 15, 'Repudiandae minima vitae et quasi ipsa veniam. Voluptas dicta tempore cum praesentium.', 1, 0, '2005-09-08 08:23:08', '1987-11-01 16:21:55');
INSERT INTO `messages` (`id`, `from_user_id`, `to_user_id`, `body`, `is_important`, `is_delivered`, `created_at`, `updated_at`) VALUES (116, 16, 16, 'Fuga sit adipisci dolore est corporis saepe explicabo. Enim aut sed eligendi omnis et qui. Cum odio qui animi nemo id. Facilis dolorum inventore eos. Quia quo molestiae quae omnis veniam autem aut inventore.', 0, 1, '1984-10-10 08:06:33', '2004-12-29 16:46:33');
INSERT INTO `messages` (`id`, `from_user_id`, `to_user_id`, `body`, `is_important`, `is_delivered`, `created_at`, `updated_at`) VALUES (117, 17, 17, 'Explicabo aliquam esse sit sequi dolorem rerum molestiae. Omnis molestias aperiam libero sed minima et. Voluptas error quis quos illum excepturi.', 1, 1, '2000-06-04 02:35:06', '1991-01-14 17:00:14');
INSERT INTO `messages` (`id`, `from_user_id`, `to_user_id`, `body`, `is_important`, `is_delivered`, `created_at`, `updated_at`) VALUES (118, 18, 18, 'Quod et minima sit sunt perferendis. Omnis ut voluptatem ipsam corporis cum. Et molestiae nemo aut rem id. Expedita voluptatem eum eveniet molestias a.', 1, 1, '2018-03-02 03:04:44', '1977-11-30 17:24:04');
INSERT INTO `messages` (`id`, `from_user_id`, `to_user_id`, `body`, `is_important`, `is_delivered`, `created_at`, `updated_at`) VALUES (119, 19, 19, 'Facere ipsa qui aperiam a alias placeat. Nihil asperiores sit qui atque ea repellat eveniet. Modi sapiente asperiores saepe non est temporibus assumenda.', 1, 0, '2019-05-23 12:54:28', '2002-10-15 22:05:21');
INSERT INTO `messages` (`id`, `from_user_id`, `to_user_id`, `body`, `is_important`, `is_delivered`, `created_at`, `updated_at`) VALUES (120, 20, 20, 'Fuga repellat velit impedit ut ea. Fuga atque distinctio commodi quo impedit est ut. Ut dolorem qui at et veritatis.', 0, 0, '2003-02-09 18:32:25', '2011-06-19 19:40:35');
INSERT INTO `messages` (`id`, `from_user_id`, `to_user_id`, `body`, `is_important`, `is_delivered`, `created_at`, `updated_at`) VALUES (121, 21, 21, 'Quasi maxime in dolore laborum dolores. Numquam architecto consequatur corporis et iusto est. Repellendus est sit nisi. Sit quae repudiandae ut cumque. Et consectetur et ut dicta.', 0, 1, '1984-05-01 12:37:56', '2010-04-18 13:49:44');
INSERT INTO `messages` (`id`, `from_user_id`, `to_user_id`, `body`, `is_important`, `is_delivered`, `created_at`, `updated_at`) VALUES (122, 22, 22, 'Aut nihil aliquam qui sunt repudiandae deleniti laborum. Architecto iste nam ut est. Qui voluptas itaque rerum voluptatibus enim enim itaque. Corporis amet voluptates eligendi voluptas rerum nihil placeat dolores.', 0, 0, '1993-12-04 09:29:50', '1973-04-25 20:32:21');
INSERT INTO `messages` (`id`, `from_user_id`, `to_user_id`, `body`, `is_important`, `is_delivered`, `created_at`, `updated_at`) VALUES (123, 23, 23, 'Enim rerum voluptate consequatur molestiae. Ad sequi laudantium adipisci quia a. Enim aut id quia hic est accusantium consequatur. Laudantium consequatur voluptas officia quia atque quia rerum.', 0, 1, '2010-01-03 22:47:57', '2020-10-08 01:32:58');
INSERT INTO `messages` (`id`, `from_user_id`, `to_user_id`, `body`, `is_important`, `is_delivered`, `created_at`, `updated_at`) VALUES (124, 24, 24, 'Mollitia error velit autem voluptate veritatis asperiores magni. Dignissimos labore quis ea quaerat neque eum. Aliquid enim perferendis magni quis vitae atque. Aut sunt nisi ratione ea. Sunt esse quae ab quod id quis esse dolor.', 1, 1, '1994-07-27 03:56:03', '2013-08-23 19:22:30');
INSERT INTO `messages` (`id`, `from_user_id`, `to_user_id`, `body`, `is_important`, `is_delivered`, `created_at`, `updated_at`) VALUES (125, 25, 25, 'Ut ipsa debitis odit. Repellat quo veniam dignissimos quos nihil voluptas. Qui pariatur consequatur dicta porro vel occaecati ad minus. Voluptates corporis ut velit autem.', 1, 1, '1982-02-16 21:38:51', '2000-02-01 01:30:16');
INSERT INTO `messages` (`id`, `from_user_id`, `to_user_id`, `body`, `is_important`, `is_delivered`, `created_at`, `updated_at`) VALUES (126, 26, 26, 'Maiores ad ullam et magni modi. Et consectetur quisquam qui ullam dolores dolore inventore. A est ut harum excepturi recusandae cum. Unde earum corporis fuga adipisci.', 1, 1, '1986-09-21 11:03:46', '1981-02-20 06:22:29');
INSERT INTO `messages` (`id`, `from_user_id`, `to_user_id`, `body`, `is_important`, `is_delivered`, `created_at`, `updated_at`) VALUES (127, 27, 27, 'Corporis rerum voluptates qui autem porro. Quod velit corrupti autem similique tempora. Labore consequatur nam error ipsa natus repellendus consectetur.', 0, 0, '2009-01-30 17:25:29', '2011-04-26 15:35:29');
INSERT INTO `messages` (`id`, `from_user_id`, `to_user_id`, `body`, `is_important`, `is_delivered`, `created_at`, `updated_at`) VALUES (128, 28, 28, 'Dignissimos dolore numquam eligendi maiores dolor eum ipsum nulla. Nobis cum cum sed. Odit amet delectus eligendi qui recusandae sit. Unde dolores et soluta iusto.', 1, 0, '2003-09-11 23:55:17', '2017-11-13 15:10:24');
INSERT INTO `messages` (`id`, `from_user_id`, `to_user_id`, `body`, `is_important`, `is_delivered`, `created_at`, `updated_at`) VALUES (129, 29, 29, 'Velit quas saepe laudantium. Aspernatur omnis iure ut est molestiae nostrum. Voluptatem ut ex quibusdam odio aspernatur blanditiis ipsum ut.', 1, 1, '2013-02-04 05:36:25', '1987-05-18 21:36:04');
INSERT INTO `messages` (`id`, `from_user_id`, `to_user_id`, `body`, `is_important`, `is_delivered`, `created_at`, `updated_at`) VALUES (130, 30, 30, 'Qui molestiae deserunt optio atque. Rem rem non exercitationem repudiandae dolore atque. Quae ratione sunt ratione quis aspernatur aperiam. Numquam quas iure qui velit maiores blanditiis voluptate.', 0, 0, '1977-06-25 21:28:39', '1979-10-23 21:32:15');
INSERT INTO `messages` (`id`, `from_user_id`, `to_user_id`, `body`, `is_important`, `is_delivered`, `created_at`, `updated_at`) VALUES (131, 31, 31, 'Similique nostrum sunt dolores. Et illum nemo doloribus quis unde mollitia vero quasi. Consequatur modi quo aut magnam ea voluptatem autem. Qui soluta odio est molestiae repellendus recusandae in.', 0, 1, '1974-06-08 16:33:37', '1980-11-07 15:42:42');
INSERT INTO `messages` (`id`, `from_user_id`, `to_user_id`, `body`, `is_important`, `is_delivered`, `created_at`, `updated_at`) VALUES (132, 32, 32, 'Dolor voluptatibus dolorum accusantium ducimus et non. At ipsum dolor tempora exercitationem error enim magni non. Nihil est sunt sit. Fugit rem molestiae voluptate neque.', 1, 0, '2020-01-27 07:54:14', '1977-12-25 05:27:44');
INSERT INTO `messages` (`id`, `from_user_id`, `to_user_id`, `body`, `is_important`, `is_delivered`, `created_at`, `updated_at`) VALUES (133, 33, 33, 'Mollitia maiores inventore laborum dolores. Eos sunt ratione velit. Culpa eos vero quas excepturi qui ipsa.', 0, 1, '1995-08-09 06:42:44', '1974-09-23 17:58:25');
INSERT INTO `messages` (`id`, `from_user_id`, `to_user_id`, `body`, `is_important`, `is_delivered`, `created_at`, `updated_at`) VALUES (134, 34, 34, 'Aut soluta reprehenderit magnam molestiae nemo. Omnis laudantium eius et non quisquam suscipit. Ex architecto dolor quis et sit ut reiciendis. Qui aspernatur dolorum minus dolor quaerat.', 0, 1, '2016-02-04 20:29:46', '1994-10-30 11:44:11');
INSERT INTO `messages` (`id`, `from_user_id`, `to_user_id`, `body`, `is_important`, `is_delivered`, `created_at`, `updated_at`) VALUES (135, 35, 35, 'Sint nulla excepturi officia rerum eaque molestias. Consequatur quos pariatur est modi pariatur asperiores. Et cumque sit saepe illo amet pariatur. Nobis adipisci neque dolores tempora soluta.', 0, 0, '1987-02-23 19:58:20', '2018-04-13 11:47:35');
INSERT INTO `messages` (`id`, `from_user_id`, `to_user_id`, `body`, `is_important`, `is_delivered`, `created_at`, `updated_at`) VALUES (136, 36, 36, 'Minima modi nostrum optio ut sit. Ab occaecati velit numquam deserunt ipsam doloremque et. Et qui sequi dicta placeat tempora vero. Veniam aut a qui explicabo officiis vitae atque. Labore exercitationem mollitia facere repellendus dolorem molestiae.', 1, 0, '2018-03-18 10:38:43', '1998-02-21 09:05:14');
INSERT INTO `messages` (`id`, `from_user_id`, `to_user_id`, `body`, `is_important`, `is_delivered`, `created_at`, `updated_at`) VALUES (137, 37, 37, 'Illo repellendus eius incidunt ducimus ducimus. Possimus totam sapiente vel maxime.', 0, 0, '2016-04-10 20:55:49', '1971-05-02 13:42:10');
INSERT INTO `messages` (`id`, `from_user_id`, `to_user_id`, `body`, `is_important`, `is_delivered`, `created_at`, `updated_at`) VALUES (138, 38, 38, 'Esse ut in tempore id blanditiis sunt quaerat accusamus. Quia dolor possimus neque quia quisquam magnam. Quidem et dolorem voluptatem sequi suscipit deleniti quos culpa. Commodi rerum delectus quo omnis.', 0, 0, '1988-06-23 10:15:37', '1981-04-16 15:05:35');
INSERT INTO `messages` (`id`, `from_user_id`, `to_user_id`, `body`, `is_important`, `is_delivered`, `created_at`, `updated_at`) VALUES (139, 39, 39, 'Aut consequatur deserunt nihil non eum non. Qui id facilis quod qui aut eveniet dolorem. Sit autem aut occaecati id nostrum tempore harum.', 0, 0, '1990-11-28 12:10:32', '1982-07-20 03:19:30');
INSERT INTO `messages` (`id`, `from_user_id`, `to_user_id`, `body`, `is_important`, `is_delivered`, `created_at`, `updated_at`) VALUES (140, 40, 40, 'Dolor in est excepturi provident voluptatibus. Enim nam numquam culpa et vitae voluptatibus.', 0, 0, '2013-11-22 03:28:56', '2008-10-09 19:09:26');
INSERT INTO `messages` (`id`, `from_user_id`, `to_user_id`, `body`, `is_important`, `is_delivered`, `created_at`, `updated_at`) VALUES (141, 41, 41, 'Neque sit iusto ducimus harum possimus. Sunt sequi et praesentium et non aut consequuntur. Ratione quidem magni eum est. Aut qui provident expedita eos. Qui omnis fuga omnis saepe reiciendis.', 0, 0, '1974-12-13 13:50:22', '2021-01-19 21:24:06');
INSERT INTO `messages` (`id`, `from_user_id`, `to_user_id`, `body`, `is_important`, `is_delivered`, `created_at`, `updated_at`) VALUES (142, 42, 42, 'Itaque veniam vel qui neque nihil. In harum consequatur esse similique voluptatum. Natus et id sint maiores.', 0, 1, '2021-03-15 18:08:37', '1996-11-11 08:14:53');
INSERT INTO `messages` (`id`, `from_user_id`, `to_user_id`, `body`, `is_important`, `is_delivered`, `created_at`, `updated_at`) VALUES (143, 43, 43, 'Atque necessitatibus quos dolores dicta et. Aspernatur tenetur aut fuga. Saepe aut perferendis laboriosam dolore et nostrum quia.', 0, 1, '1987-07-07 22:31:16', '1989-12-15 03:35:44');
INSERT INTO `messages` (`id`, `from_user_id`, `to_user_id`, `body`, `is_important`, `is_delivered`, `created_at`, `updated_at`) VALUES (144, 44, 44, 'Veniam repellat odit temporibus dolor dicta. At id et molestias perspiciatis est fugiat ratione. Quae aut facere ad aliquam temporibus.', 0, 1, '1988-07-12 23:36:29', '1976-04-18 13:23:59');
INSERT INTO `messages` (`id`, `from_user_id`, `to_user_id`, `body`, `is_important`, `is_delivered`, `created_at`, `updated_at`) VALUES (145, 45, 45, 'Placeat similique provident est ipsam nam illo quod. Quo in maxime qui eaque maxime. Quia vero doloremque dolores quidem voluptatem quasi.', 1, 0, '1997-06-12 00:23:39', '2016-01-14 01:55:11');
INSERT INTO `messages` (`id`, `from_user_id`, `to_user_id`, `body`, `is_important`, `is_delivered`, `created_at`, `updated_at`) VALUES (146, 46, 46, 'Sint voluptatem est ullam nostrum aliquid. Aut non sint eum est totam occaecati.', 0, 0, '2005-09-24 09:46:03', '2019-06-01 06:51:19');
INSERT INTO `messages` (`id`, `from_user_id`, `to_user_id`, `body`, `is_important`, `is_delivered`, `created_at`, `updated_at`) VALUES (147, 47, 47, 'Voluptatem qui illum ab necessitatibus aut rerum quia. Autem magni cupiditate facilis animi pariatur quia delectus. Eos eos aut blanditiis facilis ut eligendi. Beatae ipsam earum dignissimos sit veritatis sint.', 0, 0, '1986-12-13 17:44:36', '2012-05-12 15:48:55');
INSERT INTO `messages` (`id`, `from_user_id`, `to_user_id`, `body`, `is_important`, `is_delivered`, `created_at`, `updated_at`) VALUES (148, 48, 48, 'Officia omnis ex nobis qui illo impedit. Quis quibusdam odit dolorum quas.', 1, 1, '2014-08-25 07:03:46', '1997-04-15 02:52:05');
INSERT INTO `messages` (`id`, `from_user_id`, `to_user_id`, `body`, `is_important`, `is_delivered`, `created_at`, `updated_at`) VALUES (149, 49, 49, 'Consectetur ratione natus error quisquam non vero. Accusantium id aut non vel eligendi. Officia dignissimos recusandae voluptatem. Maiores ipsam eos id cum fugiat. Omnis nihil sapiente rerum provident consequuntur ea.', 1, 1, '1970-06-21 18:10:19', '1985-12-15 19:08:08');
INSERT INTO `messages` (`id`, `from_user_id`, `to_user_id`, `body`, `is_important`, `is_delivered`, `created_at`, `updated_at`) VALUES (150, 50, 50, 'Modi aut et amet. Maxime eveniet ullam at quia in officia. Tempore deleniti accusantium veniam. Ipsam consectetur non delectus.', 0, 0, '1972-07-06 19:33:54', '2014-11-02 01:36:10');
INSERT INTO `messages` (`id`, `from_user_id`, `to_user_id`, `body`, `is_important`, `is_delivered`, `created_at`, `updated_at`) VALUES (151, 51, 51, 'Nihil eum quo libero minus. Laborum velit soluta pariatur architecto necessitatibus molestiae eaque. Et vel laudantium id sed odit.', 0, 1, '1978-08-08 20:29:34', '2017-03-28 15:09:55');
INSERT INTO `messages` (`id`, `from_user_id`, `to_user_id`, `body`, `is_important`, `is_delivered`, `created_at`, `updated_at`) VALUES (152, 52, 52, 'Deleniti voluptatem nesciunt ullam enim non illo. Libero nostrum minima veritatis sint. Ipsa occaecati et consequuntur asperiores quam sed. Voluptatem officia earum quos esse quis perspiciatis. Id est ad sapiente eos autem modi iste quibusdam.', 1, 1, '2007-01-31 03:15:26', '1988-03-29 01:14:58');
INSERT INTO `messages` (`id`, `from_user_id`, `to_user_id`, `body`, `is_important`, `is_delivered`, `created_at`, `updated_at`) VALUES (153, 53, 53, 'Id eos debitis sapiente. Laudantium fugit nobis culpa inventore libero. Sint quis cum et excepturi ipsa doloremque minus. Molestiae nisi nobis dignissimos tenetur.', 1, 0, '1973-06-28 11:16:20', '2016-05-19 09:19:56');
INSERT INTO `messages` (`id`, `from_user_id`, `to_user_id`, `body`, `is_important`, `is_delivered`, `created_at`, `updated_at`) VALUES (154, 54, 54, 'Aut iusto qui iure in doloribus. Eius ut voluptatum asperiores doloremque. Pariatur perferendis praesentium eum.', 1, 0, '2018-12-27 20:28:58', '2012-03-08 04:13:45');
INSERT INTO `messages` (`id`, `from_user_id`, `to_user_id`, `body`, `is_important`, `is_delivered`, `created_at`, `updated_at`) VALUES (155, 55, 55, 'Sunt aperiam enim deleniti officiis sed. Reprehenderit harum eligendi quam voluptas possimus. Provident sunt voluptatem est perspiciatis. Commodi harum at temporibus officiis nulla dolor quam.', 0, 1, '1975-11-29 22:35:05', '2004-03-04 15:25:07');
INSERT INTO `messages` (`id`, `from_user_id`, `to_user_id`, `body`, `is_important`, `is_delivered`, `created_at`, `updated_at`) VALUES (156, 56, 56, 'Ab autem vel inventore qui praesentium dolores. Dolorum itaque consequuntur quia vel sunt qui. Sint dolor officiis ducimus consequatur.', 1, 0, '2015-01-23 18:47:21', '1999-08-29 05:19:30');
INSERT INTO `messages` (`id`, `from_user_id`, `to_user_id`, `body`, `is_important`, `is_delivered`, `created_at`, `updated_at`) VALUES (157, 57, 57, 'Itaque aut sit architecto et delectus voluptatem eos. Aut totam consequuntur dolorum veniam est facere quam. Iste ut sit consequatur ut voluptates voluptatum dolorem.', 1, 1, '1995-01-30 12:31:04', '2018-05-22 00:23:38');
INSERT INTO `messages` (`id`, `from_user_id`, `to_user_id`, `body`, `is_important`, `is_delivered`, `created_at`, `updated_at`) VALUES (158, 58, 58, 'In natus aliquid ea provident fugit veniam. Necessitatibus sapiente suscipit ipsam qui unde quae. Enim in perferendis modi sed nihil. Qui rerum commodi repellat.', 0, 0, '2020-12-30 12:34:20', '2007-01-15 20:49:28');
INSERT INTO `messages` (`id`, `from_user_id`, `to_user_id`, `body`, `is_important`, `is_delivered`, `created_at`, `updated_at`) VALUES (159, 59, 59, 'Facere a vel omnis aspernatur et sapiente necessitatibus delectus. Incidunt nihil corrupti ut. Ullam laudantium inventore laudantium corrupti neque quia. Inventore ratione non eos quibusdam.', 1, 1, '1987-06-29 19:47:55', '2019-09-18 09:24:18');
INSERT INTO `messages` (`id`, `from_user_id`, `to_user_id`, `body`, `is_important`, `is_delivered`, `created_at`, `updated_at`) VALUES (160, 60, 60, 'Quo nobis eligendi praesentium architecto nostrum qui ut. Quaerat reiciendis natus qui voluptatem quo excepturi quibusdam. Ea sint vel pariatur fugit sit.', 1, 1, '2007-07-09 12:38:07', '1984-06-11 03:29:51');
INSERT INTO `messages` (`id`, `from_user_id`, `to_user_id`, `body`, `is_important`, `is_delivered`, `created_at`, `updated_at`) VALUES (161, 61, 61, 'Cumque magni deserunt sed. Sit aut consequatur et est non. Accusamus possimus totam magni et accusamus blanditiis odio aut.', 0, 0, '1988-01-20 13:32:47', '1970-07-28 04:59:07');
INSERT INTO `messages` (`id`, `from_user_id`, `to_user_id`, `body`, `is_important`, `is_delivered`, `created_at`, `updated_at`) VALUES (162, 62, 62, 'Culpa qui quae sed consequatur asperiores aut molestiae. Aut voluptates magnam quasi alias modi. Est error voluptatum nihil. Voluptatem nesciunt aut dolores quia vel dolores.', 1, 0, '1988-01-13 23:45:17', '2001-09-29 19:59:18');
INSERT INTO `messages` (`id`, `from_user_id`, `to_user_id`, `body`, `is_important`, `is_delivered`, `created_at`, `updated_at`) VALUES (163, 63, 63, 'Quis soluta quisquam facere ea accusamus id. Vel id consectetur aut sapiente neque tempora incidunt porro. Natus nihil unde ut exercitationem quia quis.', 1, 0, '1986-08-30 09:22:35', '2011-08-11 18:44:27');
INSERT INTO `messages` (`id`, `from_user_id`, `to_user_id`, `body`, `is_important`, `is_delivered`, `created_at`, `updated_at`) VALUES (164, 64, 64, 'Hic at velit quia placeat exercitationem omnis molestiae. Ut doloremque excepturi sit beatae non beatae. Optio et molestiae et aut accusantium. Dolores quia aut sed nostrum accusantium sequi.', 0, 0, '2011-06-30 04:28:53', '2017-05-11 06:50:46');
INSERT INTO `messages` (`id`, `from_user_id`, `to_user_id`, `body`, `is_important`, `is_delivered`, `created_at`, `updated_at`) VALUES (165, 65, 65, 'Dolorum enim qui quis. Repellendus qui quos et sit eaque. Repellendus minus mollitia expedita et cumque eos sapiente.', 1, 0, '2018-09-14 02:17:01', '1997-09-22 07:56:22');
INSERT INTO `messages` (`id`, `from_user_id`, `to_user_id`, `body`, `is_important`, `is_delivered`, `created_at`, `updated_at`) VALUES (166, 66, 66, 'Reiciendis corporis eum beatae. Nihil expedita nemo eos eum provident fugit non voluptatum. Esse magnam architecto sit aliquam. Quo molestiae sit ipsam labore itaque rerum nesciunt voluptatem.', 1, 1, '1971-08-14 06:15:39', '2001-05-09 19:49:29');
INSERT INTO `messages` (`id`, `from_user_id`, `to_user_id`, `body`, `is_important`, `is_delivered`, `created_at`, `updated_at`) VALUES (167, 67, 67, 'Ipsa officiis sapiente tempora quia reprehenderit porro. Incidunt nihil expedita quo nobis minima quam. Velit sit vitae voluptatem omnis culpa reiciendis. Voluptas enim quo vel laboriosam dolorem.', 1, 0, '1972-08-23 09:13:04', '1981-05-15 22:25:08');
INSERT INTO `messages` (`id`, `from_user_id`, `to_user_id`, `body`, `is_important`, `is_delivered`, `created_at`, `updated_at`) VALUES (168, 68, 68, 'Deleniti deleniti hic dolorem odio exercitationem vel possimus. Officiis dignissimos doloribus eos in. Est molestias quia eveniet facere. Quod ut sunt consequatur est beatae et.', 1, 1, '2009-12-12 21:11:18', '1984-06-09 20:33:24');
INSERT INTO `messages` (`id`, `from_user_id`, `to_user_id`, `body`, `is_important`, `is_delivered`, `created_at`, `updated_at`) VALUES (169, 69, 69, 'Et reprehenderit enim consequatur harum quos voluptatum veritatis. Consequatur ullam deserunt labore est quos vel nihil. Labore sit et reprehenderit harum libero sunt. Aspernatur nihil blanditiis a illo.', 1, 1, '2013-08-11 16:21:37', '2008-03-17 06:01:18');
INSERT INTO `messages` (`id`, `from_user_id`, `to_user_id`, `body`, `is_important`, `is_delivered`, `created_at`, `updated_at`) VALUES (170, 70, 70, 'Molestias modi aspernatur in voluptas. Suscipit quia quo vel optio consequuntur impedit.', 0, 1, '2003-05-12 08:47:54', '1995-02-02 07:07:46');
INSERT INTO `messages` (`id`, `from_user_id`, `to_user_id`, `body`, `is_important`, `is_delivered`, `created_at`, `updated_at`) VALUES (171, 71, 71, 'Unde magni deserunt commodi cupiditate est facere corporis odio. Qui sed neque consectetur sint autem eaque animi beatae. Assumenda qui nemo quod at. Eum minima sapiente nihil. Qui laboriosam error deleniti.', 0, 1, '2016-05-27 03:47:13', '1984-12-06 05:32:55');
INSERT INTO `messages` (`id`, `from_user_id`, `to_user_id`, `body`, `is_important`, `is_delivered`, `created_at`, `updated_at`) VALUES (172, 72, 72, 'Delectus ducimus ipsa sed laudantium odit. Vel dolor et vel. Officiis rerum qui neque quia sed sequi saepe consectetur.', 0, 0, '1995-10-27 05:53:59', '2006-03-26 05:16:27');
INSERT INTO `messages` (`id`, `from_user_id`, `to_user_id`, `body`, `is_important`, `is_delivered`, `created_at`, `updated_at`) VALUES (173, 73, 73, 'Velit ea occaecati voluptas. Natus ipsum totam quia. Dolores maxime doloremque aut corporis molestiae perferendis sunt.', 0, 1, '2014-10-14 09:33:47', '1994-12-10 03:52:18');
INSERT INTO `messages` (`id`, `from_user_id`, `to_user_id`, `body`, `is_important`, `is_delivered`, `created_at`, `updated_at`) VALUES (174, 74, 74, 'Omnis adipisci aperiam nihil esse saepe. Similique sit voluptatem alias veniam eos. Aliquid numquam corporis alias assumenda. Nesciunt possimus molestiae laboriosam veritatis cumque cum voluptate. Distinctio consequuntur culpa exercitationem et.', 1, 0, '2016-06-23 07:08:10', '1985-12-18 17:57:36');
INSERT INTO `messages` (`id`, `from_user_id`, `to_user_id`, `body`, `is_important`, `is_delivered`, `created_at`, `updated_at`) VALUES (175, 75, 75, 'Aut ex repellat pariatur eum et repellat nobis. Porro aliquid dolores asperiores delectus quidem nobis ut asperiores. Nobis rerum eligendi maxime quia nemo enim.', 0, 1, '2007-05-11 14:31:03', '1989-02-05 01:44:34');
INSERT INTO `messages` (`id`, `from_user_id`, `to_user_id`, `body`, `is_important`, `is_delivered`, `created_at`, `updated_at`) VALUES (176, 76, 76, 'Odio voluptates alias facilis eligendi ab ut. Et eius officia nihil quo deleniti culpa nam.', 0, 0, '1976-12-26 07:07:12', '2009-03-07 19:53:06');
INSERT INTO `messages` (`id`, `from_user_id`, `to_user_id`, `body`, `is_important`, `is_delivered`, `created_at`, `updated_at`) VALUES (177, 77, 77, 'Tempore corrupti quas perspiciatis quod quae molestiae. Pariatur odio incidunt animi fugiat animi quis animi. Dignissimos debitis blanditiis nihil non. Cumque placeat delectus velit iusto et neque ducimus.', 0, 1, '1971-08-22 08:22:27', '1989-02-10 14:10:39');
INSERT INTO `messages` (`id`, `from_user_id`, `to_user_id`, `body`, `is_important`, `is_delivered`, `created_at`, `updated_at`) VALUES (178, 78, 78, 'Vel vel delectus quod eaque. Assumenda itaque ut aut ut vero illo. Ad consectetur ducimus est dicta laboriosam alias dicta dolorem.', 1, 0, '2013-10-22 12:41:06', '1979-06-06 03:27:46');
INSERT INTO `messages` (`id`, `from_user_id`, `to_user_id`, `body`, `is_important`, `is_delivered`, `created_at`, `updated_at`) VALUES (179, 79, 79, 'Dolore voluptatum reprehenderit blanditiis rerum. Aliquam cumque alias autem ut enim. Modi saepe ut quis est quis. Quasi blanditiis molestiae ipsam ducimus quia.', 1, 1, '1977-05-25 08:04:26', '2020-02-04 05:47:30');
INSERT INTO `messages` (`id`, `from_user_id`, `to_user_id`, `body`, `is_important`, `is_delivered`, `created_at`, `updated_at`) VALUES (180, 80, 80, 'Sint voluptate voluptates qui fugiat. Reiciendis sed doloribus odit maiores. Quis magni excepturi consequatur.', 0, 1, '2009-05-21 23:14:12', '2018-07-29 17:01:43');
INSERT INTO `messages` (`id`, `from_user_id`, `to_user_id`, `body`, `is_important`, `is_delivered`, `created_at`, `updated_at`) VALUES (181, 81, 81, 'Suscipit fugit minima ut officia reprehenderit nesciunt. Modi provident totam minima sapiente ducimus sed corporis sunt.', 1, 0, '2016-02-27 13:35:34', '2004-02-19 01:24:57');
INSERT INTO `messages` (`id`, `from_user_id`, `to_user_id`, `body`, `is_important`, `is_delivered`, `created_at`, `updated_at`) VALUES (182, 82, 82, 'Facilis ea qui delectus tempora voluptatem. Vel similique est at tenetur. Ipsam aut qui quo officia voluptate illum. Omnis ducimus alias sit aut architecto occaecati iusto.', 1, 0, '2000-12-18 02:29:28', '1992-06-24 05:02:07');
INSERT INTO `messages` (`id`, `from_user_id`, `to_user_id`, `body`, `is_important`, `is_delivered`, `created_at`, `updated_at`) VALUES (183, 83, 83, 'Autem ea placeat eos nostrum. Aut accusamus dolore aut autem assumenda voluptates. Occaecati ratione voluptatem quae vel distinctio illo.', 1, 0, '1981-08-11 18:47:18', '2001-10-08 05:51:13');
INSERT INTO `messages` (`id`, `from_user_id`, `to_user_id`, `body`, `is_important`, `is_delivered`, `created_at`, `updated_at`) VALUES (184, 84, 84, 'Enim ut quis quae error. Sit ex optio eaque iure reprehenderit et illum. Amet ratione temporibus minus sit. Exercitationem molestiae rem quia et qui repellendus.', 1, 1, '1999-04-26 18:00:56', '1971-08-10 06:46:07');
INSERT INTO `messages` (`id`, `from_user_id`, `to_user_id`, `body`, `is_important`, `is_delivered`, `created_at`, `updated_at`) VALUES (185, 85, 85, 'Recusandae autem vero incidunt doloribus consectetur velit. Eius qui est molestiae excepturi est officiis. Est facilis enim nisi voluptatum similique quia. Dolorem perspiciatis distinctio qui voluptates in. Aut cumque quisquam et in molestias optio numquam.', 1, 0, '2004-09-05 14:57:01', '1976-04-15 03:50:03');
INSERT INTO `messages` (`id`, `from_user_id`, `to_user_id`, `body`, `is_important`, `is_delivered`, `created_at`, `updated_at`) VALUES (186, 86, 86, 'Sint sed dolore qui consequuntur architecto aperiam doloribus. Est deleniti omnis natus. Unde doloribus dolores eaque.', 1, 0, '2004-02-06 06:19:24', '1991-07-11 23:36:43');
INSERT INTO `messages` (`id`, `from_user_id`, `to_user_id`, `body`, `is_important`, `is_delivered`, `created_at`, `updated_at`) VALUES (187, 87, 87, 'Velit rerum modi ad repellat. Veritatis illum et ab dolorum. Nostrum dicta facere eum qui.', 1, 1, '1996-02-20 12:13:40', '1999-06-11 05:22:12');
INSERT INTO `messages` (`id`, `from_user_id`, `to_user_id`, `body`, `is_important`, `is_delivered`, `created_at`, `updated_at`) VALUES (188, 88, 88, 'Quas consequatur magnam cum. Amet deleniti et et facilis. Tenetur et sit consequatur quaerat.', 1, 0, '2007-02-15 16:56:42', '1979-09-07 14:43:08');
INSERT INTO `messages` (`id`, `from_user_id`, `to_user_id`, `body`, `is_important`, `is_delivered`, `created_at`, `updated_at`) VALUES (189, 89, 89, 'Odio iusto sunt fugit voluptatem facere. Suscipit accusamus fugiat et ipsam. Et quis quis voluptatem modi impedit qui in.', 1, 0, '2006-05-19 01:41:07', '1987-04-04 16:35:28');
INSERT INTO `messages` (`id`, `from_user_id`, `to_user_id`, `body`, `is_important`, `is_delivered`, `created_at`, `updated_at`) VALUES (190, 90, 90, 'Modi sit vitae qui et. Sunt quia iure alias. Reprehenderit nulla non laborum vel.', 0, 1, '1972-05-12 21:25:02', '1992-05-03 02:40:29');
INSERT INTO `messages` (`id`, `from_user_id`, `to_user_id`, `body`, `is_important`, `is_delivered`, `created_at`, `updated_at`) VALUES (191, 91, 91, 'Aut laudantium et saepe autem molestias et. Consequatur sit aut rerum sunt aut enim repellendus. Eum facilis dolores non nam sint.', 1, 0, '1972-12-11 17:10:10', '1993-11-06 17:09:19');
INSERT INTO `messages` (`id`, `from_user_id`, `to_user_id`, `body`, `is_important`, `is_delivered`, `created_at`, `updated_at`) VALUES (192, 92, 92, 'Omnis voluptatem est distinctio ut aliquid molestias. Vel magni minus magnam totam. Omnis molestiae sint sint tenetur labore. Et animi ipsa itaque.', 0, 0, '1988-08-16 17:39:10', '1976-12-30 19:51:28');
INSERT INTO `messages` (`id`, `from_user_id`, `to_user_id`, `body`, `is_important`, `is_delivered`, `created_at`, `updated_at`) VALUES (193, 93, 93, 'Reiciendis id distinctio sit rerum ex. Fugit aut quas et in. Accusantium nisi magni assumenda et et totam ut eaque. Ad nesciunt qui eaque laborum veritatis. Fugit adipisci at beatae id consequatur hic consequuntur unde.', 0, 1, '2008-11-26 19:16:19', '1998-04-13 03:34:44');
INSERT INTO `messages` (`id`, `from_user_id`, `to_user_id`, `body`, `is_important`, `is_delivered`, `created_at`, `updated_at`) VALUES (194, 94, 94, 'Ut reprehenderit dolores beatae quia. Ipsa asperiores cumque vero placeat est et in. Voluptate fugiat inventore adipisci quos similique est.', 0, 0, '2013-07-05 15:32:46', '1978-02-22 22:32:37');
INSERT INTO `messages` (`id`, `from_user_id`, `to_user_id`, `body`, `is_important`, `is_delivered`, `created_at`, `updated_at`) VALUES (195, 95, 95, 'Veritatis dolorem sint quasi perferendis nesciunt eos. Recusandae illum eos culpa accusamus molestiae assumenda quod. Explicabo vel est eius ducimus et et placeat. Sed corporis praesentium excepturi sed in enim quia. Quibusdam neque debitis ea repellat recusandae est.', 1, 1, '1972-08-19 17:37:38', '2013-05-09 08:21:46');
INSERT INTO `messages` (`id`, `from_user_id`, `to_user_id`, `body`, `is_important`, `is_delivered`, `created_at`, `updated_at`) VALUES (196, 96, 96, 'Ducimus doloremque ea maiores. Ipsa voluptas asperiores distinctio sed est. Voluptatem non doloremque reprehenderit sit saepe sint.', 1, 1, '2002-06-11 19:14:17', '1994-08-07 02:54:39');
INSERT INTO `messages` (`id`, `from_user_id`, `to_user_id`, `body`, `is_important`, `is_delivered`, `created_at`, `updated_at`) VALUES (197, 97, 97, 'Et omnis placeat et quia debitis. Quo corporis atque ad quibusdam. Minus distinctio rem qui amet dignissimos distinctio.', 1, 1, '1983-11-28 22:12:14', '1999-01-01 12:09:55');
INSERT INTO `messages` (`id`, `from_user_id`, `to_user_id`, `body`, `is_important`, `is_delivered`, `created_at`, `updated_at`) VALUES (198, 98, 98, 'Qui tempore laborum maiores reprehenderit molestiae aut hic. Veritatis possimus est ut. Et consequatur sapiente sit laudantium eum et. Debitis omnis totam tempore molestiae.', 0, 1, '1991-03-25 15:43:43', '1999-02-27 18:34:27');
INSERT INTO `messages` (`id`, `from_user_id`, `to_user_id`, `body`, `is_important`, `is_delivered`, `created_at`, `updated_at`) VALUES (199, 99, 99, 'Et quam nihil inventore voluptas. Veniam itaque blanditiis fugiat rerum porro ab facilis. In fugit voluptatem quo minus totam nulla ex.', 0, 1, '2015-04-20 13:31:32', '2011-08-05 11:17:28');
INSERT INTO `messages` (`id`, `from_user_id`, `to_user_id`, `body`, `is_important`, `is_delivered`, `created_at`, `updated_at`) VALUES (200, 100, 100, 'Aliquid dolorem beatae quia aperiam reiciendis laboriosam et. Culpa deleniti ducimus mollitia aut blanditiis. Itaque culpa dolorem enim in vel incidunt.', 0, 0, '1990-04-17 00:59:38', '1993-02-13 21:48:32');
INSERT INTO `messages` (`id`, `from_user_id`, `to_user_id`, `body`, `is_important`, `is_delivered`, `created_at`, `updated_at`) VALUES (201, 1, 1, 'Similique omnis et cupiditate labore necessitatibus. Eveniet dolor maxime est ipsam enim. Recusandae assumenda rerum a quia. Et sequi sit et officiis ea sapiente quod.', 0, 0, '1973-05-05 12:26:32', '2014-06-22 21:53:17');
INSERT INTO `messages` (`id`, `from_user_id`, `to_user_id`, `body`, `is_important`, `is_delivered`, `created_at`, `updated_at`) VALUES (202, 2, 2, 'Sit quis voluptas maiores quia. Quis vitae sed ullam hic autem ut numquam. Eum dolores in et quasi debitis quisquam repellat expedita. Ut qui voluptatem cum culpa molestiae eius eum.', 0, 0, '1993-08-03 21:48:40', '1991-07-05 17:43:21');
INSERT INTO `messages` (`id`, `from_user_id`, `to_user_id`, `body`, `is_important`, `is_delivered`, `created_at`, `updated_at`) VALUES (203, 3, 3, 'Voluptatem deleniti deleniti omnis reprehenderit ea. Qui asperiores consequatur quia animi. Qui voluptatem totam repudiandae sint commodi. Quo voluptatem sit id ea.', 1, 0, '2006-06-01 13:07:27', '1980-02-18 09:48:50');
INSERT INTO `messages` (`id`, `from_user_id`, `to_user_id`, `body`, `is_important`, `is_delivered`, `created_at`, `updated_at`) VALUES (204, 4, 4, 'Exercitationem ipsa quisquam voluptates. Exercitationem beatae animi necessitatibus. Id qui mollitia ducimus ratione amet.', 0, 1, '1974-05-06 01:39:56', '1999-04-08 10:24:59');
INSERT INTO `messages` (`id`, `from_user_id`, `to_user_id`, `body`, `is_important`, `is_delivered`, `created_at`, `updated_at`) VALUES (205, 5, 5, 'Et qui impedit nisi et. Voluptas eum sint aut odio hic optio. Voluptatem quia optio expedita quas et.', 1, 1, '1985-03-20 15:11:58', '1999-09-06 12:46:35');
INSERT INTO `messages` (`id`, `from_user_id`, `to_user_id`, `body`, `is_important`, `is_delivered`, `created_at`, `updated_at`) VALUES (206, 6, 6, 'Tenetur fuga distinctio facere soluta porro sed consequuntur est. Suscipit atque corporis sint iure dolores et. Impedit in est corrupti est.', 0, 0, '2013-12-27 09:52:08', '1979-11-27 04:22:05');
INSERT INTO `messages` (`id`, `from_user_id`, `to_user_id`, `body`, `is_important`, `is_delivered`, `created_at`, `updated_at`) VALUES (207, 7, 7, 'Delectus pariatur non aliquid sed qui. Eum et ut libero consequatur et voluptates odit debitis. Suscipit voluptas facilis reiciendis laboriosam aut molestiae. Id porro voluptate ut id consectetur.', 0, 1, '2000-09-24 16:22:35', '2001-09-28 11:31:55');
INSERT INTO `messages` (`id`, `from_user_id`, `to_user_id`, `body`, `is_important`, `is_delivered`, `created_at`, `updated_at`) VALUES (208, 8, 8, 'Aliquam ut placeat dolores et sequi ullam. Consectetur sed voluptate asperiores. Nihil nemo omnis dolorem et. Adipisci exercitationem assumenda nostrum hic incidunt.', 1, 0, '1979-12-01 16:45:27', '2001-09-07 03:27:41');
INSERT INTO `messages` (`id`, `from_user_id`, `to_user_id`, `body`, `is_important`, `is_delivered`, `created_at`, `updated_at`) VALUES (209, 9, 9, 'Itaque tenetur soluta eius expedita vel autem sit. Laborum sed eum magnam.', 0, 0, '1970-08-17 12:06:57', '1986-10-29 05:59:45');
INSERT INTO `messages` (`id`, `from_user_id`, `to_user_id`, `body`, `is_important`, `is_delivered`, `created_at`, `updated_at`) VALUES (210, 10, 10, 'Qui suscipit eius aut minima praesentium voluptatibus quis. Ut incidunt ut molestiae dignissimos sapiente voluptates. Quasi sint repellat voluptatem accusamus eos.', 1, 0, '1973-01-04 18:51:13', '1976-12-23 11:38:10');
INSERT INTO `messages` (`id`, `from_user_id`, `to_user_id`, `body`, `is_important`, `is_delivered`, `created_at`, `updated_at`) VALUES (211, 11, 11, 'Dicta perferendis est at soluta sapiente velit repellendus. Omnis dolores dolorem iste totam sunt commodi. Error repellat omnis ullam aperiam voluptatibus. Architecto voluptas in dicta facere tenetur ipsum voluptatibus.', 1, 1, '2008-09-08 06:10:13', '1982-10-25 02:57:46');
INSERT INTO `messages` (`id`, `from_user_id`, `to_user_id`, `body`, `is_important`, `is_delivered`, `created_at`, `updated_at`) VALUES (212, 12, 12, 'Sint id sint nihil ut neque. Ducimus in dolorum hic atque quis quia soluta. Consequuntur aspernatur laudantium et sit eum esse esse.', 1, 0, '1986-01-11 09:33:05', '2004-04-25 22:18:47');
INSERT INTO `messages` (`id`, `from_user_id`, `to_user_id`, `body`, `is_important`, `is_delivered`, `created_at`, `updated_at`) VALUES (213, 13, 13, 'Qui enim quod sequi corrupti id. Ullam voluptatem enim impedit exercitationem. Maiores adipisci officia eos velit ut. Et est est excepturi. Consectetur sit optio doloribus aut cupiditate ea.', 0, 0, '1980-01-31 06:41:48', '1979-01-05 13:19:21');
INSERT INTO `messages` (`id`, `from_user_id`, `to_user_id`, `body`, `is_important`, `is_delivered`, `created_at`, `updated_at`) VALUES (214, 14, 14, 'Velit sit voluptatem exercitationem nihil id at autem non. Nesciunt architecto eum sequi eum excepturi rerum quod ad. Sed consectetur debitis sit voluptas.', 0, 0, '1972-12-27 07:53:02', '2005-06-25 15:57:55');
INSERT INTO `messages` (`id`, `from_user_id`, `to_user_id`, `body`, `is_important`, `is_delivered`, `created_at`, `updated_at`) VALUES (215, 15, 15, 'Sunt et quia voluptatibus magni veniam sapiente ut. Sint quis aut odio repudiandae minus voluptatem. Corrupti qui suscipit suscipit aspernatur deserunt ratione. Ex exercitationem ut tenetur est.', 1, 0, '2018-06-09 13:28:53', '1979-07-07 02:43:26');
INSERT INTO `messages` (`id`, `from_user_id`, `to_user_id`, `body`, `is_important`, `is_delivered`, `created_at`, `updated_at`) VALUES (216, 16, 16, 'Similique debitis nostrum est molestiae minus velit. Ex officiis nam necessitatibus odit et ratione occaecati ut. Labore omnis explicabo incidunt rerum. Aperiam deleniti et a aut velit deleniti qui.', 1, 1, '2021-02-08 19:47:21', '2020-10-08 21:03:22');
INSERT INTO `messages` (`id`, `from_user_id`, `to_user_id`, `body`, `is_important`, `is_delivered`, `created_at`, `updated_at`) VALUES (217, 17, 17, 'Doloribus odio distinctio quae recusandae fuga in. Aperiam ipsum ut nemo qui nostrum nostrum vero.', 1, 0, '1978-11-23 01:25:27', '2015-08-27 06:36:02');
INSERT INTO `messages` (`id`, `from_user_id`, `to_user_id`, `body`, `is_important`, `is_delivered`, `created_at`, `updated_at`) VALUES (218, 18, 18, 'Modi incidunt architecto occaecati aut provident sint voluptate ex. Nihil quae aliquam explicabo vitae harum minus dignissimos. Non atque aliquid maiores. Voluptas perferendis quia earum voluptates quaerat eum sit. At ut sequi eius dolorem.', 1, 0, '1995-12-10 17:02:06', '2006-12-20 11:11:33');
INSERT INTO `messages` (`id`, `from_user_id`, `to_user_id`, `body`, `is_important`, `is_delivered`, `created_at`, `updated_at`) VALUES (219, 19, 19, 'Maiores consequatur dolore repellendus optio eum rerum. In quis in quis nisi. Unde voluptatem voluptatem distinctio alias deserunt eveniet sapiente.', 1, 1, '2002-05-11 02:07:24', '2000-05-24 22:44:22');
INSERT INTO `messages` (`id`, `from_user_id`, `to_user_id`, `body`, `is_important`, `is_delivered`, `created_at`, `updated_at`) VALUES (220, 20, 20, 'Culpa sed id dolor non. Inventore dignissimos quae voluptatem commodi aliquam odio nihil. Iusto error dignissimos provident maxime.', 1, 1, '2013-07-26 12:00:30', '1996-12-04 21:17:49');
INSERT INTO `messages` (`id`, `from_user_id`, `to_user_id`, `body`, `is_important`, `is_delivered`, `created_at`, `updated_at`) VALUES (221, 21, 21, 'Molestiae nesciunt consequatur aliquam voluptas. Corporis eos velit cumque ut aut pariatur qui. Iusto eligendi qui soluta ut tempora. Tempore excepturi rem mollitia illum.', 1, 1, '2019-05-21 14:56:28', '2000-03-01 10:59:45');
INSERT INTO `messages` (`id`, `from_user_id`, `to_user_id`, `body`, `is_important`, `is_delivered`, `created_at`, `updated_at`) VALUES (222, 22, 22, 'Est adipisci iure et eos eum possimus. Aspernatur totam ut molestias in perferendis vero. Rerum perspiciatis laborum sed porro. Voluptatum et non velit enim dolorem.', 0, 0, '1973-06-26 08:55:08', '1998-10-06 17:29:16');
INSERT INTO `messages` (`id`, `from_user_id`, `to_user_id`, `body`, `is_important`, `is_delivered`, `created_at`, `updated_at`) VALUES (223, 23, 23, 'Cumque ipsa quod quo ipsa voluptatem. Nisi rerum quam qui vel. Deleniti et ut facere ex quia assumenda. Explicabo minus beatae beatae totam soluta hic. Ex hic adipisci numquam.', 1, 1, '2003-12-06 17:13:43', '2013-08-28 02:30:03');
INSERT INTO `messages` (`id`, `from_user_id`, `to_user_id`, `body`, `is_important`, `is_delivered`, `created_at`, `updated_at`) VALUES (224, 24, 24, 'Rerum explicabo qui aperiam ullam veritatis. Cum expedita sint et nam nam aut facilis. Velit est aperiam corrupti unde similique et sint. Architecto et aut amet rerum laboriosam.', 1, 1, '1999-04-21 05:49:44', '1971-01-14 18:37:07');
INSERT INTO `messages` (`id`, `from_user_id`, `to_user_id`, `body`, `is_important`, `is_delivered`, `created_at`, `updated_at`) VALUES (225, 25, 25, 'Voluptatibus ut beatae ut dolores velit est dolor. Atque expedita et dolores nostrum officiis dolorum. Qui hic a inventore in. Incidunt rerum distinctio illo delectus accusamus.', 0, 0, '1997-07-08 20:29:19', '1995-12-30 07:54:56');
INSERT INTO `messages` (`id`, `from_user_id`, `to_user_id`, `body`, `is_important`, `is_delivered`, `created_at`, `updated_at`) VALUES (226, 26, 26, 'Eum nulla occaecati facilis nobis delectus non esse. Necessitatibus eveniet quae atque at atque consequuntur.', 1, 1, '1995-07-23 15:05:16', '1972-04-24 09:21:24');
INSERT INTO `messages` (`id`, `from_user_id`, `to_user_id`, `body`, `is_important`, `is_delivered`, `created_at`, `updated_at`) VALUES (227, 27, 27, 'Quod nisi repellat est minima molestias. Placeat quidem dicta neque. Ducimus harum possimus architecto exercitationem id.', 1, 0, '2007-11-15 03:17:28', '1998-07-30 23:41:54');
INSERT INTO `messages` (`id`, `from_user_id`, `to_user_id`, `body`, `is_important`, `is_delivered`, `created_at`, `updated_at`) VALUES (228, 28, 28, 'Commodi perferendis non quasi. Fuga iusto nobis est velit harum qui. Rerum aliquam aperiam ea quod est qui eligendi pariatur. Qui quia non blanditiis aut sit magnam est impedit. Culpa vitae natus quia exercitationem ut.', 1, 1, '1976-03-30 14:43:58', '1984-08-23 06:19:09');
INSERT INTO `messages` (`id`, `from_user_id`, `to_user_id`, `body`, `is_important`, `is_delivered`, `created_at`, `updated_at`) VALUES (229, 29, 29, 'Et accusamus possimus laboriosam non id laborum. Excepturi eaque animi est alias pariatur. Minima veritatis sit nobis id.', 0, 1, '2011-03-07 15:58:17', '2003-09-04 13:17:57');
INSERT INTO `messages` (`id`, `from_user_id`, `to_user_id`, `body`, `is_important`, `is_delivered`, `created_at`, `updated_at`) VALUES (230, 30, 30, 'Et est exercitationem ratione voluptatibus fugit odio ullam est. Rerum pariatur et repellat aut. Consequatur et molestias blanditiis ea fugit natus consequatur consequatur. Earum harum veritatis similique rerum.', 1, 1, '1980-09-17 06:21:30', '2001-07-30 21:29:24');
INSERT INTO `messages` (`id`, `from_user_id`, `to_user_id`, `body`, `is_important`, `is_delivered`, `created_at`, `updated_at`) VALUES (231, 31, 31, 'Consequatur perspiciatis reiciendis consequatur est perspiciatis sint. Aut voluptates quo non in quaerat exercitationem veritatis ipsa. Dolorem ratione sit aperiam ducimus. Vel ea voluptatem error nihil nostrum molestiae.', 1, 1, '2018-12-15 14:20:16', '1993-12-29 16:51:35');
INSERT INTO `messages` (`id`, `from_user_id`, `to_user_id`, `body`, `is_important`, `is_delivered`, `created_at`, `updated_at`) VALUES (232, 32, 32, 'Iusto consectetur et nostrum sunt non. Itaque qui et quod libero expedita. Nostrum et ut voluptates eveniet illum. Laboriosam molestiae voluptas vel at at aperiam maiores at. Incidunt voluptatum et sunt sapiente eius.', 0, 1, '2002-12-27 18:10:13', '1998-12-11 19:45:00');
INSERT INTO `messages` (`id`, `from_user_id`, `to_user_id`, `body`, `is_important`, `is_delivered`, `created_at`, `updated_at`) VALUES (233, 33, 33, 'Numquam dolores consequatur iure voluptatem totam aperiam occaecati quia. Facilis aut libero magnam facilis rerum cupiditate. Ut libero molestias dolore beatae voluptas. Et occaecati neque ab necessitatibus quis explicabo.', 1, 0, '1977-03-08 19:38:52', '1972-05-22 17:21:05');
INSERT INTO `messages` (`id`, `from_user_id`, `to_user_id`, `body`, `is_important`, `is_delivered`, `created_at`, `updated_at`) VALUES (234, 34, 34, 'Unde sit enim hic explicabo. Unde placeat omnis consequatur cum delectus quis explicabo. Accusamus voluptatum fuga at rerum aut officia. Id quis nemo magni accusamus asperiores totam.', 0, 1, '2016-01-03 09:53:30', '1998-10-04 10:49:11');
INSERT INTO `messages` (`id`, `from_user_id`, `to_user_id`, `body`, `is_important`, `is_delivered`, `created_at`, `updated_at`) VALUES (235, 35, 35, 'Quis doloribus eos et. Eos ullam sed labore in error ut. Iste voluptate iusto iste sit repellat quam nesciunt cupiditate. Vel ut quae molestias commodi qui et in quidem.', 1, 1, '2014-09-26 15:30:48', '1970-01-08 21:40:51');
INSERT INTO `messages` (`id`, `from_user_id`, `to_user_id`, `body`, `is_important`, `is_delivered`, `created_at`, `updated_at`) VALUES (236, 36, 36, 'Cum qui voluptatem quo. Doloribus culpa et corrupti possimus asperiores tenetur. Placeat dolores quia dignissimos magni. Inventore consequatur accusantium eos quam.', 0, 0, '2019-08-24 00:49:16', '1983-06-11 14:54:36');
INSERT INTO `messages` (`id`, `from_user_id`, `to_user_id`, `body`, `is_important`, `is_delivered`, `created_at`, `updated_at`) VALUES (237, 37, 37, 'Quo eius excepturi quo et in deserunt nesciunt. Eaque repudiandae ullam quibusdam fugit. Perspiciatis qui ut et. Sed sit aut vel quae voluptatem eos esse.', 1, 1, '2003-08-28 06:24:15', '1997-07-13 09:24:53');
INSERT INTO `messages` (`id`, `from_user_id`, `to_user_id`, `body`, `is_important`, `is_delivered`, `created_at`, `updated_at`) VALUES (238, 38, 38, 'Ipsa nihil dolores enim saepe fuga optio dolorem ratione. Aut impedit soluta voluptatem sit animi ratione et.', 1, 0, '1984-01-14 08:22:36', '1971-03-28 11:19:15');
INSERT INTO `messages` (`id`, `from_user_id`, `to_user_id`, `body`, `is_important`, `is_delivered`, `created_at`, `updated_at`) VALUES (239, 39, 39, 'Dolores illum occaecati laborum voluptas labore in dolores. Optio et et sit eos fugit cum. Quo dolor repellat ratione magnam ducimus et.', 1, 1, '1982-08-21 16:14:38', '1970-12-25 02:21:17');
INSERT INTO `messages` (`id`, `from_user_id`, `to_user_id`, `body`, `is_important`, `is_delivered`, `created_at`, `updated_at`) VALUES (240, 40, 40, 'Voluptatum suscipit ea alias reiciendis impedit deserunt sit. Aut voluptates quidem eum repellendus. Totam consequatur laudantium magnam ut et.', 1, 1, '1977-04-19 02:28:53', '2017-03-01 16:23:40');
INSERT INTO `messages` (`id`, `from_user_id`, `to_user_id`, `body`, `is_important`, `is_delivered`, `created_at`, `updated_at`) VALUES (241, 41, 41, 'Iste fuga labore recusandae soluta saepe quidem. Temporibus officia autem molestiae aliquam et. Earum quo in nesciunt quae voluptatem ut nostrum ea. Blanditiis molestiae dolorem aperiam nam.', 1, 1, '2011-03-24 13:24:01', '1983-08-14 06:26:42');
INSERT INTO `messages` (`id`, `from_user_id`, `to_user_id`, `body`, `is_important`, `is_delivered`, `created_at`, `updated_at`) VALUES (242, 42, 42, 'Nam fugiat atque expedita voluptas vero vero. Optio quae voluptatem temporibus et. Incidunt culpa quia officiis et dolores.', 1, 0, '1993-03-15 16:41:06', '1982-08-12 02:31:32');
INSERT INTO `messages` (`id`, `from_user_id`, `to_user_id`, `body`, `is_important`, `is_delivered`, `created_at`, `updated_at`) VALUES (243, 43, 43, 'Id explicabo accusantium iure dicta dolores quia et magnam. Accusantium nihil quos omnis ullam odit earum. Hic quos reprehenderit autem adipisci totam blanditiis ipsam.', 1, 0, '2020-08-12 05:33:49', '1971-01-18 23:42:45');
INSERT INTO `messages` (`id`, `from_user_id`, `to_user_id`, `body`, `is_important`, `is_delivered`, `created_at`, `updated_at`) VALUES (244, 44, 44, 'Ut quia ea hic enim reiciendis aut tenetur. Aut magni molestiae occaecati soluta. Culpa voluptatibus voluptatibus ipsum quod. Non nemo id aut nisi natus.', 1, 0, '1994-03-24 03:36:38', '2018-02-01 06:09:32');
INSERT INTO `messages` (`id`, `from_user_id`, `to_user_id`, `body`, `is_important`, `is_delivered`, `created_at`, `updated_at`) VALUES (245, 45, 45, 'Omnis sint vitae ab eligendi dolorem aspernatur eveniet earum. Voluptatem ut voluptatibus distinctio animi quis. Et molestiae sint et est facilis et nihil. Assumenda corrupti aut quasi fuga dignissimos necessitatibus ea.', 0, 0, '2009-09-22 17:43:14', '1976-10-02 20:44:21');
INSERT INTO `messages` (`id`, `from_user_id`, `to_user_id`, `body`, `is_important`, `is_delivered`, `created_at`, `updated_at`) VALUES (246, 46, 46, 'Esse quia veritatis qui et corrupti. Voluptatem quod cumque est et enim asperiores. Voluptatum est dolores perspiciatis sapiente.', 1, 1, '2020-04-21 00:30:05', '1975-03-27 16:08:37');
INSERT INTO `messages` (`id`, `from_user_id`, `to_user_id`, `body`, `is_important`, `is_delivered`, `created_at`, `updated_at`) VALUES (247, 47, 47, 'Officiis iste dicta amet veritatis. Quasi neque minima maiores repudiandae. Sit omnis dolorem ratione quos rerum fugit.', 0, 1, '2008-05-19 17:36:40', '1987-04-24 13:52:58');
INSERT INTO `messages` (`id`, `from_user_id`, `to_user_id`, `body`, `is_important`, `is_delivered`, `created_at`, `updated_at`) VALUES (248, 48, 48, 'Earum odio fugiat aspernatur tempora voluptatem vel. Esse fuga quaerat eligendi deserunt voluptatem porro. Ullam quia modi illum exercitationem et. Inventore quo harum dolorem ea.', 0, 0, '1976-02-10 00:38:34', '1977-10-23 01:16:04');
INSERT INTO `messages` (`id`, `from_user_id`, `to_user_id`, `body`, `is_important`, `is_delivered`, `created_at`, `updated_at`) VALUES (249, 49, 49, 'At soluta molestiae quasi aspernatur. Quos tempora quas omnis suscipit possimus consequuntur sed. Aspernatur nulla voluptatum eius perspiciatis. Incidunt aut impedit perspiciatis qui nulla.', 1, 1, '2005-02-05 18:45:53', '1970-07-08 10:53:20');
INSERT INTO `messages` (`id`, `from_user_id`, `to_user_id`, `body`, `is_important`, `is_delivered`, `created_at`, `updated_at`) VALUES (250, 50, 50, 'Et officiis debitis cum repudiandae facere esse. Rerum soluta nisi voluptate omnis optio. Quas maiores quas dolor minima. Consequatur enim culpa ut.', 0, 0, '1974-08-04 05:30:26', '1982-09-14 03:41:52');
INSERT INTO `messages` (`id`, `from_user_id`, `to_user_id`, `body`, `is_important`, `is_delivered`, `created_at`, `updated_at`) VALUES (251, 51, 51, 'Quia repellat ut voluptas. Iure quisquam quam voluptates incidunt nihil aliquam aliquam. Aut nobis id non qui dolore. Quia sit perspiciatis est nam aut.', 1, 1, '2012-02-01 19:55:17', '2019-02-16 18:09:42');
INSERT INTO `messages` (`id`, `from_user_id`, `to_user_id`, `body`, `is_important`, `is_delivered`, `created_at`, `updated_at`) VALUES (252, 52, 52, 'Dignissimos reiciendis voluptatem sunt voluptas et mollitia. Sit officiis eos eos suscipit. Quos nostrum culpa non accusantium aut omnis.', 1, 0, '1981-01-02 15:58:38', '1974-01-02 00:17:52');
INSERT INTO `messages` (`id`, `from_user_id`, `to_user_id`, `body`, `is_important`, `is_delivered`, `created_at`, `updated_at`) VALUES (253, 53, 53, 'Neque nihil consequuntur eos hic. Consequuntur est minima reprehenderit voluptatem corporis. Explicabo enim accusamus aut at et consequatur. Quo officiis voluptas id tenetur doloribus illum.', 1, 1, '1990-02-19 00:07:09', '1975-08-04 05:45:29');
INSERT INTO `messages` (`id`, `from_user_id`, `to_user_id`, `body`, `is_important`, `is_delivered`, `created_at`, `updated_at`) VALUES (254, 54, 54, 'Facilis ea vitae architecto non perferendis ad. Quaerat aut beatae blanditiis et. Sint iure iusto voluptas id. Rerum atque necessitatibus et quia magnam neque.', 1, 1, '1971-06-15 22:33:20', '1974-05-12 15:20:34');
INSERT INTO `messages` (`id`, `from_user_id`, `to_user_id`, `body`, `is_important`, `is_delivered`, `created_at`, `updated_at`) VALUES (255, 55, 55, 'Consequatur ipsam consectetur aspernatur adipisci dolores reprehenderit molestiae temporibus. Quo dolorum animi cupiditate et laborum qui.', 0, 0, '2015-03-22 21:53:51', '2012-08-10 04:46:36');
INSERT INTO `messages` (`id`, `from_user_id`, `to_user_id`, `body`, `is_important`, `is_delivered`, `created_at`, `updated_at`) VALUES (256, 56, 56, 'Pariatur velit voluptas vel quasi eius unde. Consequatur rerum harum voluptas laborum beatae. Tempora quam reiciendis voluptatem suscipit voluptas. Fugit ut beatae enim dicta.', 0, 0, '2016-03-28 11:16:16', '2014-08-12 19:55:28');
INSERT INTO `messages` (`id`, `from_user_id`, `to_user_id`, `body`, `is_important`, `is_delivered`, `created_at`, `updated_at`) VALUES (257, 57, 57, 'Quae officia quod et et porro eaque. Aut exercitationem quaerat adipisci corporis quis distinctio. Assumenda explicabo enim voluptatum.', 1, 0, '1973-03-05 17:06:01', '1982-12-16 08:22:17');
INSERT INTO `messages` (`id`, `from_user_id`, `to_user_id`, `body`, `is_important`, `is_delivered`, `created_at`, `updated_at`) VALUES (258, 58, 58, 'Alias eum molestiae magnam ea ratione. Quo debitis provident et consequuntur nisi sapiente. Id dolor est est accusamus velit.', 0, 0, '1997-11-19 05:03:15', '2000-09-15 06:07:41');
INSERT INTO `messages` (`id`, `from_user_id`, `to_user_id`, `body`, `is_important`, `is_delivered`, `created_at`, `updated_at`) VALUES (259, 59, 59, 'Minima consequatur eaque quidem tenetur enim doloremque libero. Nam et et fuga hic. Minima et exercitationem possimus dolore at. Impedit vel placeat praesentium eos a.', 0, 0, '1987-11-16 17:12:02', '2018-01-03 20:43:36');
INSERT INTO `messages` (`id`, `from_user_id`, `to_user_id`, `body`, `is_important`, `is_delivered`, `created_at`, `updated_at`) VALUES (260, 60, 60, 'Quo ut minus aliquam exercitationem. Excepturi expedita aliquam sed dolorem adipisci sapiente. Harum cumque quo nostrum itaque est nihil voluptas. Qui voluptatem vel quasi laudantium eos modi dolore.', 0, 0, '1981-07-11 18:56:57', '1994-08-19 10:13:12');
INSERT INTO `messages` (`id`, `from_user_id`, `to_user_id`, `body`, `is_important`, `is_delivered`, `created_at`, `updated_at`) VALUES (261, 61, 61, 'Veritatis velit eum dolor quod facilis aut quibusdam eum. Dolore et veniam autem et est. Atque sit aut dignissimos est qui hic laborum.', 0, 1, '2004-03-29 05:02:53', '1971-10-03 19:55:13');
INSERT INTO `messages` (`id`, `from_user_id`, `to_user_id`, `body`, `is_important`, `is_delivered`, `created_at`, `updated_at`) VALUES (262, 62, 62, 'Voluptatem autem et eos eligendi sed. Earum debitis mollitia impedit nesciunt. Omnis iste fuga consequuntur voluptatum. Similique tempore veritatis placeat aspernatur et et velit.', 1, 0, '1977-12-17 04:24:08', '1989-03-26 08:56:26');
INSERT INTO `messages` (`id`, `from_user_id`, `to_user_id`, `body`, `is_important`, `is_delivered`, `created_at`, `updated_at`) VALUES (263, 63, 63, 'Animi occaecati nesciunt laborum quia. Voluptatem non eveniet aliquam consequatur. Ut repellat laudantium vero iusto accusamus ut ratione. Quia mollitia excepturi incidunt modi ex distinctio.', 0, 1, '1985-02-21 05:19:02', '1972-09-04 01:14:24');
INSERT INTO `messages` (`id`, `from_user_id`, `to_user_id`, `body`, `is_important`, `is_delivered`, `created_at`, `updated_at`) VALUES (264, 64, 64, 'Enim voluptates nesciunt molestiae sapiente molestiae commodi. Sit placeat et at excepturi. Laborum ut enim amet autem consequatur sequi.', 0, 1, '1987-12-26 09:22:18', '1991-12-01 05:43:55');
INSERT INTO `messages` (`id`, `from_user_id`, `to_user_id`, `body`, `is_important`, `is_delivered`, `created_at`, `updated_at`) VALUES (265, 65, 65, 'Enim natus maiores culpa explicabo et rerum. Perspiciatis quis placeat eius et optio. Natus accusamus ab beatae maiores at id id. Officia dolore occaecati non iste unde aperiam consequatur.', 0, 0, '1987-04-13 03:44:38', '1978-07-02 10:03:09');
INSERT INTO `messages` (`id`, `from_user_id`, `to_user_id`, `body`, `is_important`, `is_delivered`, `created_at`, `updated_at`) VALUES (266, 66, 66, 'Suscipit possimus ut placeat et ex magnam. Assumenda harum dolorem perferendis voluptatum. Nobis id repudiandae perspiciatis quaerat officia dolor.', 1, 0, '2003-09-30 22:25:24', '1988-08-17 20:35:01');
INSERT INTO `messages` (`id`, `from_user_id`, `to_user_id`, `body`, `is_important`, `is_delivered`, `created_at`, `updated_at`) VALUES (267, 67, 67, 'Eius non eaque cum incidunt repellat. Numquam fugit deleniti incidunt numquam. Commodi nemo corrupti minima in repellat consequuntur sint.', 1, 0, '1984-04-15 21:51:01', '1993-08-25 02:17:19');
INSERT INTO `messages` (`id`, `from_user_id`, `to_user_id`, `body`, `is_important`, `is_delivered`, `created_at`, `updated_at`) VALUES (268, 68, 68, 'Asperiores quis et rerum ea non iste debitis. Incidunt eum est est cupiditate magnam ut et vel. Qui est rerum et aut. Quaerat quia rerum quia in molestias.', 1, 0, '2004-07-26 19:00:35', '1987-06-18 22:22:11');
INSERT INTO `messages` (`id`, `from_user_id`, `to_user_id`, `body`, `is_important`, `is_delivered`, `created_at`, `updated_at`) VALUES (269, 69, 69, 'Voluptas sed provident tempora unde occaecati nostrum. Necessitatibus iste aliquid voluptatibus exercitationem voluptatem quia blanditiis. Molestiae iste aut ut atque excepturi.', 1, 0, '2011-09-24 07:12:08', '2001-08-29 06:59:17');
INSERT INTO `messages` (`id`, `from_user_id`, `to_user_id`, `body`, `is_important`, `is_delivered`, `created_at`, `updated_at`) VALUES (270, 70, 70, 'Eum quia est cum quod vel debitis. Iusto id architecto repellat similique dolor. Aut distinctio necessitatibus repellendus iure illum sint. Reiciendis iure accusamus libero et reprehenderit.', 0, 0, '2003-10-20 06:05:37', '2006-08-14 09:11:33');
INSERT INTO `messages` (`id`, `from_user_id`, `to_user_id`, `body`, `is_important`, `is_delivered`, `created_at`, `updated_at`) VALUES (271, 71, 71, 'Et qui ipsum reprehenderit omnis. Nulla repellendus autem et officiis expedita autem ipsa. Ut et excepturi sint natus ut molestiae nihil illum.', 1, 1, '2008-11-25 05:30:25', '1975-01-28 20:20:32');
INSERT INTO `messages` (`id`, `from_user_id`, `to_user_id`, `body`, `is_important`, `is_delivered`, `created_at`, `updated_at`) VALUES (272, 72, 72, 'Iusto rem aut quos amet voluptate alias voluptatem. Et est in voluptatem ipsa tenetur. Aut molestiae distinctio aut qui et. Harum dignissimos sed commodi non.', 0, 1, '1997-01-17 09:36:53', '1972-12-25 02:29:12');
INSERT INTO `messages` (`id`, `from_user_id`, `to_user_id`, `body`, `is_important`, `is_delivered`, `created_at`, `updated_at`) VALUES (273, 73, 73, 'Facilis voluptate ipsa sequi pariatur aperiam. Voluptatem qui qui ducimus exercitationem. Magnam sed temporibus praesentium. Sit non amet esse eius vel enim.', 0, 1, '2000-02-12 07:16:50', '2000-07-10 01:29:48');
INSERT INTO `messages` (`id`, `from_user_id`, `to_user_id`, `body`, `is_important`, `is_delivered`, `created_at`, `updated_at`) VALUES (274, 74, 74, 'Omnis aut labore aut magnam soluta et aut. Id perferendis veniam dicta sed et.', 1, 0, '2000-03-22 00:35:12', '1998-10-20 12:13:53');
INSERT INTO `messages` (`id`, `from_user_id`, `to_user_id`, `body`, `is_important`, `is_delivered`, `created_at`, `updated_at`) VALUES (275, 75, 75, 'Fuga labore aliquam est sint veniam. Odit numquam aut velit sit quia laudantium ea accusamus. Ullam voluptates provident nihil commodi.', 0, 0, '2019-01-29 03:12:29', '2000-06-16 05:20:12');
INSERT INTO `messages` (`id`, `from_user_id`, `to_user_id`, `body`, `is_important`, `is_delivered`, `created_at`, `updated_at`) VALUES (276, 76, 76, 'Ipsam et labore earum aliquam quas tempore sit. Impedit voluptatem laudantium fuga tempora at ut non. Architecto nisi est eos. Repudiandae omnis ut et sapiente deleniti est.', 1, 1, '1992-01-13 17:10:14', '1975-07-21 04:29:09');
INSERT INTO `messages` (`id`, `from_user_id`, `to_user_id`, `body`, `is_important`, `is_delivered`, `created_at`, `updated_at`) VALUES (277, 77, 77, 'Velit aut reprehenderit sit vero quaerat blanditiis vel. Occaecati velit magni sit corrupti.', 0, 0, '2006-08-29 04:51:35', '2001-01-03 07:07:28');
INSERT INTO `messages` (`id`, `from_user_id`, `to_user_id`, `body`, `is_important`, `is_delivered`, `created_at`, `updated_at`) VALUES (278, 78, 78, 'Magni saepe omnis omnis omnis quod alias voluptatem. Vel ullam ratione suscipit optio animi. Omnis maxime perferendis quidem eos blanditiis dolores minima magnam. Quae fugit ut quod maiores facere itaque.', 1, 0, '2007-10-04 16:48:00', '1984-05-30 05:39:26');
INSERT INTO `messages` (`id`, `from_user_id`, `to_user_id`, `body`, `is_important`, `is_delivered`, `created_at`, `updated_at`) VALUES (279, 79, 79, 'Quam voluptates quisquam et beatae nostrum. Molestias velit quo assumenda quasi in voluptatibus porro velit. Ducimus et perferendis delectus et ea reprehenderit ut. Fugiat repellat quaerat dolore assumenda est aut eum fugiat.', 0, 1, '2007-02-03 21:16:05', '2020-02-18 04:21:42');
INSERT INTO `messages` (`id`, `from_user_id`, `to_user_id`, `body`, `is_important`, `is_delivered`, `created_at`, `updated_at`) VALUES (280, 80, 80, 'Et occaecati ipsum omnis quod cupiditate magni iusto. Distinctio expedita rerum sed quis aut. Sunt tempore vel ea animi ullam.', 0, 0, '2019-04-09 13:11:28', '1977-12-03 22:02:05');
INSERT INTO `messages` (`id`, `from_user_id`, `to_user_id`, `body`, `is_important`, `is_delivered`, `created_at`, `updated_at`) VALUES (281, 81, 81, 'Qui accusamus eum quibusdam est odit dolorem. Minus et voluptatibus qui. Et iusto ut pariatur ab. Ipsum tenetur enim in non tenetur ullam aut est.', 0, 1, '1998-01-02 11:56:50', '1994-11-09 01:27:40');
INSERT INTO `messages` (`id`, `from_user_id`, `to_user_id`, `body`, `is_important`, `is_delivered`, `created_at`, `updated_at`) VALUES (282, 82, 82, 'Quo tenetur odio id eaque architecto. Ut provident quis fuga officiis autem. Cupiditate saepe minima dignissimos quidem.', 0, 0, '1981-11-14 00:02:48', '1999-04-18 05:08:16');
INSERT INTO `messages` (`id`, `from_user_id`, `to_user_id`, `body`, `is_important`, `is_delivered`, `created_at`, `updated_at`) VALUES (283, 83, 83, 'Vel cupiditate debitis alias accusantium. Porro in aut et incidunt.', 0, 0, '1970-10-24 15:21:06', '1986-02-21 13:29:01');
INSERT INTO `messages` (`id`, `from_user_id`, `to_user_id`, `body`, `is_important`, `is_delivered`, `created_at`, `updated_at`) VALUES (284, 84, 84, 'Omnis magnam aut autem et iusto excepturi. A velit est ipsam. Aut dolores dignissimos est est repudiandae assumenda id. Fuga et excepturi eaque sequi deleniti et.', 1, 0, '1980-05-26 12:42:36', '1992-03-02 03:33:45');
INSERT INTO `messages` (`id`, `from_user_id`, `to_user_id`, `body`, `is_important`, `is_delivered`, `created_at`, `updated_at`) VALUES (285, 85, 85, 'Tenetur sit culpa facere nihil. Officiis omnis debitis est qui. Ipsa pariatur quod nam eos repellendus nobis libero.', 0, 1, '2014-06-14 14:48:22', '1992-01-23 05:51:18');
INSERT INTO `messages` (`id`, `from_user_id`, `to_user_id`, `body`, `is_important`, `is_delivered`, `created_at`, `updated_at`) VALUES (286, 86, 86, 'Et accusantium repellat fuga unde. Eos voluptas asperiores doloribus blanditiis doloribus sit. Excepturi voluptatem et et. Beatae aut blanditiis qui velit nostrum enim incidunt omnis.', 1, 1, '2006-02-15 09:47:55', '1985-02-02 11:57:49');
INSERT INTO `messages` (`id`, `from_user_id`, `to_user_id`, `body`, `is_important`, `is_delivered`, `created_at`, `updated_at`) VALUES (287, 87, 87, 'Blanditiis sed eveniet quaerat molestiae. Quia autem illum sed ducimus et. Iusto modi optio aspernatur neque est ut illo sit.', 0, 1, '2019-07-22 18:54:15', '1988-03-28 15:44:30');
INSERT INTO `messages` (`id`, `from_user_id`, `to_user_id`, `body`, `is_important`, `is_delivered`, `created_at`, `updated_at`) VALUES (288, 88, 88, 'Sit voluptas harum pariatur dolore ea quia aut. Vel qui sit fugiat quia. Qui accusantium deserunt velit saepe occaecati facilis sit. Et et at aut enim magnam sint.', 1, 1, '2003-06-22 10:34:52', '2009-05-22 09:25:31');
INSERT INTO `messages` (`id`, `from_user_id`, `to_user_id`, `body`, `is_important`, `is_delivered`, `created_at`, `updated_at`) VALUES (289, 89, 89, 'Repellendus illum perspiciatis iusto atque est distinctio accusantium iste. Itaque temporibus vel eveniet ut distinctio et sint. Corporis nisi quidem fugiat pariatur quam tempore totam eos.', 1, 1, '2013-10-08 13:24:18', '1984-07-21 15:28:28');
INSERT INTO `messages` (`id`, `from_user_id`, `to_user_id`, `body`, `is_important`, `is_delivered`, `created_at`, `updated_at`) VALUES (290, 90, 90, 'Repudiandae molestiae itaque veniam possimus omnis. Corrupti sed nam magni nihil veniam iure. Ea sit autem saepe excepturi iure illo.', 0, 0, '2017-10-03 06:16:05', '1974-06-13 10:49:13');
INSERT INTO `messages` (`id`, `from_user_id`, `to_user_id`, `body`, `is_important`, `is_delivered`, `created_at`, `updated_at`) VALUES (291, 91, 91, 'Aut est molestias suscipit magni sunt voluptas voluptas. Quidem voluptatibus veniam voluptatem consectetur alias. Doloremque ab dolores velit quisquam odit alias. Quia architecto aliquam quo et officiis eos.', 1, 0, '1982-01-03 05:50:21', '1982-03-21 03:57:11');
INSERT INTO `messages` (`id`, `from_user_id`, `to_user_id`, `body`, `is_important`, `is_delivered`, `created_at`, `updated_at`) VALUES (292, 92, 92, 'Laudantium maxime maiores voluptatem. Et vel voluptas quia consectetur debitis. Est unde dolorum corporis id.', 0, 1, '1999-11-14 20:13:39', '1981-04-25 15:07:35');
INSERT INTO `messages` (`id`, `from_user_id`, `to_user_id`, `body`, `is_important`, `is_delivered`, `created_at`, `updated_at`) VALUES (293, 93, 93, 'Quibusdam rerum dolor est sunt. Repellat voluptatem dolore sit quae ab delectus beatae. Laborum nihil praesentium et voluptatem est modi. Tempore quis et aut veritatis.', 0, 1, '1995-03-21 06:10:02', '2005-10-16 20:03:22');
INSERT INTO `messages` (`id`, `from_user_id`, `to_user_id`, `body`, `is_important`, `is_delivered`, `created_at`, `updated_at`) VALUES (294, 94, 94, 'Illo et est velit fugit itaque sequi. Suscipit quis at nulla voluptatum et vel repellat.', 0, 1, '2004-07-14 19:28:47', '2007-10-22 04:28:25');
INSERT INTO `messages` (`id`, `from_user_id`, `to_user_id`, `body`, `is_important`, `is_delivered`, `created_at`, `updated_at`) VALUES (295, 95, 95, 'Adipisci nihil vel quisquam et nobis. Atque nemo sed vel voluptates quam molestiae nihil. Qui ut eius tempore aut consequatur. Aut odio quia eaque. Quidem velit fugiat quasi consequatur rerum aut.', 0, 0, '2003-06-13 19:48:29', '1982-01-09 19:41:06');
INSERT INTO `messages` (`id`, `from_user_id`, `to_user_id`, `body`, `is_important`, `is_delivered`, `created_at`, `updated_at`) VALUES (296, 96, 96, 'Aliquam quam et aut omnis voluptatem est. Iusto ipsa quibusdam adipisci doloribus ullam odio. Maxime a nemo autem necessitatibus. Sit et perspiciatis vel sit.', 0, 0, '2009-03-01 08:57:47', '1998-03-29 08:48:10');
INSERT INTO `messages` (`id`, `from_user_id`, `to_user_id`, `body`, `is_important`, `is_delivered`, `created_at`, `updated_at`) VALUES (297, 97, 97, 'Aut cumque nisi aut est numquam. Quos nihil soluta quia sint dignissimos minus. Aliquam atque numquam minima aut.', 1, 1, '2001-05-18 19:46:06', '1985-06-22 22:43:34');
INSERT INTO `messages` (`id`, `from_user_id`, `to_user_id`, `body`, `is_important`, `is_delivered`, `created_at`, `updated_at`) VALUES (298, 98, 98, 'Esse deleniti dolorem eaque et qui voluptatem quidem. Animi corrupti ut veniam accusamus voluptatem est. Et rerum quis illo officiis sed qui dolor nihil. Corrupti ab delectus quo facilis voluptatum id.', 0, 1, '1976-07-22 02:40:10', '1998-04-30 17:26:34');
INSERT INTO `messages` (`id`, `from_user_id`, `to_user_id`, `body`, `is_important`, `is_delivered`, `created_at`, `updated_at`) VALUES (299, 99, 99, 'Consequatur dolores blanditiis exercitationem eligendi. Sed cupiditate sed beatae consequatur. Aperiam voluptates eligendi veritatis.', 0, 1, '1992-01-05 15:46:13', '2005-04-02 01:44:32');
INSERT INTO `messages` (`id`, `from_user_id`, `to_user_id`, `body`, `is_important`, `is_delivered`, `created_at`, `updated_at`) VALUES (300, 100, 100, 'Sunt sit doloremque quia aperiam. Distinctio quas tempora quibusdam suscipit et qui dolor. Dolorum omnis temporibus delectus laboriosam minima harum. Minus rem optio aut.', 1, 1, '1971-10-07 23:25:16', '2003-07-11 12:33:29');


#
# TABLE STRUCTURE FOR: profiles
#

DROP TABLE IF EXISTS `profiles`;

CREATE TABLE `profiles` (
  `user_id` int(10) unsigned NOT NULL COMMENT 'Ссылка на пользователя',
  `gender` char(1) COLLATE utf8mb4_unicode_ci NOT NULL COMMENT 'Пол',
  `birthday` date DEFAULT NULL COMMENT 'Дата рождения',
  `photo_id` int(10) unsigned DEFAULT NULL COMMENT 'Ссылка на основную фотографию пользователя',
  `status` varchar(30) COLLATE utf8mb4_unicode_ci DEFAULT NULL COMMENT 'Текущий статус',
  `city_id` int(10) unsigned DEFAULT NULL COMMENT 'Ссылка на Город проживания',
  `country_id` int(10) unsigned DEFAULT NULL COMMENT 'Ссылка на Страна проживания',
  `created_at` datetime DEFAULT current_timestamp() COMMENT 'Время создания строки',
  `updated_at` datetime DEFAULT current_timestamp() ON UPDATE current_timestamp() COMMENT 'Время обновления строки',
  PRIMARY KEY (`user_id`),
  KEY `city_id` (`city_id`),
  KEY `country_id` (`country_id`),
  CONSTRAINT `profiles_ibfk_1` FOREIGN KEY (`user_id`) REFERENCES `users` (`id`) ON DELETE CASCADE ON UPDATE CASCADE,
  CONSTRAINT `profiles_ibfk_2` FOREIGN KEY (`city_id`) REFERENCES `cities` (`id`),
  CONSTRAINT `profiles_ibfk_3` FOREIGN KEY (`country_id`) REFERENCES `countries` (`id`)
) ENGINE=InnoDB DEFAULT CHARSET=utf8mb4 COLLATE=utf8mb4_unicode_ci COMMENT='Профили';

INSERT INTO `profiles` (`user_id`, `gender`, `birthday`, `photo_id`, `status`, `city_id`, `country_id`, `created_at`, `updated_at`) VALUES (1, '', '2011-08-25', NULL, 'Nihil voluptatem est vel ut au', 1, 1, '2009-01-01 20:34:19', '1973-01-26 01:55:55');
INSERT INTO `profiles` (`user_id`, `gender`, `birthday`, `photo_id`, `status`, `city_id`, `country_id`, `created_at`, `updated_at`) VALUES (2, '', '1978-01-10', NULL, 'Ut necessitatibus illum nam mo', 2, 2, '2010-11-20 20:33:16', '1988-04-05 19:24:57');
INSERT INTO `profiles` (`user_id`, `gender`, `birthday`, `photo_id`, `status`, `city_id`, `country_id`, `created_at`, `updated_at`) VALUES (3, '', '1995-01-04', NULL, 'Magni autem sint iste saepe. E', 3, 3, '2008-06-21 10:18:29', '1981-03-26 21:47:14');
INSERT INTO `profiles` (`user_id`, `gender`, `birthday`, `photo_id`, `status`, `city_id`, `country_id`, `created_at`, `updated_at`) VALUES (4, '', '1978-08-01', NULL, 'Non exercitationem excepturi c', 4, 4, '1991-12-25 14:29:44', '1975-03-26 04:57:11');
INSERT INTO `profiles` (`user_id`, `gender`, `birthday`, `photo_id`, `status`, `city_id`, `country_id`, `created_at`, `updated_at`) VALUES (5, '', '1996-05-05', NULL, 'Et rem et molestiae. Velit nat', 5, 5, '2009-10-01 18:00:53', '1971-07-25 23:38:04');
INSERT INTO `profiles` (`user_id`, `gender`, `birthday`, `photo_id`, `status`, `city_id`, `country_id`, `created_at`, `updated_at`) VALUES (6, '', '1999-03-06', NULL, 'Et cum in dolor beatae volupta', 6, 6, '2006-07-08 01:10:16', '1974-12-01 13:11:26');
INSERT INTO `profiles` (`user_id`, `gender`, `birthday`, `photo_id`, `status`, `city_id`, `country_id`, `created_at`, `updated_at`) VALUES (7, '', '1976-04-19', NULL, 'Molestias eius beatae earum no', 7, 7, '1997-08-21 02:58:11', '2016-09-27 05:07:25');
INSERT INTO `profiles` (`user_id`, `gender`, `birthday`, `photo_id`, `status`, `city_id`, `country_id`, `created_at`, `updated_at`) VALUES (8, '', '2008-12-16', NULL, 'Hic incidunt dolore possimus r', 8, 8, '1992-04-15 20:42:32', '1981-04-24 14:42:39');
INSERT INTO `profiles` (`user_id`, `gender`, `birthday`, `photo_id`, `status`, `city_id`, `country_id`, `created_at`, `updated_at`) VALUES (9, '', '2018-11-09', NULL, 'Possimus tenetur mollitia in c', 9, 9, '2014-06-11 03:30:20', '2002-09-16 21:17:06');
INSERT INTO `profiles` (`user_id`, `gender`, `birthday`, `photo_id`, `status`, `city_id`, `country_id`, `created_at`, `updated_at`) VALUES (10, '', '2009-11-23', NULL, 'Esse et optio odit. Praesentiu', 10, 10, '1983-08-30 19:02:30', '1985-01-27 10:28:39');
INSERT INTO `profiles` (`user_id`, `gender`, `birthday`, `photo_id`, `status`, `city_id`, `country_id`, `created_at`, `updated_at`) VALUES (11, '', '2012-03-18', NULL, 'Eum consequatur voluptatem eaq', 11, 11, '2005-10-05 16:58:15', '2018-07-03 03:13:47');
INSERT INTO `profiles` (`user_id`, `gender`, `birthday`, `photo_id`, `status`, `city_id`, `country_id`, `created_at`, `updated_at`) VALUES (12, '', '1988-12-17', NULL, 'Reiciendis voluptas unde facer', 12, 12, '1992-11-13 02:21:06', '2006-05-08 17:43:42');
INSERT INTO `profiles` (`user_id`, `gender`, `birthday`, `photo_id`, `status`, `city_id`, `country_id`, `created_at`, `updated_at`) VALUES (13, '', '2008-10-31', NULL, 'Velit quidem aliquam atque dol', 13, 13, '1990-10-31 11:53:46', '2018-06-03 10:36:18');
INSERT INTO `profiles` (`user_id`, `gender`, `birthday`, `photo_id`, `status`, `city_id`, `country_id`, `created_at`, `updated_at`) VALUES (14, '', '1995-09-03', NULL, 'Minima totam consequuntur dolo', 14, 14, '1991-09-16 18:13:20', '2015-07-08 10:19:42');
INSERT INTO `profiles` (`user_id`, `gender`, `birthday`, `photo_id`, `status`, `city_id`, `country_id`, `created_at`, `updated_at`) VALUES (15, '', '2010-12-18', NULL, 'Aut accusamus repellat cupidit', 15, 15, '2016-02-16 08:54:06', '1980-12-20 18:11:47');
INSERT INTO `profiles` (`user_id`, `gender`, `birthday`, `photo_id`, `status`, `city_id`, `country_id`, `created_at`, `updated_at`) VALUES (16, '', '1997-12-05', NULL, 'Sint natus dignissimos incidun', 16, 16, '1979-04-12 02:51:49', '2001-09-24 11:57:41');
INSERT INTO `profiles` (`user_id`, `gender`, `birthday`, `photo_id`, `status`, `city_id`, `country_id`, `created_at`, `updated_at`) VALUES (17, '', '2020-08-20', NULL, 'Sint fugit soluta omnis repell', 17, 17, '1973-12-18 15:11:40', '1977-08-24 18:11:28');
INSERT INTO `profiles` (`user_id`, `gender`, `birthday`, `photo_id`, `status`, `city_id`, `country_id`, `created_at`, `updated_at`) VALUES (18, '', '2000-10-12', NULL, 'Veritatis deserunt animi conse', 18, 18, '2006-05-19 06:25:00', '2002-04-03 09:35:00');
INSERT INTO `profiles` (`user_id`, `gender`, `birthday`, `photo_id`, `status`, `city_id`, `country_id`, `created_at`, `updated_at`) VALUES (19, '', '2017-11-25', NULL, 'Quis sapiente ab accusamus vel', 19, 19, '2000-10-19 18:25:50', '1970-01-21 07:11:54');
INSERT INTO `profiles` (`user_id`, `gender`, `birthday`, `photo_id`, `status`, `city_id`, `country_id`, `created_at`, `updated_at`) VALUES (20, '', '1977-07-09', NULL, 'Sit qui nulla doloremque ea qu', 20, 20, '2008-05-20 12:08:35', '1994-11-12 13:31:25');
INSERT INTO `profiles` (`user_id`, `gender`, `birthday`, `photo_id`, `status`, `city_id`, `country_id`, `created_at`, `updated_at`) VALUES (21, '', '2010-03-18', NULL, 'Natus similique velit sed aut ', 21, 21, '2013-02-03 22:03:32', '2002-09-24 03:29:08');
INSERT INTO `profiles` (`user_id`, `gender`, `birthday`, `photo_id`, `status`, `city_id`, `country_id`, `created_at`, `updated_at`) VALUES (22, '', '2002-11-08', NULL, 'A qui magnam sit. Debitis cons', 22, 22, '1982-10-29 23:45:09', '2019-01-27 11:49:10');
INSERT INTO `profiles` (`user_id`, `gender`, `birthday`, `photo_id`, `status`, `city_id`, `country_id`, `created_at`, `updated_at`) VALUES (23, '', '1981-03-19', NULL, 'Mollitia aut sit tempora id fu', 23, 23, '1976-01-23 17:33:01', '2014-07-13 17:19:23');
INSERT INTO `profiles` (`user_id`, `gender`, `birthday`, `photo_id`, `status`, `city_id`, `country_id`, `created_at`, `updated_at`) VALUES (24, '', '1970-04-10', NULL, 'Consequatur esse nam porro occ', 24, 24, '2006-09-23 20:30:08', '2006-09-18 07:58:32');
INSERT INTO `profiles` (`user_id`, `gender`, `birthday`, `photo_id`, `status`, `city_id`, `country_id`, `created_at`, `updated_at`) VALUES (25, '', '2008-08-17', NULL, 'Blanditiis libero atque minus ', 25, 25, '1998-09-03 13:25:36', '1987-05-25 11:00:17');
INSERT INTO `profiles` (`user_id`, `gender`, `birthday`, `photo_id`, `status`, `city_id`, `country_id`, `created_at`, `updated_at`) VALUES (26, '', '1985-08-21', NULL, 'Quae porro officiis nihil. Omn', 26, 1, '2009-07-03 00:42:16', '1982-09-27 09:48:12');
INSERT INTO `profiles` (`user_id`, `gender`, `birthday`, `photo_id`, `status`, `city_id`, `country_id`, `created_at`, `updated_at`) VALUES (27, '', '2013-01-13', NULL, 'Recusandae nihil beatae corpor', 27, 2, '1993-10-20 03:34:04', '1989-07-15 00:42:11');
INSERT INTO `profiles` (`user_id`, `gender`, `birthday`, `photo_id`, `status`, `city_id`, `country_id`, `created_at`, `updated_at`) VALUES (28, '', '2007-04-25', NULL, 'Omnis enim at reprehenderit au', 28, 3, '1981-02-02 11:26:45', '1974-07-08 02:15:40');
INSERT INTO `profiles` (`user_id`, `gender`, `birthday`, `photo_id`, `status`, `city_id`, `country_id`, `created_at`, `updated_at`) VALUES (29, '', '1973-06-24', NULL, 'Corporis saepe asperiores prov', 29, 4, '1971-01-18 09:36:15', '2009-04-17 15:08:23');
INSERT INTO `profiles` (`user_id`, `gender`, `birthday`, `photo_id`, `status`, `city_id`, `country_id`, `created_at`, `updated_at`) VALUES (30, '', '2007-03-08', NULL, 'Odit corrupti assumenda minus ', 30, 5, '1993-11-21 06:40:32', '1978-05-12 06:07:59');
INSERT INTO `profiles` (`user_id`, `gender`, `birthday`, `photo_id`, `status`, `city_id`, `country_id`, `created_at`, `updated_at`) VALUES (31, '', '1981-03-12', NULL, 'Quasi explicabo voluptas velit', 31, 6, '2003-04-16 12:07:37', '2005-04-03 16:12:11');
INSERT INTO `profiles` (`user_id`, `gender`, `birthday`, `photo_id`, `status`, `city_id`, `country_id`, `created_at`, `updated_at`) VALUES (32, '', '1992-09-06', NULL, 'Et vitae qui qui et mollitia. ', 32, 7, '1975-01-17 06:44:36', '1980-08-31 08:35:42');
INSERT INTO `profiles` (`user_id`, `gender`, `birthday`, `photo_id`, `status`, `city_id`, `country_id`, `created_at`, `updated_at`) VALUES (33, '', '2003-07-10', NULL, 'Autem iusto culpa ut aut eos a', 33, 8, '2018-03-23 21:14:11', '2006-07-24 18:54:44');
INSERT INTO `profiles` (`user_id`, `gender`, `birthday`, `photo_id`, `status`, `city_id`, `country_id`, `created_at`, `updated_at`) VALUES (34, '', '2013-02-01', NULL, 'Eveniet quisquam perferendis c', 34, 9, '2007-03-27 09:16:44', '2020-04-29 12:43:40');
INSERT INTO `profiles` (`user_id`, `gender`, `birthday`, `photo_id`, `status`, `city_id`, `country_id`, `created_at`, `updated_at`) VALUES (35, '', '1984-11-21', NULL, 'Temporibus nemo error ad vitae', 35, 10, '1983-08-25 00:23:45', '1996-02-14 11:48:17');
INSERT INTO `profiles` (`user_id`, `gender`, `birthday`, `photo_id`, `status`, `city_id`, `country_id`, `created_at`, `updated_at`) VALUES (36, '', '1970-12-15', NULL, 'Numquam qui adipisci in volupt', 36, 11, '2005-02-17 04:01:37', '1972-11-11 06:29:32');
INSERT INTO `profiles` (`user_id`, `gender`, `birthday`, `photo_id`, `status`, `city_id`, `country_id`, `created_at`, `updated_at`) VALUES (37, '', '1995-06-30', NULL, 'Aliquam ipsa assumenda volupta', 37, 12, '1991-10-05 00:27:40', '1984-06-30 07:26:15');
INSERT INTO `profiles` (`user_id`, `gender`, `birthday`, `photo_id`, `status`, `city_id`, `country_id`, `created_at`, `updated_at`) VALUES (38, '', '2008-06-17', NULL, 'Omnis ut ut doloribus sint sit', 38, 13, '1977-10-16 07:46:10', '2017-12-16 06:50:47');
INSERT INTO `profiles` (`user_id`, `gender`, `birthday`, `photo_id`, `status`, `city_id`, `country_id`, `created_at`, `updated_at`) VALUES (39, '', '2009-07-12', NULL, 'Quia corporis et sed aut. Moll', 39, 14, '1986-07-21 22:03:52', '1976-04-27 08:40:45');
INSERT INTO `profiles` (`user_id`, `gender`, `birthday`, `photo_id`, `status`, `city_id`, `country_id`, `created_at`, `updated_at`) VALUES (40, '', '2018-12-01', NULL, 'Nemo quo minus consequatur exe', 40, 15, '2014-11-06 11:23:33', '2018-03-31 19:07:12');
INSERT INTO `profiles` (`user_id`, `gender`, `birthday`, `photo_id`, `status`, `city_id`, `country_id`, `created_at`, `updated_at`) VALUES (41, '', '2007-01-17', NULL, 'Consequatur suscipit eaque sus', 41, 16, '2010-09-25 14:45:49', '2009-02-28 10:34:37');
INSERT INTO `profiles` (`user_id`, `gender`, `birthday`, `photo_id`, `status`, `city_id`, `country_id`, `created_at`, `updated_at`) VALUES (42, '', '1981-07-29', NULL, 'Voluptatem quae et et fugit re', 42, 17, '2020-04-14 07:27:15', '1991-11-27 19:09:21');
INSERT INTO `profiles` (`user_id`, `gender`, `birthday`, `photo_id`, `status`, `city_id`, `country_id`, `created_at`, `updated_at`) VALUES (43, '', '1973-04-06', NULL, 'Quaerat sint corporis esse dic', 43, 18, '1978-07-06 20:07:41', '1971-07-31 01:52:05');
INSERT INTO `profiles` (`user_id`, `gender`, `birthday`, `photo_id`, `status`, `city_id`, `country_id`, `created_at`, `updated_at`) VALUES (44, '', '1978-04-18', NULL, 'Repudiandae ut animi quasi rem', 44, 19, '2017-12-31 01:42:48', '1992-08-20 20:40:31');
INSERT INTO `profiles` (`user_id`, `gender`, `birthday`, `photo_id`, `status`, `city_id`, `country_id`, `created_at`, `updated_at`) VALUES (45, '', '2003-08-05', NULL, 'At aut nam quaerat minus digni', 45, 20, '2015-09-11 01:46:06', '2012-04-06 04:07:22');
INSERT INTO `profiles` (`user_id`, `gender`, `birthday`, `photo_id`, `status`, `city_id`, `country_id`, `created_at`, `updated_at`) VALUES (46, '', '1971-03-21', NULL, 'A voluptatem dolorem quasi ab ', 46, 21, '1978-07-04 15:29:23', '2007-11-14 16:11:09');
INSERT INTO `profiles` (`user_id`, `gender`, `birthday`, `photo_id`, `status`, `city_id`, `country_id`, `created_at`, `updated_at`) VALUES (47, '', '1976-03-05', NULL, 'Consequatur ut libero aliquid ', 47, 22, '1981-03-22 13:11:00', '1986-10-27 18:39:10');
INSERT INTO `profiles` (`user_id`, `gender`, `birthday`, `photo_id`, `status`, `city_id`, `country_id`, `created_at`, `updated_at`) VALUES (48, '', '1996-08-15', NULL, 'Iure sint inventore cumque. Et', 48, 23, '2004-10-02 23:35:48', '1989-01-13 10:38:04');
INSERT INTO `profiles` (`user_id`, `gender`, `birthday`, `photo_id`, `status`, `city_id`, `country_id`, `created_at`, `updated_at`) VALUES (49, '', '1976-06-18', NULL, 'Ratione accusamus dolor error ', 49, 24, '1971-06-15 22:49:08', '1993-06-06 18:33:07');
INSERT INTO `profiles` (`user_id`, `gender`, `birthday`, `photo_id`, `status`, `city_id`, `country_id`, `created_at`, `updated_at`) VALUES (50, '', '1973-10-01', NULL, 'Consequatur neque incidunt est', 50, 25, '2006-10-16 18:45:32', '1990-12-03 19:52:30');
INSERT INTO `profiles` (`user_id`, `gender`, `birthday`, `photo_id`, `status`, `city_id`, `country_id`, `created_at`, `updated_at`) VALUES (51, '', '1991-11-10', NULL, 'Modi voluptas repudiandae expl', 1, 1, '1985-08-16 06:26:50', '1994-06-21 20:08:57');
INSERT INTO `profiles` (`user_id`, `gender`, `birthday`, `photo_id`, `status`, `city_id`, `country_id`, `created_at`, `updated_at`) VALUES (52, '', '1997-09-08', NULL, 'Necessitatibus voluptatibus in', 2, 2, '1990-07-17 05:57:05', '1978-10-10 22:42:11');
INSERT INTO `profiles` (`user_id`, `gender`, `birthday`, `photo_id`, `status`, `city_id`, `country_id`, `created_at`, `updated_at`) VALUES (53, '', '2013-07-19', NULL, 'Odio suscipit est autem quia a', 3, 3, '2011-12-07 07:20:03', '1990-12-12 00:11:40');
INSERT INTO `profiles` (`user_id`, `gender`, `birthday`, `photo_id`, `status`, `city_id`, `country_id`, `created_at`, `updated_at`) VALUES (54, '', '2005-04-05', NULL, 'Alias non saepe et saepe iure ', 4, 4, '1975-04-12 12:46:48', '1980-08-05 05:04:24');
INSERT INTO `profiles` (`user_id`, `gender`, `birthday`, `photo_id`, `status`, `city_id`, `country_id`, `created_at`, `updated_at`) VALUES (55, '', '2017-09-18', NULL, 'Doloremque rerum nostrum sit i', 5, 5, '2016-02-03 20:36:14', '2015-10-05 14:04:06');
INSERT INTO `profiles` (`user_id`, `gender`, `birthday`, `photo_id`, `status`, `city_id`, `country_id`, `created_at`, `updated_at`) VALUES (56, '', '1998-04-14', NULL, 'Minus dolores saepe et quis po', 6, 6, '2000-02-26 05:21:20', '1982-04-27 19:06:35');
INSERT INTO `profiles` (`user_id`, `gender`, `birthday`, `photo_id`, `status`, `city_id`, `country_id`, `created_at`, `updated_at`) VALUES (57, '', '1986-07-08', NULL, 'Saepe distinctio ut eius et. D', 7, 7, '2015-04-03 00:52:06', '1972-11-25 00:08:51');
INSERT INTO `profiles` (`user_id`, `gender`, `birthday`, `photo_id`, `status`, `city_id`, `country_id`, `created_at`, `updated_at`) VALUES (58, '', '2011-12-02', NULL, 'Harum placeat ipsam ratione ea', 8, 8, '2005-01-12 21:00:35', '2018-06-01 02:48:02');
INSERT INTO `profiles` (`user_id`, `gender`, `birthday`, `photo_id`, `status`, `city_id`, `country_id`, `created_at`, `updated_at`) VALUES (59, '', '2008-04-18', NULL, 'Nihil quis modi eos placeat et', 9, 9, '1977-04-05 04:15:40', '1977-02-16 02:29:43');
INSERT INTO `profiles` (`user_id`, `gender`, `birthday`, `photo_id`, `status`, `city_id`, `country_id`, `created_at`, `updated_at`) VALUES (60, '', '1998-06-29', NULL, 'Non est et aut sit rerum perfe', 10, 10, '2017-04-17 22:39:17', '1976-02-22 03:16:25');
INSERT INTO `profiles` (`user_id`, `gender`, `birthday`, `photo_id`, `status`, `city_id`, `country_id`, `created_at`, `updated_at`) VALUES (61, '', '1988-04-25', NULL, 'Ullam animi error praesentium ', 11, 11, '2020-10-03 08:48:06', '2007-07-15 06:41:20');
INSERT INTO `profiles` (`user_id`, `gender`, `birthday`, `photo_id`, `status`, `city_id`, `country_id`, `created_at`, `updated_at`) VALUES (62, '', '1997-03-14', NULL, 'Sint molestias omnis perferend', 12, 12, '1984-12-01 07:13:34', '1982-12-25 12:01:43');
INSERT INTO `profiles` (`user_id`, `gender`, `birthday`, `photo_id`, `status`, `city_id`, `country_id`, `created_at`, `updated_at`) VALUES (63, '', '1984-11-24', NULL, 'Soluta porro hic quos repudian', 13, 13, '1992-02-09 20:17:30', '2006-07-22 22:42:56');
INSERT INTO `profiles` (`user_id`, `gender`, `birthday`, `photo_id`, `status`, `city_id`, `country_id`, `created_at`, `updated_at`) VALUES (64, '', '2009-10-20', NULL, 'Ab commodi perferendis eveniet', 14, 14, '1998-12-09 07:06:30', '2000-12-11 11:39:36');
INSERT INTO `profiles` (`user_id`, `gender`, `birthday`, `photo_id`, `status`, `city_id`, `country_id`, `created_at`, `updated_at`) VALUES (65, '', '1975-05-07', NULL, 'Aut ipsam aut rem. Ea et tempo', 15, 15, '2010-10-25 16:53:16', '2002-09-15 02:02:29');
INSERT INTO `profiles` (`user_id`, `gender`, `birthday`, `photo_id`, `status`, `city_id`, `country_id`, `created_at`, `updated_at`) VALUES (66, '', '1988-08-08', NULL, 'Rerum consequatur quo odio eiu', 16, 16, '2008-01-22 05:11:14', '1991-04-12 19:45:14');
INSERT INTO `profiles` (`user_id`, `gender`, `birthday`, `photo_id`, `status`, `city_id`, `country_id`, `created_at`, `updated_at`) VALUES (67, '', '2016-04-23', NULL, 'Assumenda soluta voluptate ut ', 17, 17, '1983-12-24 15:15:55', '2003-11-09 15:41:17');
INSERT INTO `profiles` (`user_id`, `gender`, `birthday`, `photo_id`, `status`, `city_id`, `country_id`, `created_at`, `updated_at`) VALUES (68, '', '2018-07-05', NULL, 'Aperiam exercitationem et itaq', 18, 18, '1971-02-26 14:24:52', '1971-07-07 04:57:50');
INSERT INTO `profiles` (`user_id`, `gender`, `birthday`, `photo_id`, `status`, `city_id`, `country_id`, `created_at`, `updated_at`) VALUES (69, '', '2017-05-06', NULL, 'Dolores et impedit quaerat. Ut', 19, 19, '1987-01-10 22:18:41', '1976-10-26 09:42:23');
INSERT INTO `profiles` (`user_id`, `gender`, `birthday`, `photo_id`, `status`, `city_id`, `country_id`, `created_at`, `updated_at`) VALUES (70, '', '1985-04-18', NULL, 'Facere architecto quisquam rec', 20, 20, '1975-04-22 18:54:07', '1986-11-18 04:25:06');
INSERT INTO `profiles` (`user_id`, `gender`, `birthday`, `photo_id`, `status`, `city_id`, `country_id`, `created_at`, `updated_at`) VALUES (71, '', '1999-07-17', NULL, 'Quod et incidunt recusandae su', 21, 21, '1978-03-23 13:43:12', '2018-12-29 02:15:50');
INSERT INTO `profiles` (`user_id`, `gender`, `birthday`, `photo_id`, `status`, `city_id`, `country_id`, `created_at`, `updated_at`) VALUES (72, '', '1999-10-06', NULL, 'Maxime eum vel rerum et dignis', 22, 22, '1973-07-17 03:12:15', '2010-06-11 13:42:14');
INSERT INTO `profiles` (`user_id`, `gender`, `birthday`, `photo_id`, `status`, `city_id`, `country_id`, `created_at`, `updated_at`) VALUES (73, '', '1981-11-19', NULL, 'Minus qui debitis assumenda at', 23, 23, '2007-09-24 02:56:33', '1986-06-17 13:42:28');
INSERT INTO `profiles` (`user_id`, `gender`, `birthday`, `photo_id`, `status`, `city_id`, `country_id`, `created_at`, `updated_at`) VALUES (74, '', '2008-02-25', NULL, 'Omnis laudantium et voluptatem', 24, 24, '1978-01-17 23:54:28', '1985-11-22 02:24:58');
INSERT INTO `profiles` (`user_id`, `gender`, `birthday`, `photo_id`, `status`, `city_id`, `country_id`, `created_at`, `updated_at`) VALUES (75, '', '1989-02-05', NULL, 'Dignissimos aut totam ut. Perf', 25, 25, '2015-03-01 11:13:13', '1984-03-22 01:45:03');
INSERT INTO `profiles` (`user_id`, `gender`, `birthday`, `photo_id`, `status`, `city_id`, `country_id`, `created_at`, `updated_at`) VALUES (76, '', '1999-03-15', NULL, 'Fugiat aut maiores quis odio e', 26, 1, '2017-09-22 22:50:21', '1983-07-17 13:00:23');
INSERT INTO `profiles` (`user_id`, `gender`, `birthday`, `photo_id`, `status`, `city_id`, `country_id`, `created_at`, `updated_at`) VALUES (77, '', '1991-05-23', NULL, 'Velit fugit similique officiis', 27, 2, '2002-03-31 22:04:27', '2009-02-23 18:24:42');
INSERT INTO `profiles` (`user_id`, `gender`, `birthday`, `photo_id`, `status`, `city_id`, `country_id`, `created_at`, `updated_at`) VALUES (78, '', '1985-12-02', NULL, 'Ut aperiam et est aut ipsum ve', 28, 3, '1994-03-19 13:00:51', '1998-04-19 11:01:09');
INSERT INTO `profiles` (`user_id`, `gender`, `birthday`, `photo_id`, `status`, `city_id`, `country_id`, `created_at`, `updated_at`) VALUES (79, '', '1996-04-22', NULL, 'Tenetur temporibus at recusand', 29, 4, '1981-01-21 23:10:40', '1982-10-30 07:47:33');
INSERT INTO `profiles` (`user_id`, `gender`, `birthday`, `photo_id`, `status`, `city_id`, `country_id`, `created_at`, `updated_at`) VALUES (80, '', '1991-06-04', NULL, 'Ea quaerat excepturi recusanda', 30, 5, '1970-06-19 17:02:10', '2000-01-07 06:06:04');
INSERT INTO `profiles` (`user_id`, `gender`, `birthday`, `photo_id`, `status`, `city_id`, `country_id`, `created_at`, `updated_at`) VALUES (81, '', '1973-11-17', NULL, 'Et expedita accusantium perfer', 31, 6, '1976-08-23 02:50:28', '1987-08-01 11:09:35');
INSERT INTO `profiles` (`user_id`, `gender`, `birthday`, `photo_id`, `status`, `city_id`, `country_id`, `created_at`, `updated_at`) VALUES (82, '', '1981-06-19', NULL, 'Ut voluptas quas dolore sed pa', 32, 7, '2015-08-26 21:42:34', '1972-03-04 04:41:24');
INSERT INTO `profiles` (`user_id`, `gender`, `birthday`, `photo_id`, `status`, `city_id`, `country_id`, `created_at`, `updated_at`) VALUES (83, '', '1974-04-14', NULL, 'Unde aut sapiente optio et sed', 33, 8, '1991-11-16 07:01:11', '1974-12-18 05:25:25');
INSERT INTO `profiles` (`user_id`, `gender`, `birthday`, `photo_id`, `status`, `city_id`, `country_id`, `created_at`, `updated_at`) VALUES (84, '', '2003-06-19', NULL, 'Consequatur nihil earum aspern', 34, 9, '2016-11-10 02:13:31', '1976-07-15 04:09:27');
INSERT INTO `profiles` (`user_id`, `gender`, `birthday`, `photo_id`, `status`, `city_id`, `country_id`, `created_at`, `updated_at`) VALUES (85, '', '2002-06-01', NULL, 'Sint quam iusto blanditiis cul', 35, 10, '1978-06-27 09:23:22', '1987-08-25 23:21:54');
INSERT INTO `profiles` (`user_id`, `gender`, `birthday`, `photo_id`, `status`, `city_id`, `country_id`, `created_at`, `updated_at`) VALUES (86, '', '2016-11-14', NULL, 'Velit saepe optio quidem adipi', 36, 11, '1993-11-21 07:24:32', '1996-03-23 03:08:10');
INSERT INTO `profiles` (`user_id`, `gender`, `birthday`, `photo_id`, `status`, `city_id`, `country_id`, `created_at`, `updated_at`) VALUES (87, '', '1972-10-17', NULL, 'Voluptate autem itaque enim pl', 37, 12, '2000-01-18 10:45:53', '1976-01-18 00:19:39');
INSERT INTO `profiles` (`user_id`, `gender`, `birthday`, `photo_id`, `status`, `city_id`, `country_id`, `created_at`, `updated_at`) VALUES (88, '', '2007-07-27', NULL, 'Ut dolorum saepe iste dolores ', 38, 13, '1974-08-08 08:56:14', '1980-08-10 23:58:59');
INSERT INTO `profiles` (`user_id`, `gender`, `birthday`, `photo_id`, `status`, `city_id`, `country_id`, `created_at`, `updated_at`) VALUES (89, '', '1975-08-25', NULL, 'Repellat eaque tenetur cum vol', 39, 14, '2016-03-06 15:54:05', '1993-12-29 06:22:25');
INSERT INTO `profiles` (`user_id`, `gender`, `birthday`, `photo_id`, `status`, `city_id`, `country_id`, `created_at`, `updated_at`) VALUES (90, '', '1994-12-21', NULL, 'Soluta nobis quia exercitation', 40, 15, '1997-08-20 09:16:46', '1988-07-16 04:29:46');
INSERT INTO `profiles` (`user_id`, `gender`, `birthday`, `photo_id`, `status`, `city_id`, `country_id`, `created_at`, `updated_at`) VALUES (91, '', '2012-08-13', NULL, 'Alias ut occaecati voluptatibu', 41, 16, '2017-10-08 12:00:44', '1993-12-28 16:31:19');
INSERT INTO `profiles` (`user_id`, `gender`, `birthday`, `photo_id`, `status`, `city_id`, `country_id`, `created_at`, `updated_at`) VALUES (92, '', '2007-08-16', NULL, 'Ad neque dolorum ipsa illo eum', 42, 17, '2019-08-05 19:01:10', '1972-05-20 19:34:30');
INSERT INTO `profiles` (`user_id`, `gender`, `birthday`, `photo_id`, `status`, `city_id`, `country_id`, `created_at`, `updated_at`) VALUES (93, '', '2017-07-26', NULL, 'Laudantium adipisci autem nequ', 43, 18, '1978-07-21 13:53:39', '1974-09-18 19:35:37');
INSERT INTO `profiles` (`user_id`, `gender`, `birthday`, `photo_id`, `status`, `city_id`, `country_id`, `created_at`, `updated_at`) VALUES (94, '', '1999-09-07', NULL, 'Vitae dolorem iure beatae. Ut ', 44, 19, '2005-06-13 21:58:16', '1984-04-24 09:16:23');
INSERT INTO `profiles` (`user_id`, `gender`, `birthday`, `photo_id`, `status`, `city_id`, `country_id`, `created_at`, `updated_at`) VALUES (95, '', '2011-02-19', NULL, 'Sed aperiam nulla sint eos est', 45, 20, '1978-04-04 16:12:41', '2003-01-18 22:15:20');
INSERT INTO `profiles` (`user_id`, `gender`, `birthday`, `photo_id`, `status`, `city_id`, `country_id`, `created_at`, `updated_at`) VALUES (96, '', '2018-04-24', NULL, 'Voluptatem voluptates maxime v', 46, 21, '2002-01-12 14:36:33', '2017-03-18 00:57:20');
INSERT INTO `profiles` (`user_id`, `gender`, `birthday`, `photo_id`, `status`, `city_id`, `country_id`, `created_at`, `updated_at`) VALUES (97, '', '2011-10-06', NULL, 'Ipsam saepe facere unde et con', 47, 22, '2019-11-04 13:25:36', '1990-03-10 01:08:04');
INSERT INTO `profiles` (`user_id`, `gender`, `birthday`, `photo_id`, `status`, `city_id`, `country_id`, `created_at`, `updated_at`) VALUES (98, '', '2012-08-11', NULL, 'Dolores quasi possimus non dol', 48, 23, '1992-01-01 21:07:08', '1984-03-21 06:11:51');
INSERT INTO `profiles` (`user_id`, `gender`, `birthday`, `photo_id`, `status`, `city_id`, `country_id`, `created_at`, `updated_at`) VALUES (99, '', '1992-11-09', NULL, 'Quaerat fugiat sunt nobis vita', 49, 24, '2003-06-15 15:45:20', '1983-07-28 14:38:30');
INSERT INTO `profiles` (`user_id`, `gender`, `birthday`, `photo_id`, `status`, `city_id`, `country_id`, `created_at`, `updated_at`) VALUES (100, '', '1984-12-18', NULL, 'Ea aliquam et doloribus. Conse', 50, 25, '2000-06-28 05:22:46', '2015-01-22 13:57:50');


#
# TABLE STRUCTURE FOR: users
#

DROP TABLE IF EXISTS `users`;

CREATE TABLE `users` (
  `id` int(10) unsigned NOT NULL AUTO_INCREMENT COMMENT 'Идентификатор строки',
  `first_name` varchar(100) COLLATE utf8mb4_unicode_ci NOT NULL COMMENT 'Имя пользователя',
  `last_name` varchar(100) COLLATE utf8mb4_unicode_ci NOT NULL COMMENT 'Фамилия пользователя',
  `email` varchar(100) COLLATE utf8mb4_unicode_ci NOT NULL COMMENT 'Почта',
  `phone` varchar(100) COLLATE utf8mb4_unicode_ci NOT NULL COMMENT 'Телефон',
  `created_at` datetime DEFAULT current_timestamp() COMMENT 'Время создания строки',
  `updated_at` datetime DEFAULT current_timestamp() ON UPDATE current_timestamp() COMMENT 'Время обновления строки',
  PRIMARY KEY (`id`),
  UNIQUE KEY `email` (`email`),
  UNIQUE KEY `phone` (`phone`)
) ENGINE=InnoDB AUTO_INCREMENT=101 DEFAULT CHARSET=utf8mb4 COLLATE=utf8mb4_unicode_ci COMMENT='Пользователи';

INSERT INTO `users` (`id`, `first_name`, `last_name`, `email`, `phone`, `created_at`, `updated_at`) VALUES (1, 'Werner', 'Gulgowski', 'fisher.keely@example.com', '07923477834', '1973-06-03 05:31:08', '1979-07-21 07:52:40');
INSERT INTO `users` (`id`, `first_name`, `last_name`, `email`, `phone`, `created_at`, `updated_at`) VALUES (2, 'Jayde', 'Homenick', 'qbashirian@example.net', '(622)992-1188x9053', '2003-06-04 00:11:30', '1977-07-05 08:12:53');
INSERT INTO `users` (`id`, `first_name`, `last_name`, `email`, `phone`, `created_at`, `updated_at`) VALUES (3, 'Alex', 'Schaden', 'tprice@example.org', '(955)770-7912x306', '1971-10-16 05:29:07', '1970-04-12 10:39:08');
INSERT INTO `users` (`id`, `first_name`, `last_name`, `email`, `phone`, `created_at`, `updated_at`) VALUES (4, 'Pedro', 'Wolf', 'ryan.jadyn@example.com', '(566)133-6776x578', '2018-12-17 04:45:10', '1984-05-27 10:01:49');
INSERT INTO `users` (`id`, `first_name`, `last_name`, `email`, `phone`, `created_at`, `updated_at`) VALUES (5, 'Gilda', 'Bashirian', 'teagan50@example.com', '1-333-555-8708', '1990-01-10 17:07:22', '1980-09-20 09:01:24');
INSERT INTO `users` (`id`, `first_name`, `last_name`, `email`, `phone`, `created_at`, `updated_at`) VALUES (6, 'Conor', 'White', 'lnader@example.net', '710-926-1158x2709', '1993-08-24 14:13:32', '2007-08-22 03:58:05');
INSERT INTO `users` (`id`, `first_name`, `last_name`, `email`, `phone`, `created_at`, `updated_at`) VALUES (7, 'Dawn', 'Crooks', 'tom.gusikowski@example.org', '677.745.3317', '1973-02-06 12:25:56', '1983-08-31 21:58:38');
INSERT INTO `users` (`id`, `first_name`, `last_name`, `email`, `phone`, `created_at`, `updated_at`) VALUES (8, 'Golden', 'King', 'grant.frederick@example.org', '591.913.4172x4554', '1978-02-08 17:18:38', '2011-09-29 18:25:24');
INSERT INTO `users` (`id`, `first_name`, `last_name`, `email`, `phone`, `created_at`, `updated_at`) VALUES (9, 'Dovie', 'Gorczany', 'murray.imani@example.net', '+88(2)6735163550', '1977-03-07 11:09:14', '1971-09-01 03:17:07');
INSERT INTO `users` (`id`, `first_name`, `last_name`, `email`, `phone`, `created_at`, `updated_at`) VALUES (10, 'Felicita', 'Emmerich', 'elmira.cole@example.org', '725-280-5016x31978', '2017-12-11 03:16:30', '1977-08-11 00:48:52');
INSERT INTO `users` (`id`, `first_name`, `last_name`, `email`, `phone`, `created_at`, `updated_at`) VALUES (11, 'Alexzander', 'Stamm', 'bvandervort@example.org', '1-576-367-4898x70149', '2010-06-22 20:03:48', '1989-07-04 00:53:13');
INSERT INTO `users` (`id`, `first_name`, `last_name`, `email`, `phone`, `created_at`, `updated_at`) VALUES (12, 'Cassidy', 'Nicolas', 'pfannerstill.josianne@example.org', '985.900.3885x58732', '2013-04-27 12:20:55', '1993-03-13 07:34:00');
INSERT INTO `users` (`id`, `first_name`, `last_name`, `email`, `phone`, `created_at`, `updated_at`) VALUES (13, 'Lambert', 'Kutch', 'vmoen@example.org', '09388719903', '1974-03-17 21:42:33', '1986-10-06 20:43:45');
INSERT INTO `users` (`id`, `first_name`, `last_name`, `email`, `phone`, `created_at`, `updated_at`) VALUES (14, 'Aidan', 'Pfeffer', 'ybotsford@example.org', '(344)993-5326x16643', '1997-11-02 04:16:27', '2002-05-10 22:17:59');
INSERT INTO `users` (`id`, `first_name`, `last_name`, `email`, `phone`, `created_at`, `updated_at`) VALUES (15, 'Allen', 'Gibson', 'npurdy@example.net', '(605)492-3219x961', '2003-07-28 15:16:18', '2007-08-05 08:39:06');
INSERT INTO `users` (`id`, `first_name`, `last_name`, `email`, `phone`, `created_at`, `updated_at`) VALUES (16, 'Russel', 'Witting', 'sierra79@example.com', '1-977-481-3808x053', '1976-07-01 15:55:31', '1989-10-19 17:27:53');
INSERT INTO `users` (`id`, `first_name`, `last_name`, `email`, `phone`, `created_at`, `updated_at`) VALUES (17, 'Elvie', 'Dare', 'jacobs.dovie@example.com', '537-452-2807', '1984-05-19 21:06:22', '2016-01-11 17:43:47');
INSERT INTO `users` (`id`, `first_name`, `last_name`, `email`, `phone`, `created_at`, `updated_at`) VALUES (18, 'Cheyenne', 'Parisian', 'kurtis87@example.net', '1-347-915-8535', '1990-06-19 22:51:36', '1985-11-16 13:04:07');
INSERT INTO `users` (`id`, `first_name`, `last_name`, `email`, `phone`, `created_at`, `updated_at`) VALUES (19, 'Cindy', 'Cronin', 'tgoldner@example.org', '(067)502-1570x700', '2018-07-07 09:50:09', '2020-09-23 02:37:56');
INSERT INTO `users` (`id`, `first_name`, `last_name`, `email`, `phone`, `created_at`, `updated_at`) VALUES (20, 'Matt', 'Gerlach', 'elinore.willms@example.com', '1-249-098-4162x0638', '1988-12-04 17:29:08', '2013-12-06 19:18:21');
INSERT INTO `users` (`id`, `first_name`, `last_name`, `email`, `phone`, `created_at`, `updated_at`) VALUES (21, 'Daren', 'Stoltenberg', 'thowe@example.org', '(105)894-2215x183', '2012-08-12 18:02:53', '1974-06-14 07:30:46');
INSERT INTO `users` (`id`, `first_name`, `last_name`, `email`, `phone`, `created_at`, `updated_at`) VALUES (22, 'Antoinette', 'Orn', 'zlangworth@example.com', '437-915-8992x70626', '1973-10-24 01:52:34', '2005-03-10 18:45:34');
INSERT INTO `users` (`id`, `first_name`, `last_name`, `email`, `phone`, `created_at`, `updated_at`) VALUES (23, 'Andre', 'Lynch', 'cfeest@example.net', '07859586905', '2001-08-11 05:29:32', '2000-06-09 15:58:58');
INSERT INTO `users` (`id`, `first_name`, `last_name`, `email`, `phone`, `created_at`, `updated_at`) VALUES (24, 'Maxwell', 'Watsica', 'kertzmann.betsy@example.net', '(232)970-1613x188', '1988-02-09 19:33:20', '2001-02-25 10:46:24');
INSERT INTO `users` (`id`, `first_name`, `last_name`, `email`, `phone`, `created_at`, `updated_at`) VALUES (25, 'Scotty', 'Goodwin', 'egreen@example.com', '758.663.2113x12662', '1974-07-07 22:52:57', '2017-06-08 09:01:47');
INSERT INTO `users` (`id`, `first_name`, `last_name`, `email`, `phone`, `created_at`, `updated_at`) VALUES (26, 'Noble', 'Torphy', 'dhyatt@example.org', '1-548-546-1974x97136', '2019-05-16 06:10:33', '1978-10-12 10:03:48');
INSERT INTO `users` (`id`, `first_name`, `last_name`, `email`, `phone`, `created_at`, `updated_at`) VALUES (27, 'Angelita', 'Hammes', 'ywest@example.net', '+74(7)6373694153', '1992-03-11 19:54:11', '2018-03-02 12:32:10');
INSERT INTO `users` (`id`, `first_name`, `last_name`, `email`, `phone`, `created_at`, `updated_at`) VALUES (28, 'Mallory', 'Wolf', 'ilegros@example.org', '06884861794', '2006-09-11 16:59:49', '1988-04-10 21:20:36');
INSERT INTO `users` (`id`, `first_name`, `last_name`, `email`, `phone`, `created_at`, `updated_at`) VALUES (29, 'Roberta', 'Ratke', 'selena.trantow@example.net', '813.004.0475x10764', '2009-02-21 21:54:03', '2019-03-05 15:50:20');
INSERT INTO `users` (`id`, `first_name`, `last_name`, `email`, `phone`, `created_at`, `updated_at`) VALUES (30, 'Moises', 'Treutel', 'benjamin57@example.org', '1-979-675-3552', '2000-05-18 22:32:52', '2006-04-13 02:29:46');
INSERT INTO `users` (`id`, `first_name`, `last_name`, `email`, `phone`, `created_at`, `updated_at`) VALUES (31, 'Laurel', 'Harvey', 'phowell@example.com', '(904)233-5916', '1972-12-21 16:28:54', '2008-08-11 04:04:10');
INSERT INTO `users` (`id`, `first_name`, `last_name`, `email`, `phone`, `created_at`, `updated_at`) VALUES (32, 'Amparo', 'Volkman', 'zzieme@example.org', '062-548-9124x264', '1992-10-12 12:56:00', '1981-01-29 07:33:06');
INSERT INTO `users` (`id`, `first_name`, `last_name`, `email`, `phone`, `created_at`, `updated_at`) VALUES (33, 'Vada', 'Hermann', 'armando45@example.com', '622-864-0832x3909', '1997-05-23 12:12:10', '2011-01-08 15:57:31');
INSERT INTO `users` (`id`, `first_name`, `last_name`, `email`, `phone`, `created_at`, `updated_at`) VALUES (34, 'Ludwig', 'Hudson', 'rdavis@example.org', '(510)290-0040', '2006-06-23 07:18:20', '2012-12-04 17:51:02');
INSERT INTO `users` (`id`, `first_name`, `last_name`, `email`, `phone`, `created_at`, `updated_at`) VALUES (35, 'Jonatan', 'Nikolaus', 'rowan20@example.net', '250.339.7991', '1982-09-19 13:03:55', '1996-06-26 21:54:15');
INSERT INTO `users` (`id`, `first_name`, `last_name`, `email`, `phone`, `created_at`, `updated_at`) VALUES (36, 'Valentina', 'Nitzsche', 'tzemlak@example.net', '748.429.0581x49204', '1996-08-05 16:03:33', '1970-01-29 23:09:26');
INSERT INTO `users` (`id`, `first_name`, `last_name`, `email`, `phone`, `created_at`, `updated_at`) VALUES (37, 'Deshaun', 'Bergnaum', 'lschumm@example.net', '242.093.4522x18820', '1988-04-12 07:00:09', '2003-08-27 18:07:16');
INSERT INTO `users` (`id`, `first_name`, `last_name`, `email`, `phone`, `created_at`, `updated_at`) VALUES (38, 'Melyssa', 'Witting', 'cassie24@example.com', '972.951.2489x68229', '2003-08-21 09:25:41', '2001-05-04 21:23:10');
INSERT INTO `users` (`id`, `first_name`, `last_name`, `email`, `phone`, `created_at`, `updated_at`) VALUES (39, 'Theo', 'Welch', 'ashields@example.org', '663-489-6226', '1985-11-22 05:01:34', '1978-05-05 16:06:59');
INSERT INTO `users` (`id`, `first_name`, `last_name`, `email`, `phone`, `created_at`, `updated_at`) VALUES (40, 'Heloise', 'Emmerich', 'tschoen@example.com', '1-859-639-5409x4328', '1987-11-01 22:53:01', '1991-08-09 05:04:11');
INSERT INTO `users` (`id`, `first_name`, `last_name`, `email`, `phone`, `created_at`, `updated_at`) VALUES (41, 'Stella', 'Considine', 'becker.aurelio@example.org', '+41(6)5248987479', '1995-01-17 05:49:20', '1989-12-25 11:05:52');
INSERT INTO `users` (`id`, `first_name`, `last_name`, `email`, `phone`, `created_at`, `updated_at`) VALUES (42, 'Jannie', 'Heathcote', 'daphnee97@example.net', '(024)651-4016x2379', '1982-06-14 13:22:16', '2017-06-12 15:34:05');
INSERT INTO `users` (`id`, `first_name`, `last_name`, `email`, `phone`, `created_at`, `updated_at`) VALUES (43, 'Celestine', 'Pacocha', 'mosciski.teagan@example.com', '1-413-712-6918x822', '2014-07-17 04:34:12', '1992-03-21 16:18:39');
INSERT INTO `users` (`id`, `first_name`, `last_name`, `email`, `phone`, `created_at`, `updated_at`) VALUES (44, 'Lew', 'Monahan', 'bogisich.jimmy@example.org', '911-269-8343', '2003-08-02 21:49:30', '1989-01-01 08:12:00');
INSERT INTO `users` (`id`, `first_name`, `last_name`, `email`, `phone`, `created_at`, `updated_at`) VALUES (45, 'Darrick', 'Collins', 'cecilia.rice@example.com', '1-114-259-3693x3298', '2013-12-23 01:17:13', '1996-09-07 06:52:23');
INSERT INTO `users` (`id`, `first_name`, `last_name`, `email`, `phone`, `created_at`, `updated_at`) VALUES (46, 'Jadon', 'Windler', 'kelley38@example.net', '026.260.6587', '1970-09-21 13:49:55', '2005-08-16 20:03:54');
INSERT INTO `users` (`id`, `first_name`, `last_name`, `email`, `phone`, `created_at`, `updated_at`) VALUES (47, 'Geraldine', 'McCullough', 'oswift@example.org', '1-893-430-9525x0741', '1997-09-15 01:02:44', '1972-09-07 05:24:22');
INSERT INTO `users` (`id`, `first_name`, `last_name`, `email`, `phone`, `created_at`, `updated_at`) VALUES (48, 'Herminia', 'Gislason', 'easton.kuphal@example.org', '(047)896-7537', '2005-08-23 13:17:32', '1994-05-09 16:03:52');
INSERT INTO `users` (`id`, `first_name`, `last_name`, `email`, `phone`, `created_at`, `updated_at`) VALUES (49, 'Marlon', 'Funk', 'cmorar@example.org', '(524)991-5506', '2013-03-09 09:23:39', '1998-07-20 08:41:55');
INSERT INTO `users` (`id`, `first_name`, `last_name`, `email`, `phone`, `created_at`, `updated_at`) VALUES (50, 'Domingo', 'Nitzsche', 'hickle.tito@example.com', '744.757.5052x38170', '1998-10-25 01:45:42', '1989-04-20 13:30:00');
INSERT INTO `users` (`id`, `first_name`, `last_name`, `email`, `phone`, `created_at`, `updated_at`) VALUES (51, 'Kamryn', 'Effertz', 'aida01@example.net', '(768)030-9246', '1974-07-10 10:22:56', '1992-04-02 15:32:36');
INSERT INTO `users` (`id`, `first_name`, `last_name`, `email`, `phone`, `created_at`, `updated_at`) VALUES (52, 'Gavin', 'Kuphal', 'ila.hoeger@example.com', '(903)080-7477', '2016-08-15 14:23:34', '1982-04-20 03:15:55');
INSERT INTO `users` (`id`, `first_name`, `last_name`, `email`, `phone`, `created_at`, `updated_at`) VALUES (53, 'Ernestina', 'Beahan', 'minnie78@example.net', '910-475-6044x276', '1979-04-12 03:06:26', '1979-11-25 12:26:50');
INSERT INTO `users` (`id`, `first_name`, `last_name`, `email`, `phone`, `created_at`, `updated_at`) VALUES (54, 'Alisha', 'Monahan', 'darren.cassin@example.com', '(908)466-0861', '1972-12-06 20:53:24', '1986-11-03 05:07:54');
INSERT INTO `users` (`id`, `first_name`, `last_name`, `email`, `phone`, `created_at`, `updated_at`) VALUES (55, 'Kris', 'Boehm', 'laisha.conn@example.com', '038.859.2735x748', '2018-05-27 00:43:36', '1996-11-11 01:16:42');
INSERT INTO `users` (`id`, `first_name`, `last_name`, `email`, `phone`, `created_at`, `updated_at`) VALUES (56, 'Travis', 'Becker', 'crau@example.com', '05240019184', '1998-08-20 09:33:34', '1993-04-03 03:25:43');
INSERT INTO `users` (`id`, `first_name`, `last_name`, `email`, `phone`, `created_at`, `updated_at`) VALUES (57, 'Georgiana', 'Hickle', 'allen20@example.com', '+87(4)8092793389', '1970-07-05 20:40:02', '2010-03-19 16:41:00');
INSERT INTO `users` (`id`, `first_name`, `last_name`, `email`, `phone`, `created_at`, `updated_at`) VALUES (58, 'Kennith', 'Fisher', 'furman38@example.net', '+84(4)3501637090', '1983-04-25 15:35:43', '2014-09-17 04:56:15');
INSERT INTO `users` (`id`, `first_name`, `last_name`, `email`, `phone`, `created_at`, `updated_at`) VALUES (59, 'Francesco', 'O\'Reilly', 'douglas.doris@example.com', '353-866-7723x1162', '1981-10-28 22:18:50', '2009-08-08 09:08:19');
INSERT INTO `users` (`id`, `first_name`, `last_name`, `email`, `phone`, `created_at`, `updated_at`) VALUES (60, 'Eleanora', 'Daugherty', 'rylee24@example.org', '(289)043-0585', '1972-09-22 22:08:36', '2010-01-24 13:09:10');
INSERT INTO `users` (`id`, `first_name`, `last_name`, `email`, `phone`, `created_at`, `updated_at`) VALUES (61, 'Paula', 'Muller', 'feil.aracely@example.com', '1-828-121-8669x0156', '2020-05-11 16:36:13', '1983-04-08 18:44:42');
INSERT INTO `users` (`id`, `first_name`, `last_name`, `email`, `phone`, `created_at`, `updated_at`) VALUES (62, 'Ricardo', 'Barrows', 'breitenberg.eric@example.com', '(142)297-4980', '2008-08-25 00:15:35', '2000-05-07 21:35:06');
INSERT INTO `users` (`id`, `first_name`, `last_name`, `email`, `phone`, `created_at`, `updated_at`) VALUES (63, 'Kirsten', 'Swaniawski', 'neha.runolfsdottir@example.net', '040.597.9974x0717', '2012-11-04 22:30:10', '1986-12-28 06:18:18');
INSERT INTO `users` (`id`, `first_name`, `last_name`, `email`, `phone`, `created_at`, `updated_at`) VALUES (64, 'Laurel', 'Braun', 'lakin.greyson@example.com', '07309171512', '1991-10-25 20:35:40', '2006-04-04 19:46:35');
INSERT INTO `users` (`id`, `first_name`, `last_name`, `email`, `phone`, `created_at`, `updated_at`) VALUES (65, 'Jed', 'Runolfsson', 'kd\'amore@example.org', '439-529-6319x04085', '1970-08-25 00:15:37', '2014-04-25 07:19:13');
INSERT INTO `users` (`id`, `first_name`, `last_name`, `email`, `phone`, `created_at`, `updated_at`) VALUES (66, 'Devan', 'Labadie', 'domenica.kunde@example.org', '1-101-132-4307x2553', '2001-11-23 06:29:02', '1977-02-13 16:28:26');
INSERT INTO `users` (`id`, `first_name`, `last_name`, `email`, `phone`, `created_at`, `updated_at`) VALUES (67, 'Timmy', 'Kutch', 'alexis.jaskolski@example.net', '1-894-236-9051', '1979-04-06 01:52:41', '2005-08-08 12:18:50');
INSERT INTO `users` (`id`, `first_name`, `last_name`, `email`, `phone`, `created_at`, `updated_at`) VALUES (68, 'Keira', 'O\'Reilly', 'lincoln72@example.com', '(052)203-8701', '1997-08-26 16:48:17', '1970-10-22 05:40:43');
INSERT INTO `users` (`id`, `first_name`, `last_name`, `email`, `phone`, `created_at`, `updated_at`) VALUES (69, 'Bradford', 'Stamm', 'tfriesen@example.net', '(884)507-1057x1684', '1970-01-15 16:20:56', '2008-05-25 19:00:12');
INSERT INTO `users` (`id`, `first_name`, `last_name`, `email`, `phone`, `created_at`, `updated_at`) VALUES (70, 'Stanley', 'Dibbert', 'purdy.chet@example.net', '014.771.2648x76864', '1987-08-22 09:18:30', '2010-09-14 06:43:53');
INSERT INTO `users` (`id`, `first_name`, `last_name`, `email`, `phone`, `created_at`, `updated_at`) VALUES (71, 'Abner', 'O\'Connell', 'broderick.casper@example.net', '754-525-8731x91943', '2012-10-14 01:50:20', '1971-08-30 01:49:08');
INSERT INTO `users` (`id`, `first_name`, `last_name`, `email`, `phone`, `created_at`, `updated_at`) VALUES (72, 'Tiana', 'Senger', 'abner95@example.com', '(752)392-1751x196', '2010-06-20 20:56:11', '1985-04-27 13:33:37');
INSERT INTO `users` (`id`, `first_name`, `last_name`, `email`, `phone`, `created_at`, `updated_at`) VALUES (73, 'Erin', 'Hermiston', 'egoodwin@example.com', '+58(2)6432980951', '1981-03-26 02:06:43', '2011-06-15 06:23:37');
INSERT INTO `users` (`id`, `first_name`, `last_name`, `email`, `phone`, `created_at`, `updated_at`) VALUES (74, 'Rahul', 'Hahn', 'metz.gonzalo@example.net', '030-703-6100x1548', '2020-12-28 21:43:18', '2004-10-19 16:11:07');
INSERT INTO `users` (`id`, `first_name`, `last_name`, `email`, `phone`, `created_at`, `updated_at`) VALUES (75, 'Jannie', 'Watsica', 'lmarquardt@example.org', '938-081-2602x53820', '1975-05-26 14:07:01', '2008-11-19 13:51:00');
INSERT INTO `users` (`id`, `first_name`, `last_name`, `email`, `phone`, `created_at`, `updated_at`) VALUES (76, 'Cecelia', 'Parker', 'schaefer.candace@example.com', '(211)248-4999', '1984-06-28 12:17:58', '1979-12-21 11:14:54');
INSERT INTO `users` (`id`, `first_name`, `last_name`, `email`, `phone`, `created_at`, `updated_at`) VALUES (77, 'Wilton', 'Shanahan', 'jayce.schmidt@example.net', '+24(5)9958232807', '2004-09-04 07:49:29', '2017-05-12 01:19:00');
INSERT INTO `users` (`id`, `first_name`, `last_name`, `email`, `phone`, `created_at`, `updated_at`) VALUES (78, 'Virgie', 'Schmeler', 'cmacejkovic@example.com', '879.499.3643x57315', '1990-09-12 06:22:23', '2020-03-12 13:36:32');
INSERT INTO `users` (`id`, `first_name`, `last_name`, `email`, `phone`, `created_at`, `updated_at`) VALUES (79, 'Darwin', 'Smitham', 'ruth73@example.com', '404-535-4701', '1982-09-05 23:22:40', '1972-08-25 21:34:35');
INSERT INTO `users` (`id`, `first_name`, `last_name`, `email`, `phone`, `created_at`, `updated_at`) VALUES (80, 'Sabryna', 'Marks', 'jovany.wehner@example.org', '741-660-9970x7686', '1972-04-25 09:00:04', '1997-12-16 05:58:15');
INSERT INTO `users` (`id`, `first_name`, `last_name`, `email`, `phone`, `created_at`, `updated_at`) VALUES (81, 'Patricia', 'Kuvalis', 'hauck.pamela@example.org', '1-579-519-2738x750', '1987-05-14 20:01:57', '1994-12-22 18:01:33');
INSERT INTO `users` (`id`, `first_name`, `last_name`, `email`, `phone`, `created_at`, `updated_at`) VALUES (82, 'Eula', 'Flatley', 'destiny00@example.com', '1-744-241-3804', '2013-03-22 13:01:27', '2011-12-25 09:15:17');
INSERT INTO `users` (`id`, `first_name`, `last_name`, `email`, `phone`, `created_at`, `updated_at`) VALUES (83, 'Donavon', 'Kilback', 'ymurray@example.net', '04008604884', '2018-03-12 09:00:25', '1994-08-22 12:18:29');
INSERT INTO `users` (`id`, `first_name`, `last_name`, `email`, `phone`, `created_at`, `updated_at`) VALUES (84, 'Macie', 'Moen', 'jayne.olson@example.org', '(017)100-8726x8627', '2017-06-07 00:47:35', '2009-11-30 02:24:21');
INSERT INTO `users` (`id`, `first_name`, `last_name`, `email`, `phone`, `created_at`, `updated_at`) VALUES (85, 'Marilie', 'Daniel', 'kmills@example.org', '546.944.6935x731', '1981-03-01 00:50:03', '2016-03-16 23:29:27');
INSERT INTO `users` (`id`, `first_name`, `last_name`, `email`, `phone`, `created_at`, `updated_at`) VALUES (86, 'Arnaldo', 'Lehner', 'lucie54@example.com', '(058)303-4568x7960', '2015-12-07 06:16:45', '1992-11-26 03:13:57');
INSERT INTO `users` (`id`, `first_name`, `last_name`, `email`, `phone`, `created_at`, `updated_at`) VALUES (87, 'Heaven', 'McDermott', 'barrett30@example.org', '02450162526', '1979-11-18 01:37:50', '2014-01-16 18:19:48');
INSERT INTO `users` (`id`, `first_name`, `last_name`, `email`, `phone`, `created_at`, `updated_at`) VALUES (88, 'Rita', 'Balistreri', 'bcruickshank@example.net', '759-647-4750', '1986-11-28 20:42:00', '1980-04-06 07:43:43');
INSERT INTO `users` (`id`, `first_name`, `last_name`, `email`, `phone`, `created_at`, `updated_at`) VALUES (89, 'Franz', 'Weissnat', 'ptrantow@example.org', '+31(5)9711565316', '1999-06-22 02:41:28', '1974-12-18 12:08:33');
INSERT INTO `users` (`id`, `first_name`, `last_name`, `email`, `phone`, `created_at`, `updated_at`) VALUES (90, 'Taylor', 'Becker', 'altenwerth.merritt@example.com', '1-949-835-7126x9400', '1970-10-03 05:35:20', '1989-02-28 12:33:52');
INSERT INTO `users` (`id`, `first_name`, `last_name`, `email`, `phone`, `created_at`, `updated_at`) VALUES (91, 'Telly', 'Lind', 'marlen.nitzsche@example.net', '(478)986-9141x9459', '1970-05-10 11:12:56', '1975-02-27 06:41:08');
INSERT INTO `users` (`id`, `first_name`, `last_name`, `email`, `phone`, `created_at`, `updated_at`) VALUES (92, 'Clemmie', 'Hilll', 'efren.simonis@example.org', '07475998057', '1999-08-25 10:03:11', '2012-10-01 12:20:05');
INSERT INTO `users` (`id`, `first_name`, `last_name`, `email`, `phone`, `created_at`, `updated_at`) VALUES (93, 'Hayley', 'Grady', 'walker.friedrich@example.com', '1-829-001-8070x4189', '2017-08-28 12:49:46', '2018-09-18 19:17:08');
INSERT INTO `users` (`id`, `first_name`, `last_name`, `email`, `phone`, `created_at`, `updated_at`) VALUES (94, 'Amani', 'Rice', 'wcasper@example.com', '(946)517-3354', '1996-03-08 17:47:07', '2015-11-10 11:22:44');
INSERT INTO `users` (`id`, `first_name`, `last_name`, `email`, `phone`, `created_at`, `updated_at`) VALUES (95, 'Abraham', 'Kunde', 'mueller.elfrieda@example.org', '+20(5)1457809858', '1991-01-10 00:03:41', '2017-08-09 15:35:33');
INSERT INTO `users` (`id`, `first_name`, `last_name`, `email`, `phone`, `created_at`, `updated_at`) VALUES (96, 'Yvette', 'Langosh', 'lonnie51@example.com', '02083021519', '1989-10-05 02:12:22', '1995-08-15 06:34:57');
INSERT INTO `users` (`id`, `first_name`, `last_name`, `email`, `phone`, `created_at`, `updated_at`) VALUES (97, 'Edyth', 'Okuneva', 'jennings51@example.com', '+58(7)8547334834', '1976-12-18 02:57:45', '1995-06-23 10:48:17');
INSERT INTO `users` (`id`, `first_name`, `last_name`, `email`, `phone`, `created_at`, `updated_at`) VALUES (98, 'Carter', 'Sipes', 'glenda.kautzer@example.net', '649.611.1475', '2016-09-01 09:45:03', '1986-09-29 15:03:25');
INSERT INTO `users` (`id`, `first_name`, `last_name`, `email`, `phone`, `created_at`, `updated_at`) VALUES (99, 'Marjory', 'Rempel', 'jerod.collins@example.com', '(933)799-9424x2190', '1988-04-20 19:42:16', '2004-04-01 13:06:15');
INSERT INTO `users` (`id`, `first_name`, `last_name`, `email`, `phone`, `created_at`, `updated_at`) VALUES (100, 'Otis', 'Kreiger', 'kdare@example.com', '207-339-3810x4207', '2020-03-25 17:30:08', '2003-11-16 09:27:35');


