USE my_library; 

/*SET FOREIGN_KEY_CHECKS = 0;

TRUNCATE books;
TRUNCATE books_files;
TRUNCATE comments;
TRUNCATE comments_type;
TRUNCATE hashtags;
TRUNCATE hashtags_table;
TRUNCATE outer_links;
TRUNCATE publishers;
TRUNCATE type_files;
TRUNCATE writers;

SET FOREIGN_KEY_CHECKS = 1; */
-- *****************************************************************************
-- *****************************************************************************
SELECT * from writers;
INSERT INTO writers (id, name, `text`) VALUES
(3,'Холден Карау, Рейчел Уоррен','Холден Карау, Рейчел Уоррен is a computer programmer who has spent much of the last 20 years writing books about programming languages.'),
(1,'Oswald Campesato','Oswald Campesato is a computer programmer who has spent much of the last 20 years writing books about programming languages.'),
(5,'David Julian','David Julian is a computer programmer who has spent much of the last 20 years writing books about programming languages.'),
(7,'Mark Clow','Mark Clow is a computer programmer who has spent much of the last 20 years writing books about programming languages.'),
(8,'Нараян Прасти','Нараян Прасти is a computer programmer who has spent much of the last 20 years writing books about programming languages.'),
(9,'Тимур Машнин','Тимур Машнин is a computer programmer who has spent much of the last 20 years writing books about programming languages.'),
(11,'David Paper','David Paper is a computer programmer who has spent much of the last 20 years writing books about programming languages.'),
(13,'Р. Митчелл','Р. Митчелл is a computer programmer who has spent much of the last 20 years writing books about programming languages.'),
(14,'Кирупа Чиннатамби','Кирупа Чиннатамби is a computer programmer who has spent much of the last 20 years writing books about programming languages.'),
(15,'Джеймс Грофф, Пол Вайнберг, Эндрю Оппель','Джеймс Грофф, Пол Вайнберг, Эндрю Оппель is a computer programmer who has spent much of the last 20 years writing books about programming languages.'),
(16,'Jacqueline Kazil and Katharine Jarmul','Jacqueline Kazil and Katharine Jarmul is a computer programmer who has spent much of the last 20 years writing books about programming languages.'),
(17,'Даг Хеллман','Даг Хеллман is a computer programmer who has spent much of the last 20 years writing books about programming languages.'),
(18,'Jayadevan Maymala','Jayadevan Maymala is a computer programmer who has spent much of the last 20 years writing books about programming languages.'),
(19,'Tero Parviainen','Tero Parviainen is a computer programmer who has spent much of the last 20 years writing books about programming languages.'),
(21,'Ben Stephenson','Ben Stephenson is a computer programmer who has spent much of the last 20 years writing books about programming languages.'),
(22,'Butler and Kevin Yank','Butler and Kevin Yank is a computer programmer who has spent much of the last 20 years writing books about programming languages.'),
(24,'Gordon S. Linoff','Gordon S. Linoff is a computer programmer who has spent much of the last 20 years writing books about programming languages.'),
(25,'William F. Punch, Richard Enbody','William F. Punch, Richard Enbody is a computer programmer who has spent much of the last 20 years writing books about programming languages.'),
(26,'Samuli Natri','Samuli Natri is a computer programmer who has spent much of the last 20 years writing books about programming languages.'),
(28,'Adam Freeman','Adam Freeman is a computer programmer who has spent much of the last 20 years writing books about programming languages.'),
(29,'Сысоева М.В., Сысоев И.В -','Сысоева М.В., Сысоев И.В - is a computer programmer who has spent much of the last 20 years writing books about programming languages.'),
(31,'Paul Vincent Craven','Paul Vincent Craven is a computer programmer who has spent much of the last 20 years writing books about programming languages.'),
(32,'Натан Розенталс','Натан Розенталс is a computer programmer who has spent much of the last 20 years writing books about programming languages.'),
(33,'2017','2017 is a computer programmer who has spent much of the last 20 years writing books about programming languages.'),
(34,'2020','2020 is a computer programmer who has spent much of the last 20 years writing books about programming languages.'),
(35,'Рашка С.','Рашка С. is a computer programmer who has spent much of the last 20 years writing books about programming languages.'),
(36,'Браун Итан','Браун Итан is a computer programmer who has spent much of the last 20 years writing books about programming languages.'),
(37,'Kyle Banker, Peter Bakkum, Shaun Verch, Douglas Garrett, Tim Hawkins','Kyle Banker, Peter Bakkum, Shaun Verch, Douglas Garrett, Tim Hawkins is a computer programmer who has spent much of the last 20 years writing books about programming languages.'),
(39,'2019','2019 is a computer programmer who has spent much of the last 20 years writing books about programming languages.'),
(42,'Tiago Antao','Tiago Antao is a computer programmer who has spent much of the last 20 years writing books about programming languages.'),
(44,'Васильев А.Н.','Васильев А.Н. is a computer programmer who has spent much of the last 20 years writing books about programming languages.'),
(45,'Nate Murray, Felipe Coury, Ari Lerner, and Carlos Taborda','Nate Murray, Felipe Coury, Ari Lerner, and Carlos Taborda is a computer programmer who has spent much of the last 20 years writing books about programming languages.'),
(46,'David Hows, Peter Membrey, Eelco Plugge, Tim Hawkins','David Hows, Peter Membrey, Eelco Plugge, Tim Hawkins is a computer programmer who has spent much of the last 20 years writing books about programming languages.'),
(50,'Святослав Куликов','Святослав Куликов is a computer programmer who has spent much of the last 20 years writing books about programming languages.'),
(51,'Graeme Stuart','Graeme Stuart is a computer programmer who has spent much of the last 20 years writing books about programming languages.'),
(53,'Brian Allbee','Brian Allbee is a computer programmer who has spent much of the last 20 years writing books about programming languages.'),
(54,'Потопахин В.В.','Потопахин В.В. is a computer programmer who has spent much of the last 20 years writing books about programming languages.'),
(56,'Matthijs Hollemans, Chris LaPollo & Audrey Tam','Matthijs Hollemans, Chris LaPollo & Audrey Tam is a computer programmer who has spent much of the last 20 years writing books about programming languages.'),
(57,'Burkhard A. Meier','Burkhard A. Meier is a computer programmer who has spent much of the last 20 years writing books about programming languages.'),
(59,'Абдрахманов М.И.','Абдрахманов М.И. is a computer programmer who has spent much of the last 20 years writing books about programming languages.'),
(61,'Этан Браун','Этан Браун is a computer programmer who has spent much of the last 20 years writing books about programming languages.'),
(62,'В. Ю. Кара-Ушанов','В. Ю. Кара-Ушанов is a computer programmer who has spent much of the last 20 years writing books about programming languages.'),
(63,'Tim J. Stevens, Wayne Bouch','Tim J. Stevens, Wayne Bouch is a computer programmer who has spent much of the last 20 years writing books about programming languages.'),
(65,'Дэвидсон-Пайлон Кэмерон','Дэвидсон-Пайлон Кэмерон is a computer programmer who has spent much of the last 20 years writing books about programming languages.'),
(66,'Hans-J?rgen Sch?nig','Hans-J?rgen Sch?nig is a computer programmer who has spent much of the last 20 years writing books about programming languages.'),
(68,'Kyran Dale','Kyran Dale is a computer programmer who has spent much of the last 20 years writing books about programming languages.'),
(69,'Sumit Pal','Sumit Pal is a computer programmer who has spent much of the last 20 years writing books about programming languages.'),
(71,'Ganesh Sanjiv Naik','Ganesh Sanjiv Naik is a computer programmer who has spent much of the last 20 years writing books about programming languages.'),
(73,'John Resig, Russ Ferguson, John Paxton','John Resig, Russ Ferguson, John Paxton is a computer programmer who has spent much of the last 20 years writing books about programming languages.'),
(74,'И.Ю. Баженова','И.Ю. Баженова is a computer programmer who has spent much of the last 20 years writing books about programming languages.'),
(75,'William S. Vincent','William S. Vincent is a computer programmer who has spent much of the last 20 years writing books about programming languages.'),
(76,'Fernando Monteiro','Fernando Monteiro is a computer programmer who has spent much of the last 20 years writing books about programming languages.'),
(77,'Никольский А.П.','Никольский А.П. is a computer programmer who has spent much of the last 20 years writing books about programming languages.'),
(78,'Connor P. Milliken','Connor P. Milliken is a computer programmer who has spent much of the last 20 years writing books about programming languages.'),
(79,'Зед Шоу','Зед Шоу is a computer programmer who has spent much of the last 20 years writing books about programming languages.'),
(80,'Кук Д.','Кук Д. is a computer programmer who has spent much of the last 20 years writing books about programming languages.'),
(81,'Моргунов, Е. П.','Моргунов, Е. П. is a computer programmer who has spent much of the last 20 years writing books about programming languages.'),
(82,'Kirthi Raman','Kirthi Raman is a computer programmer who has spent much of the last 20 years writing books about programming languages.'),
(83,'Katharine Jarmul, Richard Lawson','Katharine Jarmul, Richard Lawson is a computer programmer who has spent much of the last 20 years writing books about programming languages.'),
(84,'Н. А. Прохоренок, В. А. Дронов','Н. А. Прохоренок, В. А. Дронов is a computer programmer who has spent much of the last 20 years writing books about programming languages.'),
(85,'Simon Riggs, Gianni Ciolli, Gabriele Bartolini','Simon Riggs, Gianni Ciolli, Gabriele Bartolini is a computer programmer who has spent much of the last 20 years writing books about programming languages.'),
(87,'Antonio Mel?','Antonio Mel? is a computer programmer who has spent much of the last 20 years writing books about programming languages.'),
(88,'Louis Davidson, Stacia Varga','Louis Davidson, Stacia Varga is a computer programmer who has spent much of the last 20 years writing books about programming languages.'),
(90,'Obi Ike-Nwosu','Obi Ike-Nwosu is a computer programmer who has spent much of the last 20 years writing books about programming languages.'),
(91,'Joey Bernard','Joey Bernard is a computer programmer who has spent much of the last 20 years writing books about programming languages.'),
(92,'Rod Stephens','Rod Stephens is a computer programmer who has spent much of the last 20 years writing books about programming languages.'),
(93,'David Barber','David Barber is a computer programmer who has spent much of the last 20 years writing books about programming languages.'),
(94,'Ганс-Юрген Шёниг','Ганс-Юрген Шёниг is a computer programmer who has spent much of the last 20 years writing books about programming languages.'),
(95,'Robert Johansson','Robert Johansson is a computer programmer who has spent much of the last 20 years writing books about programming languages.'),
(97,'Рининсланд Э., Теллер С.','Рининсланд Э., Теллер С. is a computer programmer who has spent much of the last 20 years writing books about programming languages.'),
(98,'Dr. Ossama Embarak','Dr. Ossama Embarak is a computer programmer who has spent much of the last 20 years writing books about programming languages.'),
(99,'Седер Наоми','Седер Наоми is a computer programmer who has spent much of the last 20 years writing books about programming languages.'),
(100,'Bill Lubanovic','Bill Lubanovic is a computer programmer who has spent much of the last 20 years writing books about programming languages.'),
(101,'Бринк Х., Ричардс Дж., Феверолф М.','Бринк Х., Ричардс Дж., Феверолф М. is a computer programmer who has spent much of the last 20 years writing books about programming languages.'),
(103,'Galit Shmueli, Peter C. Bruce, Nitin R. Patel','Galit Shmueli, Peter C. Bruce, Nitin R. Patel is a computer programmer who has spent much of the last 20 years writing books about programming languages.'),
(104,'Dan Sanderson','Dan Sanderson is a computer programmer who has spent much of the last 20 years writing books about programming languages.'),
(105,'Уэс Маккинли','Уэс Маккинли is a computer programmer who has spent much of the last 20 years writing books about programming languages.'),
(106,'Benjamin Weissman, Enrico van de Laar','Benjamin Weissman, Enrico van de Laar is a computer programmer who has spent much of the last 20 years writing books about programming languages.'),
(107,'Joe Minichino, Joseph Howse','Joe Minichino, Joseph Howse is a computer programmer who has spent much of the last 20 years writing books about programming languages.'),
(108,'Thomas Claudius Huber','Thomas Claudius Huber is a computer programmer who has spent much of the last 20 years writing books about programming languages.'),
(110,'Oliver Soranson','Oliver Soranson is a computer programmer who has spent much of the last 20 years writing books about programming languages.'),
(111,'Majid Hajian','Majid Hajian is a computer programmer who has spent much of the last 20 years writing books about programming languages.');
-- *****************************************************************************
-- *****************************************************************************
SELECT * from publishers;
INSERT INTO publishers (id, name) VALUES
(1,'channel1425821275');
-- *****************************************************************************
-- *****************************************************************************
SELECT * from books;
INSERT INTO books (id, name, id_writer, id_publisher, `year`,book_size) VALUES
(1535,'Программирование для нормальных с нуля на языке Python: В двух частях. Часть 1',29,1,2018,223),
(1476,'Angular 4. Pocket Primer',1,1,2018,20),
(1480,'Эффективный Spark. Масштабирование и оптимизация',3,1,2018,1045),
(1483,'Designing Machine Learning Systems with Python',5,1,2016,224),
(1486,'Angular 5 Projects',7,1,2018,727),
(1489,'Введение в ECMAScript 6',8,1,2016,392),
(1491,'Bootstrap: Быстрое создание современных сайтов',9,1,2016,749),
(1493,'Data Science Fundamentals for Python and MongoDB',11,1,2018,955),
(1496,'Скрапинг веб-сайтов с помощью Python',13,1,2016,103),
(1499,'Изучаем React',14,1,2019,473),
(1502,'SQL: полное руководство, 3-е изд.',15,1,2015,1166),
(1505,'Data Wrangling with Python',16,1,2018,980),
(1507,'Стандартная библиотека Python 3',17,1,2019,444),
(1510,'PostgreSQL for Data Architects',18,1,2015,1493),
(1513,'Build Your Own AngularJS',19,1,2015,1325),
(1516,'The Python Workbook: A Brief Introduction with Exercises and Solutions, Second Edition',21,1,2019,972),
(1518,'PHP & MySQL: Novice to Ninja, 6th Edition',22,1,2017,1148),
(1521,'Data Analysis Using SQL and Excel, Second Edition',24,1,2016,83),
(1524,'The Practice of Computing Using Python, 3rd Edition',25,1,2017,1381),
(1527,'Django - The Easy Way (2nd Edition)',26,1,2018,1345),
(1533,'Pro Angular, Second Edition',28,1,2017,452),
(1537,'Program Arcade Games: With Python and Pygame, Fourth Edition',31,1,2016,1222),
(1540,'Изучаем TypeScript 3',32,1,2019,61),
(1543,'Pro HTML5 with CSS, JavaScript, and Multimedia: Complete Website Development and Best Practices',33,1,2018,88),
(1546,'Automate the Boring Stuff with Python, 2nd Edition',34,1,2018,1228),
(1550,'Python и машинное обучение',35,1,2017,32),
(1555,'Веб-разработка с применением Node и Express. Полноценное использование стека JavaScript',36,1,2017,120),
(1558,'MongoDB in Action, 2nd edition',37,1,2016,507),
(1561,'Building REST APIs with Flask: Create Python Web Services with MySQL',39,1,2018,714),
(1565,'Bioinformatics with Python Cookbook',42,1,2015,1187),
(1567,'Python на примерах. Практический курс · по программированию',44,1,2016,738),
(1570,'ng-book 2. The Complete Guide to Angular',45,1,2017,441),
(1573,'The Definitive Guide to MongoDB: A complete guide to dealing with Big Data using MongoDB, Third Edition',46,1,2015,1345),
(1576,'Essential TypeScript',28,1,2019,618),
(1579,'Работа с MySQL, MS SQL Server и Oracle в примерах',50,1,2019,674),
(1583,'Introducing JavaScript Game Development',51,1,2017,90),
(1585,'Hands-On Software Engineering with Python',53,1,2018,326),
(1587,'Романтика искусственного интеллекта',54,1,2017,617),
(1590,'Machine Learning by Tutorials',56,1,2019,500),
(1593,'Python GUI Programming Cookbook, Second Edition',57,1,2017,1059),
(1597,'Python. Уроки. 1-е издание',59,1,2017,948),
(1600,'Изучаем JavaScript: руководство по созданию современных веб-сайтов, 3-е изд.',61,1,2017,924),
(1602,'SQL - язык реляционных баз данных',62,1,2016,185),
(1606,'Python Programming for Biology',63,1,2015,515),
(1609,'Вероятностное программирование на Python: байесовский вывод и алгоритмы',65,1,2019,232),
(1613,'PostgreSQL Replication, Second Edition',66,1,2016,1413),
(1616,'Data Visualization with Python and JavaScript',68,1,2016,1487),
(1619,'SQL on Big Data: Technology, Architecture, and Innovation',69,1,2016,982),
(1621,'Mastering Python Scripting for System Administrators',71,1,2019,1255),
(1624,'Pro JavaScript Techniques, 2nd Edition',73,1,2015,860),
(1626,'SQL и процедурно-ориентированные языки программирования',74,1,2016,1140),
(1627,'Django for Beginners',75,1,2018,1254),
(1631,'AngularJS Directives Cookbook',76,1,2015,301),
(1633,'Javascript на примерах',77,1,2017,1069),
(1634,'Python Projects for Beginners',78,1,2020,179),
(1636,'Легкий способ выучить Python',79,1,2017,1096),
(1639,'Машинное обучение с использованием библиотеки Н2О',80,1,2018,633),
(1640,'Язык SQL. Базовый курс: учеб.-практ. пособие',81,1,2017,994),
(1643,'Mastering Python Data Visualization',82,1,2015,59),
(1644,'Python Web Scraping, Second Edition',83,1,2017,195),
(1646,'Python 3. Самое необходимое, 2-е издание',84,1,2016,769),
(1648,'PostgreSQL Administration Cookbook',85,1,2017,787),
(1651,'Django 2 by Example',87,1,2018,1480),
(1653,'Developing SQL Databases',88,1,2017,1395),
(1655,'Inside The Python Virtual Machine',90,1,2017,647),
(1657,'Python Recipes Handbook: A Problem-Solution Approach',91,1,2016,1053),
(1658,'Essential Algorithms: A Practical Approach to Computer Algorithms Using Python ® and C#',92,1,2019,873),
(1660,'Bayesian Reasoning and Machine Learning',93,1,2016,117),
(1662,'PostgreSQL 11 Мастерство разработки',94,1,2019,951),
(1664,'Numerical Python: Scientific Computing and Data Science Applications with
Numpy, SciPy and Matplotlib',95,1,2019,387),
(1667,'Визуализация данных с помощью библиотеки D3.js 4.x',97,1,2017,888),
(1669,'Data Analysis and Visualization Using Python',98,1,2018,440),
(1672,'Python. Экспресс-курс. 3-е изд.',99,1,2019,503),
(1675,'Introducing Python: Modern Computing in Simple Packages, 2nd Edition',100,1,2020,668),
(1676,'Машинное обучение',101,1,2017,1069),
(1679,'SQL — язык реляционных баз данных',62,1,2018,651),
(1682,'Data Mining for Business Analytics',103,1,2020,763),
(1683,'Programming Google App Engine with Python',104,1,2015,199),
(1685,'Python и анализ данных',105,1,2015,298),
(1686,'SQL Server Big Data Clusters: Data Virtualization, Data Lake, and AI Platform, Second Edition',106,1,2020,114),
(1688,'Learning OpenCV 3 Computer Vision with Python, Second Edition',107,1,2015,814),
(1690,'Getting Started with TypeScript',108,1,2017,615),
(1692,'Learning Python',110,1,2019,110),
(1696,'Progressive Web Apps with Angular',111,1,2019,1239);
-- *****************************************************************************
-- *****************************************************************************
SELECT * from type_files;
INSERT INTO type_files (id, name) VALUES
(1,'обложка'), (2,'текст книги'), (3,'аудиокнига');
-- *****************************************************************************
-- *****************************************************************************
SELECT * from books_files;
INSERT INTO books_files ( id_book, id_file_type, name, link, extension, `size`) VALUES
(1476, 2, 'текст книги','files/ANGULAR 4 Pocket Primer.pdf','pdf',4184),
(1476, 1, 'обложка книги','photos/photo_131@02-01-2021_12-05-00.jpg','jpg',943),
(1480, 1, 'обложка книги','photos/photo_132@04-01-2021_13-35-00.jpg','jpg',589),
(1480, 2, 'текст книги','files/Карау_Х_,_Уоррен_Р_Эффективный_Spark.pdf','pdf',9607),
(1483, 1, 'обложка книги','photos/photo_133@06-01-2021_13-55-00.jpg','jpg',597),
(1483, 2, 'текст книги','files/Designing Machine Learning Systems with Python (en).epub','pdf',1246),
(1486, 1, 'обложка книги','photos/photo_134@08-01-2021_11-55-00.jpg','jpg',906),
(1489, 1, 'обложка книги','photos/photo_135@10-01-2021_13-10-00.jpg','jpg',564),
(1491, 1, 'обложка книги','photos/photo_136@10-01-2021_13-15-00.jpg','jpg',739),
(1491, 2, 'текст книги','files/Bootstrap_Быстрое_создание_современных_сайтов_2016.pdf','pdf',2217),
(1493, 1, 'обложка книги','photos/photo_137@12-01-2021_11-35-00.jpg','jpg',590),
(1493, 2, 'текст книги','files/Data Science Fundamentals for Python and MongoDB.pdf','pdf',8722),
(1496, 1, 'обложка книги','photos/photo_138@14-01-2021_13-00-04.jpg','jpg',762),
(1499, 1, 'обложка книги','photos/photo_139@16-01-2021_12-00-04.jpg','jpg',453),
(1502, 1, 'обложка книги','photos/photo_140@18-01-2021_12-00-04.jpg','jpg',692),
(1505, 1, 'обложка книги','photos/photo_141@20-01-2021_21-00-04.jpg','jpg',330),
(1507, 1, 'обложка книги','photos/photo_142@22-01-2021_12-00-05.jpg','jpg',781),
(1510, 1, 'обложка книги','photos/photo_143@24-01-2021_13-15-00.jpg','jpg',342),
(1513, 1, 'обложка книги','photos/photo_144@26-01-2021_12-40-00.jpg','jpg',643),
(1513, 2, 'текст книги','files/Build Your Own Angular (en).pdf','pdf',2605),
(1516, 1, 'обложка книги','photos/photo_145@27-01-2021_21-40-00.jpg','jpg',863),
(1518, 1, 'обложка книги','photos/photo_146@28-01-2021_11-55-00.jpg','jpg',800),
(1518, 2, 'текст книги','files/PHP & MySQL_ Novice to Ninja, 6th Edition.pdf','pdf',9974),
(1521, 1, 'обложка книги','photos/photo_147@28-01-2021_23-05-00.jpg','jpg',501),
(1524, 1, 'обложка книги','photos/photo_148@29-01-2021_17-30-03.jpg','jpg',409),
(1527, 1, 'обложка книги','photos/photo_149@30-01-2021_13-40-00.jpg','jpg',415),
(1527, 2, 'текст книги','files/Django_The_Easy_Way__A_step_by_step.pdf','pdf',2077),
(1533, 1, 'обложка книги','photos/photo_150@02-02-2021_16-30-00.jpg','jpg',928),
(1535, 1, 'обложка книги','photos/photo_151@04-02-2021_12-45-00.jpg','jpg',328),
(1535, 2, 'текст книги','files/Сысоева_Программирование_для_нормальных.pdf','pdf',9280),
(1537, 1, 'обложка книги','photos/photo_152@06-02-2021_11-55-00.jpg','jpg',348),
(1540, 1, 'обложка книги','photos/photo_153@08-02-2021_11-40-00.jpg','jpg',656),
(1543, 1, 'обложка книги','photos/photo_154@10-02-2021_12-00-06.jpg','jpg',317),
(1546, 1, 'обложка книги','photos/photo_155@12-02-2021_13-00-06.jpg','jpg',750),
(1550, 1, 'обложка книги','photos/photo_156@14-02-2021_12-10-00.jpg','jpg',576),
(1555, 1, 'обложка книги','photos/photo_157@16-02-2021_13-05-00.jpg','jpg',745),
(1558, 1, 'обложка книги','photos/photo_158@18-02-2021_12-20-00.jpg','jpg',960),
(1558, 2, 'текст книги','files/MongoDB-in-Action-2nd-Edition.pdf','pdf',9872),
(1561, 1, 'обложка книги','photos/photo_159@20-02-2021_12-10-00.jpg','jpg',832),
(1561, 2, 'текст книги','files/Building REST APIs with Flask.epub','pdf',1368),
(1561, 2, 'текст книги','files/Building_REST_APIs_with_Flask_Create_Python_Web_Services_with_MySQL.pdf','pdf',1887),
(1565, 1, 'обложка книги','photos/photo_160@20-02-2021_19-00-04.jpg','jpg',670),
(1565, 2, 'текст книги','files/Bioinformatics with Python Cookbook.pdf','pdf',9340),
(1567, 1, 'обложка книги','photos/photo_161@22-02-2021_13-00-03.jpg','jpg',881),
(1570, 1, 'обложка книги','photos/photo_162@26-02-2021_12-55-00.jpg','jpg',662),
(1573, 1, 'обложка книги','photos/photo_163@28-02-2021_13-40-00.jpg','jpg',311),
(1573, 2, 'текст книги','files/The Definitive Guide to MongoDB, Third Edition.pdf','pdf',4581),
(1576, 1, 'обложка книги','photos/photo_164@02-03-2021_12-00-07.jpg','jpg',321),
(1576, 2, 'текст книги','files/Essential TypeScript.epub','pdf',4560),
(1579, 1, 'обложка книги','photos/photo_165@04-03-2021_12-20-00.jpg','jpg',846),
(1583, 1, 'обложка книги','photos/photo_166@05-03-2021_11-00-08.jpg','jpg',816),
(1583, 2, 'текст книги','files/Introducing JS Game Development (en).pdf','pdf',4967),
(1585, 1, 'обложка книги','photos/photo_167@06-03-2021_12-00-05.jpg','jpg',692),
(1587, 1, 'обложка книги','photos/photo_168@08-03-2021_12-00-08.jpg','jpg',844),
(1587, 2, 'текст книги','files/Романтика_искусственного_интеллекта.pdf','pdf',9156),
(1590, 1, 'обложка книги','photos/photo_169@10-03-2021_12-00-08.jpg','jpg',311),
(1593, 1, 'обложка книги','photos/photo_170@12-03-2021_12-40-00.jpg','jpg',832),
(1593, 2, 'текст книги','files/[Burkhard_A._Meier]_Python_GUI_Programming_Cookboo.pdf','pdf',8915),
(1597, 1, 'обложка книги','photos/photo_171@14-03-2021_12-00-05.jpg','jpg',959),
(1597, 2, 'текст книги','files/М.И. Абдрахманов_2017_Python.Lessons_ч.1..pdf','pdf',5577),
(1600, 1, 'обложка книги','photos/photo_172@16-03-2021_12-20-00.jpg','jpg',593),
(1602, 1, 'обложка книги','photos/photo_173@18-03-2021_13-05-00.jpg','jpg',385),
(1606, 1, 'обложка книги','photos/photo_174@20-03-2021_11-30-00.jpg','jpg',897),
(1606, 2, 'текст книги','files/[Tim_J._Stevens,_Wayne_Boucher]_Python_Programming.pdf','pdf',6228),
(1609, 1, 'обложка книги','photos/photo_175@22-03-2021_11-40-00.jpg','jpg',796),
(1613, 1, 'обложка книги','photos/photo_176@23-03-2021_17-00-06.jpg','jpg',334),
(1613, 2, 'текст книги','files/PostgreSQL Replication.pdf','pdf',6063),
(1616, 1, 'обложка книги','photos/photo_177@26-03-2021_13-00-04.jpg','jpg',586),
(1619, 1, 'обложка книги','photos/photo_178@28-03-2021_12-00-07.jpg','jpg',427),
(1619, 2, 'текст книги','files/SQL on Big Data.pdf','pdf',2466),
(1621, 1, 'обложка книги','photos/photo_179@30-03-2021_13-40-00.jpg','jpg',302),
(1621, 2, 'текст книги','files/[Ganesh_Sanjiv_Naik]_Mastering_Python_Scripting_fo.epub','pdf',5063),
(1624, 1, 'обложка книги','photos/photo_180@02-04-2021_12-55-00.jpg','jpg',642),
(1626, 1, 'обложка книги','photos/photo_181@04-04-2021_14-20-00.jpg','jpg',457);
-- *****************************************************************************
-- *****************************************************************************
SELECT * from outer_links;
INSERT INTO outer_links ( id_book, link, site) VALUES
(1480,'{"name": "Книги по программированию","type": "public_channel","id": 1425821275,"messages":[{"id": 1480}]}','telegram'),
(1476,'{"name": "Книги по программированию","type": "public_channel","id": 1425821275,"messages":[{"id": 1476}]}','telegram'),
(1483,'{"name": "Книги по программированию","type": "public_channel","id": 1425821275,"messages":[{"id": 1483}]}','telegram'),
(1486,'{"name": "Книги по программированию","type": "public_channel","id": 1425821275,"messages":[{"id": 1486}]}','telegram'),
(1489,'{"name": "Книги по программированию","type": "public_channel","id": 1425821275,"messages":[{"id": 1489}]}','telegram'),
(1491,'{"name": "Книги по программированию","type": "public_channel","id": 1425821275,"messages":[{"id": 1491}]}','telegram'),
(1493,'{"name": "Книги по программированию","type": "public_channel","id": 1425821275,"messages":[{"id": 1493}]}','telegram'),
(1496,'{"name": "Книги по программированию","type": "public_channel","id": 1425821275,"messages":[{"id": 1496}]}','telegram'),
(1499,'{"name": "Книги по программированию","type": "public_channel","id": 1425821275,"messages":[{"id": 1499}]}','telegram'),
(1502,'{"name": "Книги по программированию","type": "public_channel","id": 1425821275,"messages":[{"id": 1502}]}','telegram'),
(1505,'{"name": "Книги по программированию","type": "public_channel","id": 1425821275,"messages":[{"id": 1505}]}','telegram'),
(1507,'{"name": "Книги по программированию","type": "public_channel","id": 1425821275,"messages":[{"id": 1507}]}','telegram'),
(1510,'{"name": "Книги по программированию","type": "public_channel","id": 1425821275,"messages":[{"id": 1510}]}','telegram'),
(1513,'{"name": "Книги по программированию","type": "public_channel","id": 1425821275,"messages":[{"id": 1513}]}','telegram'),
(1516,'{"name": "Книги по программированию","type": "public_channel","id": 1425821275,"messages":[{"id": 1516}]}','telegram'),
(1518,'{"name": "Книги по программированию","type": "public_channel","id": 1425821275,"messages":[{"id": 1518}]}','telegram'),
(1521,'{"name": "Книги по программированию","type": "public_channel","id": 1425821275,"messages":[{"id": 1521}]}','telegram'),
(1524,'{"name": "Книги по программированию","type": "public_channel","id": 1425821275,"messages":[{"id": 1524}]}','telegram'),
(1527,'{"name": "Книги по программированию","type": "public_channel","id": 1425821275,"messages":[{"id": 1527}]}','telegram'),
(1533,'{"name": "Книги по программированию","type": "public_channel","id": 1425821275,"messages":[{"id": 1533}]}','telegram'),
(1535,'{"name": "Книги по программированию","type": "public_channel","id": 1425821275,"messages":[{"id": 1535}]}','telegram'),
(1537,'{"name": "Книги по программированию","type": "public_channel","id": 1425821275,"messages":[{"id": 1537}]}','telegram'),
(1540,'{"name": "Книги по программированию","type": "public_channel","id": 1425821275,"messages":[{"id": 1540}]}','telegram'),
(1543,'{"name": "Книги по программированию","type": "public_channel","id": 1425821275,"messages":[{"id": 1543}]}','telegram'),
(1546,'{"name": "Книги по программированию","type": "public_channel","id": 1425821275,"messages":[{"id": 1546}]}','telegram'),
(1550,'{"name": "Книги по программированию","type": "public_channel","id": 1425821275,"messages":[{"id": 1550}]}','telegram'),
(1555,'{"name": "Книги по программированию","type": "public_channel","id": 1425821275,"messages":[{"id": 1555}]}','telegram'),
(1558,'{"name": "Книги по программированию","type": "public_channel","id": 1425821275,"messages":[{"id": 1558}]}','telegram'),
(1561,'{"name": "Книги по программированию","type": "public_channel","id": 1425821275,"messages":[{"id": 1561}]}','telegram'),
(1565,'{"name": "Книги по программированию","type": "public_channel","id": 1425821275,"messages":[{"id": 1565}]}','telegram'),
(1567,'{"name": "Книги по программированию","type": "public_channel","id": 1425821275,"messages":[{"id": 1567}]}','telegram'),
(1570,'{"name": "Книги по программированию","type": "public_channel","id": 1425821275,"messages":[{"id": 1570}]}','telegram'),
(1573,'{"name": "Книги по программированию","type": "public_channel","id": 1425821275,"messages":[{"id": 1573}]}','telegram'),
(1576,'{"name": "Книги по программированию","type": "public_channel","id": 1425821275,"messages":[{"id": 1576}]}','telegram'),
(1579,'{"name": "Книги по программированию","type": "public_channel","id": 1425821275,"messages":[{"id": 1579}]}','telegram'),
(1583,'{"name": "Книги по программированию","type": "public_channel","id": 1425821275,"messages":[{"id": 1583}]}','telegram'),
(1585,'{"name": "Книги по программированию","type": "public_channel","id": 1425821275,"messages":[{"id": 1585}]}','telegram'),
(1587,'{"name": "Книги по программированию","type": "public_channel","id": 1425821275,"messages":[{"id": 1587}]}','telegram'),
(1590,'{"name": "Книги по программированию","type": "public_channel","id": 1425821275,"messages":[{"id": 1590}]}','telegram'),
(1593,'{"name": "Книги по программированию","type": "public_channel","id": 1425821275,"messages":[{"id": 1593}]}','telegram'),
(1597,'{"name": "Книги по программированию","type": "public_channel","id": 1425821275,"messages":[{"id": 1597}]}','telegram'),
(1600,'{"name": "Книги по программированию","type": "public_channel","id": 1425821275,"messages":[{"id": 1600}]}','telegram'),
(1602,'{"name": "Книги по программированию","type": "public_channel","id": 1425821275,"messages":[{"id": 1602}]}','telegram'),
(1606,'{"name": "Книги по программированию","type": "public_channel","id": 1425821275,"messages":[{"id": 1606}]}','telegram'),
(1609,'{"name": "Книги по программированию","type": "public_channel","id": 1425821275,"messages":[{"id": 1609}]}','telegram'),
(1613,'{"name": "Книги по программированию","type": "public_channel","id": 1425821275,"messages":[{"id": 1613}]}','telegram'),
(1616,'{"name": "Книги по программированию","type": "public_channel","id": 1425821275,"messages":[{"id": 1616}]}','telegram'),
(1619,'{"name": "Книги по программированию","type": "public_channel","id": 1425821275,"messages":[{"id": 1619}]}','telegram'),
(1621,'{"name": "Книги по программированию","type": "public_channel","id": 1425821275,"messages":[{"id": 1621}]}','telegram'),
(1624,'{"name": "Книги по программированию","type": "public_channel","id": 1425821275,"messages":[{"id": 1624}]}','telegram'),
(1626,'{"name": "Книги по программированию","type": "public_channel","id": 1425821275,"messages":[{"id": 1626}]}','telegram'),
(1627,'{"name": "Книги по программированию","type": "public_channel","id": 1425821275,"messages":[{"id": 1627}]}','telegram'),
(1631,'{"name": "Книги по программированию","type": "public_channel","id": 1425821275,"messages":[{"id": 1631}]}','telegram'),
(1633,'{"name": "Книги по программированию","type": "public_channel","id": 1425821275,"messages":[{"id": 1633}]}','telegram'),
(1634,'{"name": "Книги по программированию","type": "public_channel","id": 1425821275,"messages":[{"id": 1634}]}','telegram'),
(1636,'{"name": "Книги по программированию","type": "public_channel","id": 1425821275,"messages":[{"id": 1636}]}','telegram'),
(1639,'{"name": "Книги по программированию","type": "public_channel","id": 1425821275,"messages":[{"id": 1639}]}','telegram'),
(1640,'{"name": "Книги по программированию","type": "public_channel","id": 1425821275,"messages":[{"id": 1640}]}','telegram'),
(1643,'{"name": "Книги по программированию","type": "public_channel","id": 1425821275,"messages":[{"id": 1643}]}','telegram'),
(1644,'{"name": "Книги по программированию","type": "public_channel","id": 1425821275,"messages":[{"id": 1644}]}','telegram'),
(1646,'{"name": "Книги по программированию","type": "public_channel","id": 1425821275,"messages":[{"id": 1646}]}','telegram'),
(1648,'{"name": "Книги по программированию","type": "public_channel","id": 1425821275,"messages":[{"id": 1648}]}','telegram'),
(1651,'{"name": "Книги по программированию","type": "public_channel","id": 1425821275,"messages":[{"id": 1651}]}','telegram'),
(1653,'{"name": "Книги по программированию","type": "public_channel","id": 1425821275,"messages":[{"id": 1653}]}','telegram'),
(1655,'{"name": "Книги по программированию","type": "public_channel","id": 1425821275,"messages":[{"id": 1655}]}','telegram'),
(1657,'{"name": "Книги по программированию","type": "public_channel","id": 1425821275,"messages":[{"id": 1657}]}','telegram'),
(1658,'{"name": "Книги по программированию","type": "public_channel","id": 1425821275,"messages":[{"id": 1658}]}','telegram'),
(1660,'{"name": "Книги по программированию","type": "public_channel","id": 1425821275,"messages":[{"id": 1660}]}','telegram'),
(1662,'{"name": "Книги по программированию","type": "public_channel","id": 1425821275,"messages":[{"id": 1662}]}','telegram'),
(1664,'{"name": "Книги по программированию","type": "public_channel","id": 1425821275,"messages":[{"id": 1664}]}','telegram'),
(1667,'{"name": "Книги по программированию","type": "public_channel","id": 1425821275,"messages":[{"id": 1667}]}','telegram'),
(1669,'{"name": "Книги по программированию","type": "public_channel","id": 1425821275,"messages":[{"id": 1669}]}','telegram'),
(1672,'{"name": "Книги по программированию","type": "public_channel","id": 1425821275,"messages":[{"id": 1672}]}','telegram'),
(1675,'{"name": "Книги по программированию","type": "public_channel","id": 1425821275,"messages":[{"id": 1675}]}','telegram'),
(1676,'{"name": "Книги по программированию","type": "public_channel","id": 1425821275,"messages":[{"id": 1676}]}','telegram'),
(1679,'{"name": "Книги по программированию","type": "public_channel","id": 1425821275,"messages":[{"id": 1679}]}','telegram'),
(1682,'{"name": "Книги по программированию","type": "public_channel","id": 1425821275,"messages":[{"id": 1682}]}','telegram'),
(1683,'{"name": "Книги по программированию","type": "public_channel","id": 1425821275,"messages":[{"id": 1683}]}','telegram'),
(1685,'{"name": "Книги по программированию","type": "public_channel","id": 1425821275,"messages":[{"id": 1685}]}','telegram'),
(1686,'{"name": "Книги по программированию","type": "public_channel","id": 1425821275,"messages":[{"id": 1686}]}','telegram'),
(1688,'{"name": "Книги по программированию","type": "public_channel","id": 1425821275,"messages":[{"id": 1688}]}','telegram'),
(1690,'{"name": "Книги по программированию","type": "public_channel","id": 1425821275,"messages":[{"id": 1690}]}','telegram'),
(1692,'{"name": "Книги по программированию","type": "public_channel","id": 1425821275,"messages":[{"id": 1692}]}','telegram'),
(1696,'{"name": "Книги по программированию","type": "public_channel","id": 1425821275,"messages":[{"id": 1696}]}','telegram');
-- *****************************************************************************
-- *****************************************************************************
SELECT * from hashtags_table;
INSERT INTO hashtags_table ( id, name, group_name) VALUES
(3,'#spark','coding'),
(1,'#angular','coding'),
(5,'#python','coding'),
(8,'#ecmascript','coding'),
(9,'#bootstrap','coding'),
(14,'#react','coding'),
(15,'#sql','dbms'),
(18,'#postgresql','dbms'),
(22,'#mysql','dbms'),
(26,'#django','coding'),
(32,'#typescript','coding'),
(33,'#css','coding'),
(36,'#javascript','coding'),
(37,'#mongodb','dbms'),
(54,'#ai','coding'),
(56,'#machine_learning','coding'),
(76,'#angularjs','coding');
-- *****************************************************************************
-- *****************************************************************************
SELECT * from hashtags h ;
INSERT INTO hashtags ( id_book, id_tag) VALUES
(1480,3),
(1476,1),
(1483,5),
(1486,1),
(1489,8),
(1491,9),
(1493,5),
(1496,5),
(1499,14),
(1502,15),
(1505,5),
(1507,5),
(1510,18),
(1513,1),
(1516,5),
(1518,22),
(1521,15),
(1524,5),
(1527,26),
(1533,1),
(1535,5),
(1537,5),
(1540,32),
(1543,33),
(1546,5),
(1550,5),
(1555,36),
(1558,37),
(1561,5),
(1565,5),
(1567,5),
(1570,1),
(1573,37),
(1576,32),
(1579,22),
(1583,36),
(1585,5),
(1587,54),
(1590,56),
(1593,5),
(1597,5),
(1600,36),
(1602,15),
(1606,5),
(1609,5),
(1613,18),
(1616,5),
(1619,15),
(1621,5),
(1624,36),
(1626,15),
(1627,5),
(1631,76),
(1633,36),
(1634,5),
(1636,5),
(1639,56),
(1640,15),
(1643,5),
(1644,5),
(1646,5),
(1648,18),
(1651,26),
(1653,15),
(1655,5),
(1657,5),
(1658,5),
(1660,56),
(1662,18),
(1664,5),
(1667,36),
(1669,5),
(1672,5),
(1675,5),
(1676,56),
(1679,15),
(1682,5),
(1683,5),
(1685,5),
(1686,15),
(1688,5),
(1690,1),
(1692,5),
(1696,1);
-- *****************************************************************************
-- *****************************************************************************
SELECT * from comments_type;
INSERT INTO comments_type ( id, name) VALUES
(1, 'Комментарий'),(2, 'Цитата'),(3, 'Оглавление'),(4, 'Заметки');

-- *****************************************************************************
-- *****************************************************************************
SELECT * from comments;
INSERT INTO comments ( id_book, id_type, `text`) VALUES
(1518, 3,
'Install PHP & MySQL on Windows, Mac OS X, or Linux
Gain a thorough understanding of PHP syntax
Use object oriented programming techniques
Master database design principles and SQL
Develop robust websites that can handle high levels of traffic
Build a working content management system (CMS)
And much more!'),
(1518, 4,
'PHP & MySQL: Novice to Ninja, 6th Edition is a hands-on guide to learning all the tools, principles, and techniques needed to build a fully functional application using PHP & MySQL. Comprehensively updated to cover PHP 7 and modern best practice, this practical and fun book covers everything from installing PHP and MySQL through to creating a complete online content management system.'),
(1518, 1, '"PHP и MySQL. От новичка к профессионалу" - это практическое руководство, отличный помощник для всех, кто хочет заниматься созданием сайтов на основе базы данных. PHP— скриптовый язык программирования общего назначения, который в настоящее время поддерживается абсолютным большинством хостинг-провайдеров, является главным языком для создания динамических веб-сайтов. В новом издании бестселлера Янка, рассказывается, как с помощью языка PHP (который применяется в 20 миллионах сайтов по всему миру), разработать собственную систему для эффективного управления содержимым (CMS). Причем исключительно на основе бесплатного программного обеспечения.');



